date,nav,scheme_name,scheme_code
01-06-2026,103.0948,ICICI_Bluechip,120503
31-05-2026,104.3083,ICICI_Bluechip,120503
29-05-2026,104.3129,ICICI_Bluechip,120503
27-05-2026,105.9296,ICICI_Bluechip,120503
26-05-2026,105.5115,ICICI_Bluechip,120503
25-05-2026,105.9217,ICICI_Bluechip,120503
22-05-2026,104.7708,ICICI_Bluechip,120503
21-05-2026,104.4915,ICICI_Bluechip,120503
20-05-2026,104.6046,ICICI_Bluechip,120503
19-05-2026,104.2767,ICICI_Bluechip,120503
18-05-2026,104.1556,ICICI_Bluechip,120503
15-05-2026,104.2918,ICICI_Bluechip,120503
14-05-2026,104.5531,ICICI_Bluechip,120503
13-05-2026,103.396,ICICI_Bluechip,120503
12-05-2026,103.3384,ICICI_Bluechip,120503
11-05-2026,105.6066,ICICI_Bluechip,120503
08-05-2026,107.15,ICICI_Bluechip,120503
07-05-2026,107.6729,ICICI_Bluechip,120503
06-05-2026,107.3354,ICICI_Bluechip,120503
05-05-2026,105.8387,ICICI_Bluechip,120503
04-05-2026,105.7449,ICICI_Bluechip,120503
30-04-2026,105.2845,ICICI_Bluechip,120503
29-04-2026,106.0698,ICICI_Bluechip,120503
28-04-2026,105.6212,ICICI_Bluechip,120503
27-04-2026,106.0528,ICICI_Bluechip,120503
24-04-2026,105.0928,ICICI_Bluechip,120503
23-04-2026,106.1301,ICICI_Bluechip,120503
22-04-2026,106.8299,ICICI_Bluechip,120503
21-04-2026,107.2434,ICICI_Bluechip,120503
20-04-2026,106.2063,ICICI_Bluechip,120503
17-04-2026,105.9826,ICICI_Bluechip,120503
16-04-2026,105.117,ICICI_Bluechip,120503
15-04-2026,104.9259,ICICI_Bluechip,120503
13-04-2026,103.2303,ICICI_Bluechip,120503
10-04-2026,104.1348,ICICI_Bluechip,120503
09-04-2026,102.5494,ICICI_Bluechip,120503
08-04-2026,103.2833,ICICI_Bluechip,120503
07-04-2026,99.3876,ICICI_Bluechip,120503
06-04-2026,98.8014,ICICI_Bluechip,120503
02-04-2026,97.52,ICICI_Bluechip,120503
01-04-2026,97.7184,ICICI_Bluechip,120503
31-03-2026,96.2753,ICICI_Bluechip,120503
30-03-2026,96.2768,ICICI_Bluechip,120503
27-03-2026,98.6739,ICICI_Bluechip,120503
25-03-2026,100.7319,ICICI_Bluechip,120503
24-03-2026,98.6597,ICICI_Bluechip,120503
23-03-2026,96.713,ICICI_Bluechip,120503
20-03-2026,99.6142,ICICI_Bluechip,120503
19-03-2026,99.1597,ICICI_Bluechip,120503
18-03-2026,102.4592,ICICI_Bluechip,120503
17-03-2026,101.2496,ICICI_Bluechip,120503
16-03-2026,100.396,ICICI_Bluechip,120503
13-03-2026,99.7111,ICICI_Bluechip,120503
12-03-2026,101.9718,ICICI_Bluechip,120503
11-03-2026,102.9776,ICICI_Bluechip,120503
10-03-2026,104.7593,ICICI_Bluechip,120503
09-03-2026,103.3882,ICICI_Bluechip,120503
06-03-2026,105.405,ICICI_Bluechip,120503
05-03-2026,106.7297,ICICI_Bluechip,120503
04-03-2026,105.4928,ICICI_Bluechip,120503
02-03-2026,107.5231,ICICI_Bluechip,120503
28-02-2026,108.9325,ICICI_Bluechip,120503
27-02-2026,108.9345,ICICI_Bluechip,120503
26-02-2026,110.2945,ICICI_Bluechip,120503
25-02-2026,109.9293,ICICI_Bluechip,120503
24-02-2026,109.3681,ICICI_Bluechip,120503
23-02-2026,110.291,ICICI_Bluechip,120503
20-02-2026,109.5273,ICICI_Bluechip,120503
19-02-2026,109.0091,ICICI_Bluechip,120503
18-02-2026,110.6303,ICICI_Bluechip,120503
17-02-2026,110.0806,ICICI_Bluechip,120503
16-02-2026,109.8444,ICICI_Bluechip,120503
13-02-2026,109.3409,ICICI_Bluechip,120503
12-02-2026,110.5365,ICICI_Bluechip,120503
11-02-2026,110.8392,ICICI_Bluechip,120503
10-02-2026,110.6519,ICICI_Bluechip,120503
09-02-2026,110.3845,ICICI_Bluechip,120503
06-02-2026,109.1756,ICICI_Bluechip,120503
05-02-2026,109.0137,ICICI_Bluechip,120503
04-02-2026,109.288,ICICI_Bluechip,120503
03-02-2026,109.0955,ICICI_Bluechip,120503
02-02-2026,106.1596,ICICI_Bluechip,120503
31-01-2026,107.1897,ICICI_Bluechip,120503
30-01-2026,107.1918,ICICI_Bluechip,120503
29-01-2026,107.1759,ICICI_Bluechip,120503
28-01-2026,107.0296,ICICI_Bluechip,120503
27-01-2026,105.945,ICICI_Bluechip,120503
23-01-2026,105.7171,ICICI_Bluechip,120503
22-01-2026,106.8714,ICICI_Bluechip,120503
21-01-2026,106.0731,ICICI_Bluechip,120503
20-01-2026,106.5056,ICICI_Bluechip,120503
19-01-2026,108.3617,ICICI_Bluechip,120503
16-01-2026,108.6446,ICICI_Bluechip,120503
14-01-2026,108.5048,ICICI_Bluechip,120503
13-01-2026,108.8425,ICICI_Bluechip,120503
12-01-2026,108.8931,ICICI_Bluechip,120503
09-01-2026,108.8498,ICICI_Bluechip,120503
08-01-2026,110.0573,ICICI_Bluechip,120503
07-01-2026,111.3106,ICICI_Bluechip,120503
06-01-2026,111.2492,ICICI_Bluechip,120503
05-01-2026,111.1802,ICICI_Bluechip,120503
02-01-2026,111.5357,ICICI_Bluechip,120503
01-01-2026,110.5516,ICICI_Bluechip,120503
31-12-2025,110.2419,ICICI_Bluechip,120503
30-12-2025,109.5506,ICICI_Bluechip,120503
29-12-2025,109.8211,ICICI_Bluechip,120503
26-12-2025,110.2666,ICICI_Bluechip,120503
24-12-2025,110.6485,ICICI_Bluechip,120503
23-12-2025,110.852,ICICI_Bluechip,120503
22-12-2025,110.7862,ICICI_Bluechip,120503
19-12-2025,110.1534,ICICI_Bluechip,120503
18-12-2025,109.2532,ICICI_Bluechip,120503
17-12-2025,109.3091,ICICI_Bluechip,120503
16-12-2025,109.7392,ICICI_Bluechip,120503
15-12-2025,110.3582,ICICI_Bluechip,120503
12-12-2025,110.519,ICICI_Bluechip,120503
11-12-2025,109.7762,ICICI_Bluechip,120503
10-12-2025,109.0886,ICICI_Bluechip,120503
09-12-2025,109.7035,ICICI_Bluechip,120503
08-12-2025,109.6141,ICICI_Bluechip,120503
05-12-2025,111.1487,ICICI_Bluechip,120503
04-12-2025,110.8486,ICICI_Bluechip,120503
03-12-2025,110.7813,ICICI_Bluechip,120503
02-12-2025,111.2677,ICICI_Bluechip,120503
01-12-2025,111.6365,ICICI_Bluechip,120503
30-11-2025,111.8311,ICICI_Bluechip,120503
28-11-2025,111.8357,ICICI_Bluechip,120503
27-11-2025,111.8115,ICICI_Bluechip,120503
26-11-2025,111.8355,ICICI_Bluechip,120503
25-11-2025,110.5608,ICICI_Bluechip,120503
24-11-2025,110.661,ICICI_Bluechip,120503
21-11-2025,111.1918,ICICI_Bluechip,120503
20-11-2025,112.0795,ICICI_Bluechip,120503
19-11-2025,111.7018,ICICI_Bluechip,120503
18-11-2025,111.1769,ICICI_Bluechip,120503
17-11-2025,111.7933,ICICI_Bluechip,120503
14-11-2025,111.2034,ICICI_Bluechip,120503
13-11-2025,111.4226,ICICI_Bluechip,120503
12-11-2025,111.5788,ICICI_Bluechip,120503
11-11-2025,111.1622,ICICI_Bluechip,120503
10-11-2025,110.9776,ICICI_Bluechip,120503
07-11-2025,110.4431,ICICI_Bluechip,120503
06-11-2025,110.4409,ICICI_Bluechip,120503
04-11-2025,111.4046,ICICI_Bluechip,120503
03-11-2025,111.7992,ICICI_Bluechip,120503
31-10-2025,111.0948,ICICI_Bluechip,120503
30-10-2025,111.8699,ICICI_Bluechip,120503
29-10-2025,112.4068,ICICI_Bluechip,120503
28-10-2025,111.9031,ICICI_Bluechip,120503
27-10-2025,112.2705,ICICI_Bluechip,120503
24-10-2025,111.6549,ICICI_Bluechip,120503
23-10-2025,111.8587,ICICI_Bluechip,120503
20-10-2025,111.9025,ICICI_Bluechip,120503
17-10-2025,111.7489,ICICI_Bluechip,120503
16-10-2025,111.5399,ICICI_Bluechip,120503
15-10-2025,110.7365,ICICI_Bluechip,120503
14-10-2025,109.6634,ICICI_Bluechip,120503
13-10-2025,109.9552,ICICI_Bluechip,120503
10-10-2025,109.959,ICICI_Bluechip,120503
09-10-2025,109.5882,ICICI_Bluechip,120503
08-10-2025,109.065,ICICI_Bluechip,120503
07-10-2025,109.3201,ICICI_Bluechip,120503
06-10-2025,108.9326,ICICI_Bluechip,120503
03-10-2025,108.1386,ICICI_Bluechip,120503
01-10-2025,107.8239,ICICI_Bluechip,120503
30-09-2025,107.3134,ICICI_Bluechip,120503
26-09-2025,107.2246,ICICI_Bluechip,120503
25-09-2025,108.9191,ICICI_Bluechip,120503
24-09-2025,109.7608,ICICI_Bluechip,120503
23-09-2025,110.3401,ICICI_Bluechip,120503
22-09-2025,110.7182,ICICI_Bluechip,120503
19-09-2025,111.231,ICICI_Bluechip,120503
18-09-2025,111.5335,ICICI_Bluechip,120503
17-09-2025,111.2323,ICICI_Bluechip,120503
16-09-2025,110.8008,ICICI_Bluechip,120503
15-09-2025,110.1522,ICICI_Bluechip,120503
12-09-2025,110.0814,ICICI_Bluechip,120503
11-09-2025,109.7409,ICICI_Bluechip,120503
10-09-2025,109.7209,ICICI_Bluechip,120503
09-09-2025,109.2062,ICICI_Bluechip,120503
08-09-2025,108.9657,ICICI_Bluechip,120503
05-09-2025,108.7583,ICICI_Bluechip,120503
04-09-2025,108.9265,ICICI_Bluechip,120503
03-09-2025,108.7666,ICICI_Bluechip,120503
02-09-2025,108.2047,ICICI_Bluechip,120503
01-09-2025,108.3462,ICICI_Bluechip,120503
31-08-2025,107.1217,ICICI_Bluechip,120503
29-08-2025,107.1259,ICICI_Bluechip,120503
28-08-2025,107.4756,ICICI_Bluechip,120503
26-08-2025,108.7132,ICICI_Bluechip,120503
25-08-2025,109.9294,ICICI_Bluechip,120503
22-08-2025,109.6513,ICICI_Bluechip,120503
21-08-2025,110.1151,ICICI_Bluechip,120503
20-08-2025,110.0113,ICICI_Bluechip,120503
19-08-2025,109.5723,ICICI_Bluechip,120503
18-08-2025,109.045,ICICI_Bluechip,120503
14-08-2025,107.8455,ICICI_Bluechip,120503
13-08-2025,107.7607,ICICI_Bluechip,120503
12-08-2025,106.9215,ICICI_Bluechip,120503
11-08-2025,107.3883,ICICI_Bluechip,120503
08-08-2025,106.5285,ICICI_Bluechip,120503
07-08-2025,107.8011,ICICI_Bluechip,120503
06-08-2025,107.5084,ICICI_Bluechip,120503
05-08-2025,108.0923,ICICI_Bluechip,120503
04-08-2025,108.1149,ICICI_Bluechip,120503
01-08-2025,107.3597,ICICI_Bluechip,120503
31-07-2025,108.4305,ICICI_Bluechip,120503
30-07-2025,108.8599,ICICI_Bluechip,120503
29-07-2025,108.5168,ICICI_Bluechip,120503
28-07-2025,107.8724,ICICI_Bluechip,120503
25-07-2025,108.763,ICICI_Bluechip,120503
24-07-2025,109.8416,ICICI_Bluechip,120503
23-07-2025,110.268,ICICI_Bluechip,120503
22-07-2025,109.7437,ICICI_Bluechip,120503
21-07-2025,109.7098,ICICI_Bluechip,120503
18-07-2025,108.78,ICICI_Bluechip,120503
17-07-2025,109.3117,ICICI_Bluechip,120503
16-07-2025,109.4752,ICICI_Bluechip,120503
15-07-2025,109.4895,ICICI_Bluechip,120503
14-07-2025,108.827,ICICI_Bluechip,120503
11-07-2025,108.6737,ICICI_Bluechip,120503
10-07-2025,109.7323,ICICI_Bluechip,120503
09-07-2025,110.2936,ICICI_Bluechip,120503
08-07-2025,110.1649,ICICI_Bluechip,120503
07-07-2025,109.9783,ICICI_Bluechip,120503
04-07-2025,110.133,ICICI_Bluechip,120503
03-07-2025,109.8742,ICICI_Bluechip,120503
02-07-2025,110.2267,ICICI_Bluechip,120503
01-07-2025,110.588,ICICI_Bluechip,120503
30-06-2025,110.6845,ICICI_Bluechip,120503
27-06-2025,110.74,ICICI_Bluechip,120503
26-06-2025,110.2355,ICICI_Bluechip,120503
25-06-2025,109.3692,ICICI_Bluechip,120503
24-06-2025,108.5319,ICICI_Bluechip,120503
23-06-2025,107.9543,ICICI_Bluechip,120503
20-06-2025,108.1514,ICICI_Bluechip,120503
19-06-2025,106.6482,ICICI_Bluechip,120503
18-06-2025,107.2775,ICICI_Bluechip,120503
17-06-2025,107.5374,ICICI_Bluechip,120503
16-06-2025,107.9842,ICICI_Bluechip,120503
13-06-2025,107.014,ICICI_Bluechip,120503
12-06-2025,107.5691,ICICI_Bluechip,120503
11-06-2025,108.7816,ICICI_Bluechip,120503
10-06-2025,108.8321,ICICI_Bluechip,120503
09-06-2025,108.9621,ICICI_Bluechip,120503
06-06-2025,108.4007,ICICI_Bluechip,120503
05-06-2025,107.5533,ICICI_Bluechip,120503
04-06-2025,107.0655,ICICI_Bluechip,120503
03-06-2025,106.5283,ICICI_Bluechip,120503
02-06-2025,107.0707,ICICI_Bluechip,120503
31-05-2025,106.9766,ICICI_Bluechip,120503
30-05-2025,106.9783,ICICI_Bluechip,120503
29-05-2025,107.1679,ICICI_Bluechip,120503
28-05-2025,106.7675,ICICI_Bluechip,120503
27-05-2025,107.03,ICICI_Bluechip,120503
26-05-2025,107.4818,ICICI_Bluechip,120503
23-05-2025,107.0146,ICICI_Bluechip,120503
22-05-2025,106.1852,ICICI_Bluechip,120503
21-05-2025,106.6077,ICICI_Bluechip,120503
20-05-2025,105.8304,ICICI_Bluechip,120503
19-05-2025,107.379,ICICI_Bluechip,120503
16-05-2025,107.4778,ICICI_Bluechip,120503
15-05-2025,107.2349,ICICI_Bluechip,120503
14-05-2025,106.0607,ICICI_Bluechip,120503
13-05-2025,105.499,ICICI_Bluechip,120503
12-05-2025,106.1881,ICICI_Bluechip,120503
09-05-2025,102.6314,ICICI_Bluechip,120503
08-05-2025,103.5049,ICICI_Bluechip,120503
07-05-2025,104.8398,ICICI_Bluechip,120503
06-05-2025,104.2762,ICICI_Bluechip,120503
05-05-2025,105.2187,ICICI_Bluechip,120503
02-05-2025,104.4724,ICICI_Bluechip,120503
30-04-2025,104.6451,ICICI_Bluechip,120503
29-04-2025,104.8552,ICICI_Bluechip,120503
28-04-2025,104.9692,ICICI_Bluechip,120503
25-04-2025,104.075,ICICI_Bluechip,120503
24-04-2025,105.5627,ICICI_Bluechip,120503
23-04-2025,105.8792,ICICI_Bluechip,120503
22-04-2025,105.2172,ICICI_Bluechip,120503
21-04-2025,104.8758,ICICI_Bluechip,120503
17-04-2025,103.6475,ICICI_Bluechip,120503
16-04-2025,102.318,ICICI_Bluechip,120503
15-04-2025,101.8933,ICICI_Bluechip,120503
11-04-2025,99.4468,ICICI_Bluechip,120503
09-04-2025,97.7243,ICICI_Bluechip,120503
08-04-2025,98.1202,ICICI_Bluechip,120503
07-04-2025,96.4224,ICICI_Bluechip,120503
04-04-2025,99.3327,ICICI_Bluechip,120503
03-04-2025,100.777,ICICI_Bluechip,120503
02-04-2025,101.0307,ICICI_Bluechip,120503
01-04-2025,100.0834,ICICI_Bluechip,120503
31-03-2025,101.5097,ICICI_Bluechip,120503
28-03-2025,101.5135,ICICI_Bluechip,120503
27-03-2025,101.9948,ICICI_Bluechip,120503
26-03-2025,101.5005,ICICI_Bluechip,120503
25-03-2025,102.1034,ICICI_Bluechip,120503
24-03-2025,102.5148,ICICI_Bluechip,120503
21-03-2025,101.6223,ICICI_Bluechip,120503
20-03-2025,100.6482,ICICI_Bluechip,120503
19-03-2025,99.6691,ICICI_Bluechip,120503
18-03-2025,98.7757,ICICI_Bluechip,120503
17-03-2025,96.9284,ICICI_Bluechip,120503
13-03-2025,96.1511,ICICI_Bluechip,120503
12-03-2025,96.5719,ICICI_Bluechip,120503
11-03-2025,96.6916,ICICI_Bluechip,120503
10-03-2025,96.3467,ICICI_Bluechip,120503
07-03-2025,97.102,ICICI_Bluechip,120503
06-03-2025,97.2896,ICICI_Bluechip,120503
05-03-2025,96.6508,ICICI_Bluechip,120503
04-03-2025,95.5268,ICICI_Bluechip,120503
03-03-2025,95.4362,ICICI_Bluechip,120503
28-02-2025,94.9501,ICICI_Bluechip,120503
27-02-2025,96.8975,ICICI_Bluechip,120503
25-02-2025,97.3105,ICICI_Bluechip,120503
24-02-2025,97.2366,ICICI_Bluechip,120503
21-02-2025,98.1576,ICICI_Bluechip,120503
20-02-2025,98.9287,ICICI_Bluechip,120503
19-02-2025,98.672,ICICI_Bluechip,120503
18-02-2025,98.3192,ICICI_Bluechip,120503
17-02-2025,98.3385,ICICI_Bluechip,120503
14-02-2025,98.4378,ICICI_Bluechip,120503
13-02-2025,99.6044,ICICI_Bluechip,120503
12-02-2025,99.4579,ICICI_Bluechip,120503
11-02-2025,99.5049,ICICI_Bluechip,120503
10-02-2025,101.4198,ICICI_Bluechip,120503
07-02-2025,102.7818,ICICI_Bluechip,120503
06-02-2025,102.6583,ICICI_Bluechip,120503
05-02-2025,103.119,ICICI_Bluechip,120503
04-02-2025,103.0829,ICICI_Bluechip,120503
03-02-2025,101.8419,ICICI_Bluechip,120503
31-01-2025,101.3764,ICICI_Bluechip,120503
30-01-2025,100.5817,ICICI_Bluechip,120503
29-01-2025,100.3048,ICICI_Bluechip,120503
28-01-2025,98.499,ICICI_Bluechip,120503
27-01-2025,98.2629,ICICI_Bluechip,120503
24-01-2025,99.8878,ICICI_Bluechip,120503
23-01-2025,100.7177,ICICI_Bluechip,120503
22-01-2025,99.589,ICICI_Bluechip,120503
21-01-2025,99.7482,ICICI_Bluechip,120503
20-01-2025,101.7412,ICICI_Bluechip,120503
17-01-2025,101.1868,ICICI_Bluechip,120503
16-01-2025,101.4904,ICICI_Bluechip,120503
15-01-2025,100.6352,ICICI_Bluechip,120503
14-01-2025,100.491,ICICI_Bluechip,120503
13-01-2025,99.3562,ICICI_Bluechip,120503
10-01-2025,102.1012,ICICI_Bluechip,120503
09-01-2025,103.1098,ICICI_Bluechip,120503
08-01-2025,103.8402,ICICI_Bluechip,120503
07-01-2025,104.7743,ICICI_Bluechip,120503
06-01-2025,104.6558,ICICI_Bluechip,120503
03-01-2025,106.6103,ICICI_Bluechip,120503
02-01-2025,107.1106,ICICI_Bluechip,120503
01-01-2025,105.2098,ICICI_Bluechip,120503
31-12-2024,104.8418,ICICI_Bluechip,120503
30-12-2024,104.8623,ICICI_Bluechip,120503
27-12-2024,105.0556,ICICI_Bluechip,120503
26-12-2024,104.9719,ICICI_Bluechip,120503
24-12-2024,104.7647,ICICI_Bluechip,120503
23-12-2024,104.9395,ICICI_Bluechip,120503
20-12-2024,104.3714,ICICI_Bluechip,120503
19-12-2024,106.5383,ICICI_Bluechip,120503
18-12-2024,107.2865,ICICI_Bluechip,120503
17-12-2024,107.6416,ICICI_Bluechip,120503
16-12-2024,108.7447,ICICI_Bluechip,120503
13-12-2024,108.8347,ICICI_Bluechip,120503
12-12-2024,108.5429,ICICI_Bluechip,120503
11-12-2024,108.7957,ICICI_Bluechip,120503
10-12-2024,108.5727,ICICI_Bluechip,120503
09-12-2024,108.3583,ICICI_Bluechip,120503
06-12-2024,108.4356,ICICI_Bluechip,120503
05-12-2024,108.3787,ICICI_Bluechip,120503
04-12-2024,107.6559,ICICI_Bluechip,120503
03-12-2024,107.207,ICICI_Bluechip,120503
02-12-2024,106.339,ICICI_Bluechip,120503
30-11-2024,105.2243,ICICI_Bluechip,120503
29-11-2024,105.2259,ICICI_Bluechip,120503
28-11-2024,104.5539,ICICI_Bluechip,120503
27-11-2024,105.5935,ICICI_Bluechip,120503
26-11-2024,105.3089,ICICI_Bluechip,120503
25-11-2024,105.6098,ICICI_Bluechip,120503
22-11-2024,104.0153,ICICI_Bluechip,120503
21-11-2024,102.6084,ICICI_Bluechip,120503
19-11-2024,102.9426,ICICI_Bluechip,120503
18-11-2024,102.287,ICICI_Bluechip,120503
14-11-2024,102.3533,ICICI_Bluechip,120503
13-11-2024,102.2523,ICICI_Bluechip,120503
12-11-2024,104.013,ICICI_Bluechip,120503
11-11-2024,105.1594,ICICI_Bluechip,120503
08-11-2024,105.3856,ICICI_Bluechip,120503
07-11-2024,105.9354,ICICI_Bluechip,120503
06-11-2024,106.7263,ICICI_Bluechip,120503
05-11-2024,104.9973,ICICI_Bluechip,120503
04-11-2024,104.8151,ICICI_Bluechip,120503
31-10-2024,105.222,ICICI_Bluechip,120503
30-10-2024,105.6041,ICICI_Bluechip,120503
29-10-2024,105.9613,ICICI_Bluechip,120503
28-10-2024,105.3964,ICICI_Bluechip,120503
25-10-2024,105.8433,ICICI_Bluechip,120503
24-10-2024,106.5309,ICICI_Bluechip,120503
23-10-2024,106.768,ICICI_Bluechip,120503
22-10-2024,106.4297,ICICI_Bluechip,120503
21-10-2024,108.0928,ICICI_Bluechip,120503
18-10-2024,108.7862,ICICI_Bluechip,120503
17-10-2024,108.5302,ICICI_Bluechip,120503
16-10-2024,110.0784,ICICI_Bluechip,120503
15-10-2024,110.569,ICICI_Bluechip,120503
14-10-2024,110.681,ICICI_Bluechip,120503
11-10-2024,110.2456,ICICI_Bluechip,120503
10-10-2024,110.2257,ICICI_Bluechip,120503
09-10-2024,110.5143,ICICI_Bluechip,120503
08-10-2024,109.2294,ICICI_Bluechip,120503
07-10-2024,107.8549,ICICI_Bluechip,120503
04-10-2024,109.2162,ICICI_Bluechip,120503
03-10-2024,110.1986,ICICI_Bluechip,120503
01-10-2024,112.3285,ICICI_Bluechip,120503
30-09-2024,112.3338,ICICI_Bluechip,120503
27-09-2024,113.6083,ICICI_Bluechip,120503
26-09-2024,113.6849,ICICI_Bluechip,120503
25-09-2024,113.1368,ICICI_Bluechip,120503
24-09-2024,113.5942,ICICI_Bluechip,120503
23-09-2024,113.547,ICICI_Bluechip,120503
20-09-2024,112.7908,ICICI_Bluechip,120503
19-09-2024,111.1788,ICICI_Bluechip,120503
18-09-2024,111.2418,ICICI_Bluechip,120503
17-09-2024,110.9778,ICICI_Bluechip,120503
16-09-2024,110.7179,ICICI_Bluechip,120503
13-09-2024,110.5442,ICICI_Bluechip,120503
12-09-2024,110.5163,ICICI_Bluechip,120503
11-09-2024,108.7761,ICICI_Bluechip,120503
10-09-2024,108.8255,ICICI_Bluechip,120503
09-09-2024,108.295,ICICI_Bluechip,120503
06-09-2024,108.1266,ICICI_Bluechip,120503
05-09-2024,108.8654,ICICI_Bluechip,120503
04-09-2024,108.8874,ICICI_Bluechip,120503
03-09-2024,108.8271,ICICI_Bluechip,120503
02-09-2024,108.9623,ICICI_Bluechip,120503
31-08-2024,108.8172,ICICI_Bluechip,120503
30-08-2024,108.8193,ICICI_Bluechip,120503
29-08-2024,107.8731,ICICI_Bluechip,120503
28-08-2024,107.8057,ICICI_Bluechip,120503
27-08-2024,107.7123,ICICI_Bluechip,120503
26-08-2024,107.2803,ICICI_Bluechip,120503
23-08-2024,106.6293,ICICI_Bluechip,120503
22-08-2024,106.7491,ICICI_Bluechip,120503
21-08-2024,106.4116,ICICI_Bluechip,120503
20-08-2024,106.4228,ICICI_Bluechip,120503
19-08-2024,105.1849,ICICI_Bluechip,120503
16-08-2024,105.3212,ICICI_Bluechip,120503
14-08-2024,103.5686,ICICI_Bluechip,120503
13-08-2024,103.6796,ICICI_Bluechip,120503
12-08-2024,104.7072,ICICI_Bluechip,120503
09-08-2024,105.1196,ICICI_Bluechip,120503
08-08-2024,104.0397,ICICI_Bluechip,120503
07-08-2024,104.7231,ICICI_Bluechip,120503
06-08-2024,102.7567,ICICI_Bluechip,120503
05-08-2024,103.3697,ICICI_Bluechip,120503
02-08-2024,106.2855,ICICI_Bluechip,120503
01-08-2024,106.8677,ICICI_Bluechip,120503
31-07-2024,107.2541,ICICI_Bluechip,120503
30-07-2024,106.1309,ICICI_Bluechip,120503
29-07-2024,106.152,ICICI_Bluechip,120503
26-07-2024,105.5663,ICICI_Bluechip,120503
25-07-2024,103.9297,ICICI_Bluechip,120503
24-07-2024,103.5237,ICICI_Bluechip,120503
23-07-2024,103.4111,ICICI_Bluechip,120503
22-07-2024,103.7408,ICICI_Bluechip,120503
19-07-2024,103.1529,ICICI_Bluechip,120503
18-07-2024,104.7371,ICICI_Bluechip,120503
16-07-2024,104.2689,ICICI_Bluechip,120503
15-07-2024,104.2503,ICICI_Bluechip,120503
12-07-2024,103.8648,ICICI_Bluechip,120503
11-07-2024,103.391,ICICI_Bluechip,120503
10-07-2024,103.6139,ICICI_Bluechip,120503
09-07-2024,103.826,ICICI_Bluechip,120503
08-07-2024,103.2534,ICICI_Bluechip,120503
05-07-2024,103.8188,ICICI_Bluechip,120503
04-07-2024,103.5511,ICICI_Bluechip,120503
03-07-2024,103.5393,ICICI_Bluechip,120503
02-07-2024,102.868,ICICI_Bluechip,120503
01-07-2024,103.1944,ICICI_Bluechip,120503
28-06-2024,102.6191,ICICI_Bluechip,120503
27-06-2024,103.0033,ICICI_Bluechip,120503
26-06-2024,102.4418,ICICI_Bluechip,120503
25-06-2024,102.2506,ICICI_Bluechip,120503
24-06-2024,101.9085,ICICI_Bluechip,120503
21-06-2024,101.2079,ICICI_Bluechip,120503
20-06-2024,101.8546,ICICI_Bluechip,120503
19-06-2024,101.7992,ICICI_Bluechip,120503
18-06-2024,102.2403,ICICI_Bluechip,120503
14-06-2024,101.7146,ICICI_Bluechip,120503
13-06-2024,101.0481,ICICI_Bluechip,120503
12-06-2024,100.2724,ICICI_Bluechip,120503
11-06-2024,99.8719,ICICI_Bluechip,120503
10-06-2024,99.7429,ICICI_Bluechip,120503
07-06-2024,99.5188,ICICI_Bluechip,120503
06-06-2024,97.7973,ICICI_Bluechip,120503
05-06-2024,97.1538,ICICI_Bluechip,120503
04-06-2024,93.8529,ICICI_Bluechip,120503
03-06-2024,97.572,ICICI_Bluechip,120503
31-05-2024,95.3435,ICICI_Bluechip,120503
30-05-2024,95.26,ICICI_Bluechip,120503
29-05-2024,96.422,ICICI_Bluechip,120503
28-05-2024,96.9662,ICICI_Bluechip,120503
27-05-2024,97.2496,ICICI_Bluechip,120503
24-05-2024,97.1641,ICICI_Bluechip,120503
23-05-2024,97.6268,ICICI_Bluechip,120503
22-05-2024,96.6311,ICICI_Bluechip,120503
21-05-2024,96.6377,ICICI_Bluechip,120503
17-05-2024,96.5667,ICICI_Bluechip,120503
16-05-2024,95.8039,ICICI_Bluechip,120503
15-05-2024,95.3403,ICICI_Bluechip,120503
14-05-2024,95.0867,ICICI_Bluechip,120503
13-05-2024,94.9181,ICICI_Bluechip,120503
10-05-2024,94.944,ICICI_Bluechip,120503
09-05-2024,94.1648,ICICI_Bluechip,120503
08-05-2024,95.1781,ICICI_Bluechip,120503
07-05-2024,95.2615,ICICI_Bluechip,120503
06-05-2024,96.1226,ICICI_Bluechip,120503
03-05-2024,96.2268,ICICI_Bluechip,120503
02-05-2024,96.6825,ICICI_Bluechip,120503
30-04-2024,96.3277,ICICI_Bluechip,120503
29-04-2024,96.2744,ICICI_Bluechip,120503
26-04-2024,95.5204,ICICI_Bluechip,120503
25-04-2024,96.2399,ICICI_Bluechip,120503
24-04-2024,96.3725,ICICI_Bluechip,120503
23-04-2024,95.9438,ICICI_Bluechip,120503
22-04-2024,95.5704,ICICI_Bluechip,120503
19-04-2024,95.0403,ICICI_Bluechip,120503
18-04-2024,94.7785,ICICI_Bluechip,120503
16-04-2024,95.2528,ICICI_Bluechip,120503
15-04-2024,95.7903,ICICI_Bluechip,120503
12-04-2024,97.352,ICICI_Bluechip,120503
10-04-2024,97.6149,ICICI_Bluechip,120503
09-04-2024,97.5888,ICICI_Bluechip,120503
08-04-2024,97.5362,ICICI_Bluechip,120503
05-04-2024,96.6215,ICICI_Bluechip,120503
04-04-2024,96.4476,ICICI_Bluechip,120503
03-04-2024,95.9101,ICICI_Bluechip,120503
02-04-2024,95.7608,ICICI_Bluechip,120503
01-04-2024,95.504,ICICI_Bluechip,120503
31-03-2024,94.7314,ICICI_Bluechip,120503
28-03-2024,94.7358,ICICI_Bluechip,120503
27-03-2024,93.9876,ICICI_Bluechip,120503
26-03-2024,93.5808,ICICI_Bluechip,120503
22-03-2024,92.3497,ICICI_Bluechip,120503
21-03-2024,91.6362,ICICI_Bluechip,120503
20-03-2024,90.1357,ICICI_Bluechip,120503
19-03-2024,90.1635,ICICI_Bluechip,120503
18-03-2024,90.5286,ICICI_Bluechip,120503
15-03-2024,90.1664,ICICI_Bluechip,120503
14-03-2024,90.2709,ICICI_Bluechip,120503
13-03-2024,89.3397,ICICI_Bluechip,120503
12-03-2024,91.1882,ICICI_Bluechip,120503
11-03-2024,91.2347,ICICI_Bluechip,120503
07-03-2024,90.9543,ICICI_Bluechip,120503
06-03-2024,90.5435,ICICI_Bluechip,120503
05-03-2024,90.0501,ICICI_Bluechip,120503
04-03-2024,90.746,ICICI_Bluechip,120503
01-03-2024,90.8589,ICICI_Bluechip,120503
29-02-2024,89.9973,ICICI_Bluechip,120503
28-02-2024,89.799,ICICI_Bluechip,120503
27-02-2024,90.9648,ICICI_Bluechip,120503
26-02-2024,90.4475,ICICI_Bluechip,120503
23-02-2024,91.0211,ICICI_Bluechip,120503
22-02-2024,90.5233,ICICI_Bluechip,120503
21-02-2024,89.9277,ICICI_Bluechip,120503
20-02-2024,90.5408,ICICI_Bluechip,120503
19-02-2024,90.4864,ICICI_Bluechip,120503
16-02-2024,89.9501,ICICI_Bluechip,120503
15-02-2024,89.2836,ICICI_Bluechip,120503
14-02-2024,88.6018,ICICI_Bluechip,120503
13-02-2024,88.5891,ICICI_Bluechip,120503
12-02-2024,88.4978,ICICI_Bluechip,120503
09-02-2024,88.9904,ICICI_Bluechip,120503
08-02-2024,88.8906,ICICI_Bluechip,120503
07-02-2024,89.1219,ICICI_Bluechip,120503
06-02-2024,88.8898,ICICI_Bluechip,120503
05-02-2024,87.9175,ICICI_Bluechip,120503
02-02-2024,88.0783,ICICI_Bluechip,120503
01-02-2024,87.5274,ICICI_Bluechip,120503
31-01-2024,87.6883,ICICI_Bluechip,120503
30-01-2024,86.7464,ICICI_Bluechip,120503
29-01-2024,87.625,ICICI_Bluechip,120503
25-01-2024,86.7929,ICICI_Bluechip,120503
24-01-2024,87.1611,ICICI_Bluechip,120503
23-01-2024,86.1726,ICICI_Bluechip,120503
19-01-2024,87.7628,ICICI_Bluechip,120503
18-01-2024,87.3317,ICICI_Bluechip,120503
17-01-2024,87.7973,ICICI_Bluechip,120503
16-01-2024,89.0802,ICICI_Bluechip,120503
15-01-2024,89.4426,ICICI_Bluechip,120503
12-01-2024,89.2661,ICICI_Bluechip,120503
11-01-2024,88.8697,ICICI_Bluechip,120503
10-01-2024,88.6949,ICICI_Bluechip,120503
09-01-2024,88.7379,ICICI_Bluechip,120503
08-01-2024,88.4806,ICICI_Bluechip,120503
05-01-2024,89.3931,ICICI_Bluechip,120503
04-01-2024,89.3141,ICICI_Bluechip,120503
03-01-2024,88.276,ICICI_Bluechip,120503
02-01-2024,88.7896,ICICI_Bluechip,120503
01-01-2024,88.5872,ICICI_Bluechip,120503
29-12-2023,88.6224,ICICI_Bluechip,120503
28-12-2023,88.2002,ICICI_Bluechip,120503
27-12-2023,87.8865,ICICI_Bluechip,120503
26-12-2023,87.1531,ICICI_Bluechip,120503
22-12-2023,86.9823,ICICI_Bluechip,120503
21-12-2023,86.3297,ICICI_Bluechip,120503
20-12-2023,85.8692,ICICI_Bluechip,120503
19-12-2023,87.7026,ICICI_Bluechip,120503
18-12-2023,87.7642,ICICI_Bluechip,120503
15-12-2023,87.4489,ICICI_Bluechip,120503
14-12-2023,86.9194,ICICI_Bluechip,120503
13-12-2023,85.5812,ICICI_Bluechip,120503
12-12-2023,85.7571,ICICI_Bluechip,120503
11-12-2023,86.2758,ICICI_Bluechip,120503
08-12-2023,85.9606,ICICI_Bluechip,120503
07-12-2023,86.3885,ICICI_Bluechip,120503
06-12-2023,86.0435,ICICI_Bluechip,120503
05-12-2023,85.591,ICICI_Bluechip,120503
04-12-2023,85.3715,ICICI_Bluechip,120503
01-12-2023,84.5496,ICICI_Bluechip,120503
30-11-2023,84.2614,ICICI_Bluechip,120503
29-11-2023,83.5921,ICICI_Bluechip,120503
28-11-2023,82.5944,ICICI_Bluechip,120503
24-11-2023,82.1289,ICICI_Bluechip,120503
23-11-2023,82.3248,ICICI_Bluechip,120503
22-11-2023,82.7354,ICICI_Bluechip,120503
21-11-2023,82.3562,ICICI_Bluechip,120503
20-11-2023,82.2374,ICICI_Bluechip,120503
17-11-2023,82.6567,ICICI_Bluechip,120503
16-11-2023,82.5266,ICICI_Bluechip,120503
15-11-2023,81.9033,ICICI_Bluechip,120503
13-11-2023,81.1712,ICICI_Bluechip,120503
10-11-2023,81.0978,ICICI_Bluechip,120503
09-11-2023,80.9422,ICICI_Bluechip,120503
08-11-2023,80.8372,ICICI_Bluechip,120503
07-11-2023,80.4516,ICICI_Bluechip,120503
06-11-2023,80.2539,ICICI_Bluechip,120503
03-11-2023,79.4676,ICICI_Bluechip,120503
02-11-2023,79.0811,ICICI_Bluechip,120503
01-11-2023,78.4438,ICICI_Bluechip,120503
31-10-2023,78.7876,ICICI_Bluechip,120503
30-10-2023,78.6548,ICICI_Bluechip,120503
27-10-2023,78.5618,ICICI_Bluechip,120503
26-10-2023,77.8286,ICICI_Bluechip,120503
25-10-2023,78.9728,ICICI_Bluechip,120503
23-10-2023,79.3914,ICICI_Bluechip,120503
20-10-2023,80.6656,ICICI_Bluechip,120503
19-10-2023,80.7616,ICICI_Bluechip,120503
18-10-2023,81.0883,ICICI_Bluechip,120503
17-10-2023,81.6217,ICICI_Bluechip,120503
16-10-2023,81.4291,ICICI_Bluechip,120503
13-10-2023,81.8571,ICICI_Bluechip,120503
12-10-2023,81.5568,ICICI_Bluechip,120503
11-10-2023,81.9337,ICICI_Bluechip,120503
10-10-2023,81.3312,ICICI_Bluechip,120503
09-10-2023,80.6672,ICICI_Bluechip,120503
06-10-2023,81.281,ICICI_Bluechip,120503
05-10-2023,80.5885,ICICI_Bluechip,120503
04-10-2023,80.1873,ICICI_Bluechip,120503
03-10-2023,80.4898,ICICI_Bluechip,120503
29-09-2023,80.2623,ICICI_Bluechip,120503
27-09-2023,80.9407,ICICI_Bluechip,120503
26-09-2023,80.8138,ICICI_Bluechip,120503
25-09-2023,80.5412,ICICI_Bluechip,120503
22-09-2023,80.1359,ICICI_Bluechip,120503
21-09-2023,80.4578,ICICI_Bluechip,120503
20-09-2023,81.0945,ICICI_Bluechip,120503
18-09-2023,81.6682,ICICI_Bluechip,120503
15-09-2023,81.6974,ICICI_Bluechip,120503
14-09-2023,81.4094,ICICI_Bluechip,120503
13-09-2023,80.88,ICICI_Bluechip,120503
12-09-2023,80.9115,ICICI_Bluechip,120503
11-09-2023,81.2572,ICICI_Bluechip,120503
08-09-2023,80.6406,ICICI_Bluechip,120503
07-09-2023,80.2445,ICICI_Bluechip,120503
06-09-2023,79.9096,ICICI_Bluechip,120503
05-09-2023,79.6322,ICICI_Bluechip,120503
04-09-2023,79.2103,ICICI_Bluechip,120503
01-09-2023,78.7931,ICICI_Bluechip,120503
31-08-2023,78.33,ICICI_Bluechip,120503
30-08-2023,78.8146,ICICI_Bluechip,120503
29-08-2023,78.4579,ICICI_Bluechip,120503
28-08-2023,77.9343,ICICI_Bluechip,120503
25-08-2023,77.7906,ICICI_Bluechip,120503
24-08-2023,77.9647,ICICI_Bluechip,120503
23-08-2023,77.7681,ICICI_Bluechip,120503
22-08-2023,77.6152,ICICI_Bluechip,120503
21-08-2023,77.3089,ICICI_Bluechip,120503
18-08-2023,76.6833,ICICI_Bluechip,120503
17-08-2023,77.1435,ICICI_Bluechip,120503
16-08-2023,77.5465,ICICI_Bluechip,120503
14-08-2023,77.6284,ICICI_Bluechip,120503
11-08-2023,78.0866,ICICI_Bluechip,120503
10-08-2023,78.8457,ICICI_Bluechip,120503
09-08-2023,79.1715,ICICI_Bluechip,120503
08-08-2023,79.3359,ICICI_Bluechip,120503
07-08-2023,79.6001,ICICI_Bluechip,120503
04-08-2023,79.4055,ICICI_Bluechip,120503
03-08-2023,78.6486,ICICI_Bluechip,120503
02-08-2023,79.1648,ICICI_Bluechip,120503
01-08-2023,79.8018,ICICI_Bluechip,120503
31-07-2023,79.6969,ICICI_Bluechip,120503
28-07-2023,79.5813,ICICI_Bluechip,120503
27-07-2023,79.2279,ICICI_Bluechip,120503
26-07-2023,79.7424,ICICI_Bluechip,120503
25-07-2023,79.7352,ICICI_Bluechip,120503
24-07-2023,79.672,ICICI_Bluechip,120503
21-07-2023,79.9104,ICICI_Bluechip,120503
20-07-2023,80.242,ICICI_Bluechip,120503
19-07-2023,80.4138,ICICI_Bluechip,120503
18-07-2023,79.8305,ICICI_Bluechip,120503
17-07-2023,80.1899,ICICI_Bluechip,120503
14-07-2023,80.2997,ICICI_Bluechip,120503
13-07-2023,79.508,ICICI_Bluechip,120503
12-07-2023,79.3202,ICICI_Bluechip,120503
11-07-2023,79.1498,ICICI_Bluechip,120503
10-07-2023,78.8891,ICICI_Bluechip,120503
07-07-2023,79.6889,ICICI_Bluechip,120503
06-07-2023,80.3788,ICICI_Bluechip,120503
05-07-2023,79.9962,ICICI_Bluechip,120503
04-07-2023,79.7879,ICICI_Bluechip,120503
03-07-2023,79.1417,ICICI_Bluechip,120503
30-06-2023,79.0815,ICICI_Bluechip,120503
28-06-2023,78.6424,ICICI_Bluechip,120503
27-06-2023,78.1501,ICICI_Bluechip,120503
26-06-2023,77.8,ICICI_Bluechip,120503
23-06-2023,77.6483,ICICI_Bluechip,120503
22-06-2023,78.3375,ICICI_Bluechip,120503
21-06-2023,79.2999,ICICI_Bluechip,120503
20-06-2023,79.259,ICICI_Bluechip,120503
19-06-2023,79.3349,ICICI_Bluechip,120503
16-06-2023,79.3826,ICICI_Bluechip,120503
15-06-2023,78.5273,ICICI_Bluechip,120503
14-06-2023,77.9651,ICICI_Bluechip,120503
13-06-2023,77.9565,ICICI_Bluechip,120503
12-06-2023,77.4286,ICICI_Bluechip,120503
09-06-2023,76.9204,ICICI_Bluechip,120503
08-06-2023,76.8357,ICICI_Bluechip,120503
07-06-2023,77.6009,ICICI_Bluechip,120503
06-06-2023,76.5604,ICICI_Bluechip,120503
05-06-2023,76.1444,ICICI_Bluechip,120503
02-06-2023,76.1186,ICICI_Bluechip,120503
01-06-2023,75.9464,ICICI_Bluechip,120503
31-05-2023,75.5768,ICICI_Bluechip,120503
30-05-2023,75.6253,ICICI_Bluechip,120503
29-05-2023,75.5785,ICICI_Bluechip,120503
26-05-2023,75.2549,ICICI_Bluechip,120503
25-05-2023,74.2147,ICICI_Bluechip,120503
24-05-2023,73.9094,ICICI_Bluechip,120503
23-05-2023,74.1111,ICICI_Bluechip,120503
22-05-2023,73.7622,ICICI_Bluechip,120503
19-05-2023,73.2915,ICICI_Bluechip,120503
18-05-2023,73.0567,ICICI_Bluechip,120503
17-05-2023,73.2558,ICICI_Bluechip,120503
16-05-2023,73.873,ICICI_Bluechip,120503
15-05-2023,73.9206,ICICI_Bluechip,120503
12-05-2023,74.2078,ICICI_Bluechip,120503
11-05-2023,74.2638,ICICI_Bluechip,120503
10-05-2023,74.1124,ICICI_Bluechip,120503
09-05-2023,73.7085,ICICI_Bluechip,120503
08-05-2023,73.7065,ICICI_Bluechip,120503
05-05-2023,72.7981,ICICI_Bluechip,120503
04-05-2023,72.9185,ICICI_Bluechip,120503
03-05-2023,72.0198,ICICI_Bluechip,120503
02-05-2023,71.9451,ICICI_Bluechip,120503
28-04-2023,71.9798,ICICI_Bluechip,120503
27-04-2023,70.8328,ICICI_Bluechip,120503
26-04-2023,70.2651,ICICI_Bluechip,120503
25-04-2023,70.2622,ICICI_Bluechip,120503
24-04-2023,70.1351,ICICI_Bluechip,120503
21-04-2023,70.0472,ICICI_Bluechip,120503
20-04-2023,69.884,ICICI_Bluechip,120503
19-04-2023,70.0991,ICICI_Bluechip,120503
18-04-2023,70.2852,ICICI_Bluechip,120503
17-04-2023,69.9252,ICICI_Bluechip,120503
13-04-2023,70.0008,ICICI_Bluechip,120503
12-04-2023,69.8881,ICICI_Bluechip,120503
11-04-2023,69.4778,ICICI_Bluechip,120503
10-04-2023,68.8753,ICICI_Bluechip,120503
06-04-2023,69.073,ICICI_Bluechip,120503
05-04-2023,68.808,ICICI_Bluechip,120503
03-04-2023,68.1351,ICICI_Bluechip,120503
31-03-2023,67.5488,ICICI_Bluechip,120503
29-03-2023,66.7265,ICICI_Bluechip,120503
28-03-2023,65.9999,ICICI_Bluechip,120503
27-03-2023,66.0237,ICICI_Bluechip,120503
24-03-2023,66.2364,ICICI_Bluechip,120503
23-03-2023,66.7888,ICICI_Bluechip,120503
22-03-2023,66.8934,ICICI_Bluechip,120503
21-03-2023,66.5076,ICICI_Bluechip,120503
20-03-2023,66.3291,ICICI_Bluechip,120503
17-03-2023,66.8784,ICICI_Bluechip,120503
16-03-2023,66.6861,ICICI_Bluechip,120503
15-03-2023,66.4041,ICICI_Bluechip,120503
14-03-2023,66.4865,ICICI_Bluechip,120503
13-03-2023,67.0393,ICICI_Bluechip,120503
10-03-2023,67.9665,ICICI_Bluechip,120503
09-03-2023,68.4496,ICICI_Bluechip,120503
08-03-2023,69.0308,ICICI_Bluechip,120503
06-03-2023,69.1585,ICICI_Bluechip,120503
03-03-2023,68.7209,ICICI_Bluechip,120503
02-03-2023,68.5425,ICICI_Bluechip,120503
01-03-2023,68.9211,ICICI_Bluechip,120503
28-02-2023,68.3805,ICICI_Bluechip,120503
27-02-2023,68.4824,ICICI_Bluechip,120503
24-02-2023,68.7126,ICICI_Bluechip,120503
23-02-2023,68.7063,ICICI_Bluechip,120503
22-02-2023,68.9248,ICICI_Bluechip,120503
21-02-2023,69.9427,ICICI_Bluechip,120503
20-02-2023,69.9459,ICICI_Bluechip,120503
17-02-2023,70.0019,ICICI_Bluechip,120503
16-02-2023,70.5816,ICICI_Bluechip,120503
15-02-2023,70.0632,ICICI_Bluechip,120503
14-02-2023,69.1866,ICICI_Bluechip,120503
13-02-2023,68.9661,ICICI_Bluechip,120503
10-02-2023,69.8154,ICICI_Bluechip,120503
09-02-2023,69.8143,ICICI_Bluechip,120503
08-02-2023,69.6656,ICICI_Bluechip,120503
07-02-2023,68.8848,ICICI_Bluechip,120503
06-02-2023,68.7995,ICICI_Bluechip,120503
03-02-2023,68.936,ICICI_Bluechip,120503
02-02-2023,68.5272,ICICI_Bluechip,120503
01-02-2023,68.5751,ICICI_Bluechip,120503
31-01-2023,68.3442,ICICI_Bluechip,120503
30-01-2023,68.4819,ICICI_Bluechip,120503
27-01-2023,68.0593,ICICI_Bluechip,120503
25-01-2023,68.4487,ICICI_Bluechip,120503
24-01-2023,69.2382,ICICI_Bluechip,120503
23-01-2023,69.3624,ICICI_Bluechip,120503
20-01-2023,69.0239,ICICI_Bluechip,120503
19-01-2023,69.4972,ICICI_Bluechip,120503
18-01-2023,70.0482,ICICI_Bluechip,120503
17-01-2023,69.8692,ICICI_Bluechip,120503
16-01-2023,69.659,ICICI_Bluechip,120503
13-01-2023,70.263,ICICI_Bluechip,120503
12-01-2023,70.1017,ICICI_Bluechip,120503
11-01-2023,70.0302,ICICI_Bluechip,120503
10-01-2023,70.3295,ICICI_Bluechip,120503
09-01-2023,70.68,ICICI_Bluechip,120503
06-01-2023,70.0052,ICICI_Bluechip,120503
05-01-2023,70.7817,ICICI_Bluechip,120503
04-01-2023,71.6233,ICICI_Bluechip,120503
03-01-2023,72.4388,ICICI_Bluechip,120503
02-01-2023,72.1487,ICICI_Bluechip,120503
30-12-2022,72.1133,ICICI_Bluechip,120503
29-12-2022,72.326,ICICI_Bluechip,120503
28-12-2022,72.239,ICICI_Bluechip,120503
27-12-2022,72.2696,ICICI_Bluechip,120503
26-12-2022,71.8064,ICICI_Bluechip,120503
23-12-2022,70.9687,ICICI_Bluechip,120503
22-12-2022,72.4265,ICICI_Bluechip,120503
21-12-2022,72.9939,ICICI_Bluechip,120503
20-12-2022,73.6085,ICICI_Bluechip,120503
19-12-2022,73.7565,ICICI_Bluechip,120503
16-12-2022,73.0535,ICICI_Bluechip,120503
15-12-2022,74.0003,ICICI_Bluechip,120503
14-12-2022,74.7981,ICICI_Bluechip,120503
13-12-2022,74.2943,ICICI_Bluechip,120503
12-12-2022,73.8144,ICICI_Bluechip,120503
09-12-2022,73.7258,ICICI_Bluechip,120503
08-12-2022,74.0809,ICICI_Bluechip,120503
07-12-2022,74.2084,ICICI_Bluechip,120503
06-12-2022,74.5749,ICICI_Bluechip,120503
05-12-2022,74.5897,ICICI_Bluechip,120503
02-12-2022,74.5548,ICICI_Bluechip,120503
01-12-2022,74.7124,ICICI_Bluechip,120503
30-11-2022,74.3607,ICICI_Bluechip,120503
29-11-2022,73.8042,ICICI_Bluechip,120503
28-11-2022,73.7588,ICICI_Bluechip,120503
25-11-2022,73.4058,ICICI_Bluechip,120503
24-11-2022,73.4842,ICICI_Bluechip,120503
23-11-2022,73.0808,ICICI_Bluechip,120503
22-11-2022,72.8393,ICICI_Bluechip,120503
21-11-2022,72.5227,ICICI_Bluechip,120503
18-11-2022,73.0331,ICICI_Bluechip,120503
17-11-2022,73.3032,ICICI_Bluechip,120503
16-11-2022,73.9799,ICICI_Bluechip,120503
15-11-2022,74.2266,ICICI_Bluechip,120503
14-11-2022,74.4336,ICICI_Bluechip,120503
11-11-2022,74.2379,ICICI_Bluechip,120503
10-11-2022,73.2877,ICICI_Bluechip,120503
09-11-2022,74.0695,ICICI_Bluechip,120503
07-11-2022,74.3683,ICICI_Bluechip,120503
04-11-2022,74.6355,ICICI_Bluechip,120503
03-11-2022,74.4512,ICICI_Bluechip,120503
02-11-2022,74.5626,ICICI_Bluechip,120503
01-11-2022,74.829,ICICI_Bluechip,120503
31-10-2022,73.9984,ICICI_Bluechip,120503
28-10-2022,73.0108,ICICI_Bluechip,120503
27-10-2022,73.0833,ICICI_Bluechip,120503
25-10-2022,73.2124,ICICI_Bluechip,120503
21-10-2022,73.1574,ICICI_Bluechip,120503
20-10-2022,74.0023,ICICI_Bluechip,120503
19-10-2022,73.525,ICICI_Bluechip,120503
18-10-2022,73.3122,ICICI_Bluechip,120503
17-10-2022,72.939,ICICI_Bluechip,120503
14-10-2022,72.6922,ICICI_Bluechip,120503
13-10-2022,72.2693,ICICI_Bluechip,120503
12-10-2022,72.7405,ICICI_Bluechip,120503
11-10-2022,72.1344,ICICI_Bluechip,120503
10-10-2022,73.3259,ICICI_Bluechip,120503
07-10-2022,73.8803,ICICI_Bluechip,120503
06-10-2022,74.0728,ICICI_Bluechip,120503
04-10-2022,74.1916,ICICI_Bluechip,120503
03-10-2022,72.5115,ICICI_Bluechip,120503
30-09-2022,73.174,ICICI_Bluechip,120503
29-09-2022,72.1439,ICICI_Bluechip,120503
28-09-2022,72.5238,ICICI_Bluechip,120503
27-09-2022,72.7936,ICICI_Bluechip,120503
26-09-2022,72.7149,ICICI_Bluechip,120503
23-09-2022,74.1328,ICICI_Bluechip,120503
22-09-2022,75.5508,ICICI_Bluechip,120503
21-09-2022,75.5546,ICICI_Bluechip,120503
20-09-2022,76.1536,ICICI_Bluechip,120503
19-09-2022,75.4771,ICICI_Bluechip,120503
16-09-2022,74.951,ICICI_Bluechip,120503
15-09-2022,76.9184,ICICI_Bluechip,120503
14-09-2022,77.092,ICICI_Bluechip,120503
13-09-2022,77.3455,ICICI_Bluechip,120503
12-09-2022,76.9253,ICICI_Bluechip,120503
09-09-2022,76.641,ICICI_Bluechip,120503
08-09-2022,76.6277,ICICI_Bluechip,120503
07-09-2022,76.0521,ICICI_Bluechip,120503
06-09-2022,75.9521,ICICI_Bluechip,120503
05-09-2022,76.3428,ICICI_Bluechip,120503
02-09-2022,76.2954,ICICI_Bluechip,120503
01-09-2022,76.0456,ICICI_Bluechip,120503
30-08-2022,76.2211,ICICI_Bluechip,120503
29-08-2022,74.3321,ICICI_Bluechip,120503
26-08-2022,75.2754,ICICI_Bluechip,120503
25-08-2022,74.9546,ICICI_Bluechip,120503
24-08-2022,75.1045,ICICI_Bluechip,120503
23-08-2022,74.7255,ICICI_Bluechip,120503
22-08-2022,74.4093,ICICI_Bluechip,120503
19-08-2022,75.7918,ICICI_Bluechip,120503
18-08-2022,76.6729,ICICI_Bluechip,120503
17-08-2022,76.5286,ICICI_Bluechip,120503
16-08-2022,75.8512,ICICI_Bluechip,120503
12-08-2022,75.3228,ICICI_Bluechip,120503
11-08-2022,75.3237,ICICI_Bluechip,120503
10-08-2022,74.4544,ICICI_Bluechip,120503
08-08-2022,74.8976,ICICI_Bluechip,120503
05-08-2022,74.6044,ICICI_Bluechip,120503
04-08-2022,74.2272,ICICI_Bluechip,120503
03-08-2022,73.8828,ICICI_Bluechip,120503
02-08-2022,74.0304,ICICI_Bluechip,120503
01-08-2022,73.7095,ICICI_Bluechip,120503
29-07-2022,72.9947,ICICI_Bluechip,120503
28-07-2022,71.9063,ICICI_Bluechip,120503
27-07-2022,69.8525,ICICI_Bluechip,120503
26-07-2022,69.1326,ICICI_Bluechip,120503
25-07-2022,69.7673,ICICI_Bluechip,120503
22-07-2022,69.9601,ICICI_Bluechip,120503
21-07-2022,69.9609,ICICI_Bluechip,120503
20-07-2022,69.1252,ICICI_Bluechip,120503
19-07-2022,68.925,ICICI_Bluechip,120503
18-07-2022,68.6155,ICICI_Bluechip,120503
15-07-2022,67.5691,ICICI_Bluechip,120503
14-07-2022,67.0015,ICICI_Bluechip,120503
13-07-2022,67.1057,ICICI_Bluechip,120503
12-07-2022,66.9495,ICICI_Bluechip,120503
11-07-2022,67.7432,ICICI_Bluechip,120503
08-07-2022,67.7009,ICICI_Bluechip,120503
07-07-2022,67.537,ICICI_Bluechip,120503
06-07-2022,67.1482,ICICI_Bluechip,120503
05-07-2022,65.7151,ICICI_Bluechip,120503
04-07-2022,65.6105,ICICI_Bluechip,120503
01-07-2022,65.0877,ICICI_Bluechip,120503
30-06-2022,64.3604,ICICI_Bluechip,120503
29-06-2022,64.8133,ICICI_Bluechip,120503
28-06-2022,65.4275,ICICI_Bluechip,120503
27-06-2022,65.5288,ICICI_Bluechip,120503
24-06-2022,65.2431,ICICI_Bluechip,120503
23-06-2022,64.47,ICICI_Bluechip,120503
22-06-2022,63.7074,ICICI_Bluechip,120503
21-06-2022,64.4233,ICICI_Bluechip,120503
20-06-2022,63.378,ICICI_Bluechip,120503
17-06-2022,62.9852,ICICI_Bluechip,120503
16-06-2022,63.7459,ICICI_Bluechip,120503
15-06-2022,64.8568,ICICI_Bluechip,120503
14-06-2022,64.3993,ICICI_Bluechip,120503
13-06-2022,64.4339,ICICI_Bluechip,120503
10-06-2022,66.1339,ICICI_Bluechip,120503
09-06-2022,67.2604,ICICI_Bluechip,120503
08-06-2022,66.9337,ICICI_Bluechip,120503
07-06-2022,66.7412,ICICI_Bluechip,120503
06-06-2022,67.548,ICICI_Bluechip,120503
03-06-2022,68.0717,ICICI_Bluechip,120503
02-06-2022,68.8276,ICICI_Bluechip,120503
01-06-2022,68.8319,ICICI_Bluechip,120503
31-05-2022,69.1361,ICICI_Bluechip,120503
30-05-2022,68.533,ICICI_Bluechip,120503
27-05-2022,67.2291,ICICI_Bluechip,120503
26-05-2022,66.161,ICICI_Bluechip,120503
25-05-2022,65.4557,ICICI_Bluechip,120503
24-05-2022,66.3628,ICICI_Bluechip,120503
23-05-2022,66.6512,ICICI_Bluechip,120503
20-05-2022,66.8472,ICICI_Bluechip,120503
19-05-2022,65.8496,ICICI_Bluechip,120503
18-05-2022,67.772,ICICI_Bluechip,120503
17-05-2022,67.8271,ICICI_Bluechip,120503
16-05-2022,66.2938,ICICI_Bluechip,120503
13-05-2022,65.4373,ICICI_Bluechip,120503
12-05-2022,65.4083,ICICI_Bluechip,120503
11-05-2022,66.8623,ICICI_Bluechip,120503
10-05-2022,67.7491,ICICI_Bluechip,120503
09-05-2022,68.3816,ICICI_Bluechip,120503
06-05-2022,68.9738,ICICI_Bluechip,120503
05-05-2022,71.8904,ICICI_Bluechip,120503
04-05-2022,71.9729,ICICI_Bluechip,120503
02-05-2022,74.1048,ICICI_Bluechip,120503
29-04-2022,74.2535,ICICI_Bluechip,120503
28-04-2022,74.7458,ICICI_Bluechip,120503
27-04-2022,73.9744,ICICI_Bluechip,120503
26-04-2022,75.2145,ICICI_Bluechip,120503
25-04-2022,74.1743,ICICI_Bluechip,120503
22-04-2022,75.0345,ICICI_Bluechip,120503
21-04-2022,75.4805,ICICI_Bluechip,120503
20-04-2022,74.5345,ICICI_Bluechip,120503
19-04-2022,74.1182,ICICI_Bluechip,120503
18-04-2022,75.4011,ICICI_Bluechip,120503
13-04-2022,76.3584,ICICI_Bluechip,120503
12-04-2022,76.6442,ICICI_Bluechip,120503
11-04-2022,77.4023,ICICI_Bluechip,120503
08-04-2022,77.5007,ICICI_Bluechip,120503
07-04-2022,76.7796,ICICI_Bluechip,120503
06-04-2022,77.2841,ICICI_Bluechip,120503
05-04-2022,77.8618,ICICI_Bluechip,120503
04-04-2022,77.7401,ICICI_Bluechip,120503
01-04-2022,76.3631,ICICI_Bluechip,120503
31-03-2022,75.5061,ICICI_Bluechip,120503
30-03-2022,75.6682,ICICI_Bluechip,120503
29-03-2022,74.6649,ICICI_Bluechip,120503
28-03-2022,74.1641,ICICI_Bluechip,120503
25-03-2022,74.332,ICICI_Bluechip,120503
24-03-2022,74.6781,ICICI_Bluechip,120503
23-03-2022,75.0377,ICICI_Bluechip,120503
22-03-2022,75.2075,ICICI_Bluechip,120503
21-03-2022,74.8165,ICICI_Bluechip,120503
17-03-2022,75.7167,ICICI_Bluechip,120503
16-03-2022,74.358,ICICI_Bluechip,120503
15-03-2022,73.1899,ICICI_Bluechip,120503
14-03-2022,73.5318,ICICI_Bluechip,120503
11-03-2022,73.1308,ICICI_Bluechip,120503
10-03-2022,73.0061,ICICI_Bluechip,120503
09-03-2022,71.7508,ICICI_Bluechip,120503
08-03-2022,70.6214,ICICI_Bluechip,120503
07-03-2022,69.7358,ICICI_Bluechip,120503
04-03-2022,71.6986,ICICI_Bluechip,120503
03-03-2022,73.3142,ICICI_Bluechip,120503
02-03-2022,73.8204,ICICI_Bluechip,120503
28-02-2022,74.4883,ICICI_Bluechip,120503
25-02-2022,73.9328,ICICI_Bluechip,120503
24-02-2022,71.3778,ICICI_Bluechip,120503
23-02-2022,74.8289,ICICI_Bluechip,120503
22-02-2022,74.6777,ICICI_Bluechip,120503
21-02-2022,74.9357,ICICI_Bluechip,120503
18-02-2022,75.2152,ICICI_Bluechip,120503
17-02-2022,75.8591,ICICI_Bluechip,120503
16-02-2022,75.8994,ICICI_Bluechip,120503
15-02-2022,76.0554,ICICI_Bluechip,120503
14-02-2022,74.1305,ICICI_Bluechip,120503
11-02-2022,76.053,ICICI_Bluechip,120503
10-02-2022,77.5656,ICICI_Bluechip,120503
09-02-2022,77.128,ICICI_Bluechip,120503
08-02-2022,76.2751,ICICI_Bluechip,120503
07-02-2022,76.5225,ICICI_Bluechip,120503
04-02-2022,78.1271,ICICI_Bluechip,120503
03-02-2022,78.1087,ICICI_Bluechip,120503
02-02-2022,79.1057,ICICI_Bluechip,120503
01-02-2022,77.887,ICICI_Bluechip,120503
31-01-2022,76.8741,ICICI_Bluechip,120503
28-01-2022,75.6428,ICICI_Bluechip,120503
27-01-2022,75.3274,ICICI_Bluechip,120503
25-01-2022,76.7127,ICICI_Bluechip,120503
24-01-2022,76.6805,ICICI_Bluechip,120503
21-01-2022,79.7572,ICICI_Bluechip,120503
20-01-2022,81.238,ICICI_Bluechip,120503
19-01-2022,81.8537,ICICI_Bluechip,120503
18-01-2022,83.0109,ICICI_Bluechip,120503
17-01-2022,84.1011,ICICI_Bluechip,120503
14-01-2022,83.7325,ICICI_Bluechip,120503
13-01-2022,83.4606,ICICI_Bluechip,120503
12-01-2022,83.6159,ICICI_Bluechip,120503
11-01-2022,83.932,ICICI_Bluechip,120503
10-01-2022,83.7001,ICICI_Bluechip,120503
07-01-2022,83.8626,ICICI_Bluechip,120503
06-01-2022,83.5037,ICICI_Bluechip,120503
05-01-2022,83.8475,ICICI_Bluechip,120503
04-01-2022,83.287,ICICI_Bluechip,120503
03-01-2022,82.4289,ICICI_Bluechip,120503
31-12-2021,81.2402,ICICI_Bluechip,120503
30-12-2021,80.2221,ICICI_Bluechip,120503
29-12-2021,80.2977,ICICI_Bluechip,120503
28-12-2021,80.3139,ICICI_Bluechip,120503
27-12-2021,79.5375,ICICI_Bluechip,120503
24-12-2021,79.1895,ICICI_Bluechip,120503
23-12-2021,79.6287,ICICI_Bluechip,120503
22-12-2021,79.1261,ICICI_Bluechip,120503
21-12-2021,78.0346,ICICI_Bluechip,120503
20-12-2021,77.5931,ICICI_Bluechip,120503
17-12-2021,79.6694,ICICI_Bluechip,120503
16-12-2021,81.036,ICICI_Bluechip,120503
15-12-2021,81.0588,ICICI_Bluechip,120503
14-12-2021,81.5686,ICICI_Bluechip,120503
13-12-2021,81.7787,ICICI_Bluechip,120503
10-12-2021,82.4418,ICICI_Bluechip,120503
09-12-2021,82.4078,ICICI_Bluechip,120503
08-12-2021,82.3253,ICICI_Bluechip,120503
07-12-2021,81.2636,ICICI_Bluechip,120503
06-12-2021,80.1411,ICICI_Bluechip,120503
03-12-2021,81.7367,ICICI_Bluechip,120503
02-12-2021,82.3468,ICICI_Bluechip,120503
01-12-2021,81.2494,ICICI_Bluechip,120503
30-11-2021,80.8104,ICICI_Bluechip,120503
29-11-2021,80.6496,ICICI_Bluechip,120503
26-11-2021,80.5581,ICICI_Bluechip,120503
25-11-2021,82.6405,ICICI_Bluechip,120503
24-11-2021,82.3818,ICICI_Bluechip,120503
23-11-2021,82.4535,ICICI_Bluechip,120503
22-11-2021,81.8661,ICICI_Bluechip,120503
18-11-2021,84.4609,ICICI_Bluechip,120503
17-11-2021,85.3839,ICICI_Bluechip,120503
16-11-2021,85.7294,ICICI_Bluechip,120503
15-11-2021,85.4638,ICICI_Bluechip,120503
12-11-2021,85.3485,ICICI_Bluechip,120503
11-11-2021,84.2245,ICICI_Bluechip,120503
10-11-2021,84.6363,ICICI_Bluechip,120503
09-11-2021,84.4667,ICICI_Bluechip,120503
08-11-2021,84.5536,ICICI_Bluechip,120503
03-11-2021,83.3546,ICICI_Bluechip,120503
02-11-2021,83.3971,ICICI_Bluechip,120503
01-11-2021,83.4744,ICICI_Bluechip,120503
29-10-2021,82.6397,ICICI_Bluechip,120503
28-10-2021,83.2316,ICICI_Bluechip,120503
27-10-2021,84.0077,ICICI_Bluechip,120503
26-10-2021,83.7637,ICICI_Bluechip,120503
25-10-2021,82.4621,ICICI_Bluechip,120503
22-10-2021,83.9738,ICICI_Bluechip,120503
21-10-2021,84.6113,ICICI_Bluechip,120503
20-10-2021,84.8923,ICICI_Bluechip,120503
19-10-2021,86.1444,ICICI_Bluechip,120503
18-10-2021,86.906,ICICI_Bluechip,120503
14-10-2021,87.4659,ICICI_Bluechip,120503
13-10-2021,86.6202,ICICI_Bluechip,120503
12-10-2021,85.2721,ICICI_Bluechip,120503
11-10-2021,84.9535,ICICI_Bluechip,120503
08-10-2021,84.2722,ICICI_Bluechip,120503
07-10-2021,84.116,ICICI_Bluechip,120503
06-10-2021,83.3956,ICICI_Bluechip,120503
05-10-2021,83.9434,ICICI_Bluechip,120503
04-10-2021,83.6199,ICICI_Bluechip,120503
01-10-2021,82.3533,ICICI_Bluechip,120503
30-09-2021,82.8497,ICICI_Bluechip,120503
29-09-2021,82.9626,ICICI_Bluechip,120503
28-09-2021,83.2962,ICICI_Bluechip,120503
27-09-2021,84.3182,ICICI_Bluechip,120503
24-09-2021,84.766,ICICI_Bluechip,120503
23-09-2021,85.1846,ICICI_Bluechip,120503
22-09-2021,84.2283,ICICI_Bluechip,120503
21-09-2021,84.2897,ICICI_Bluechip,120503
20-09-2021,83.2059,ICICI_Bluechip,120503
17-09-2021,83.7154,ICICI_Bluechip,120503
16-09-2021,83.8102,ICICI_Bluechip,120503
15-09-2021,83.3885,ICICI_Bluechip,120503
14-09-2021,83.0189,ICICI_Bluechip,120503
13-09-2021,82.6854,ICICI_Bluechip,120503
09-09-2021,82.255,ICICI_Bluechip,120503
08-09-2021,82.0739,ICICI_Bluechip,120503
07-09-2021,81.7986,ICICI_Bluechip,120503
06-09-2021,81.9726,ICICI_Bluechip,120503
03-09-2021,82.0104,ICICI_Bluechip,120503
02-09-2021,81.864,ICICI_Bluechip,120503
01-09-2021,81.3088,ICICI_Bluechip,120503
31-08-2021,81.2869,ICICI_Bluechip,120503
30-08-2021,80.0445,ICICI_Bluechip,120503
27-08-2021,78.8144,ICICI_Bluechip,120503
26-08-2021,78.268,ICICI_Bluechip,120503
25-08-2021,77.9829,ICICI_Bluechip,120503
24-08-2021,77.6842,ICICI_Bluechip,120503
23-08-2021,76.715,ICICI_Bluechip,120503
20-08-2021,76.3521,ICICI_Bluechip,120503
18-08-2021,76.6204,ICICI_Bluechip,120503
17-08-2021,76.4159,ICICI_Bluechip,120503
16-08-2021,76.0397,ICICI_Bluechip,120503
13-08-2021,75.9653,ICICI_Bluechip,120503
12-08-2021,75.6608,ICICI_Bluechip,120503
11-08-2021,75.3045,ICICI_Bluechip,120503
10-08-2021,75.5859,ICICI_Bluechip,120503
09-08-2021,75.5804,ICICI_Bluechip,120503
06-08-2021,75.8131,ICICI_Bluechip,120503
05-08-2021,76.008,ICICI_Bluechip,120503
04-08-2021,76.021,ICICI_Bluechip,120503
03-08-2021,75.9397,ICICI_Bluechip,120503
02-08-2021,75.0437,ICICI_Bluechip,120503
30-07-2021,74.2211,ICICI_Bluechip,120503
29-07-2021,74.5288,ICICI_Bluechip,120503
28-07-2021,74.1284,ICICI_Bluechip,120503
27-07-2021,74.294,ICICI_Bluechip,120503
26-07-2021,74.4544,ICICI_Bluechip,120503
23-07-2021,74.5025,ICICI_Bluechip,120503
22-07-2021,74.5876,ICICI_Bluechip,120503
20-07-2021,73.8128,ICICI_Bluechip,120503
19-07-2021,73.9938,ICICI_Bluechip,120503
16-07-2021,74.3636,ICICI_Bluechip,120503
15-07-2021,74.2924,ICICI_Bluechip,120503
14-07-2021,74.218,ICICI_Bluechip,120503
13-07-2021,74.0438,ICICI_Bluechip,120503
12-07-2021,74.0474,ICICI_Bluechip,120503
09-07-2021,74.0795,ICICI_Bluechip,120503
08-07-2021,73.9363,ICICI_Bluechip,120503
07-07-2021,74.2331,ICICI_Bluechip,120503
06-07-2021,73.9922,ICICI_Bluechip,120503
05-07-2021,74.02,ICICI_Bluechip,120503
02-07-2021,73.4383,ICICI_Bluechip,120503
01-07-2021,73.1256,ICICI_Bluechip,120503
30-06-2021,72.8723,ICICI_Bluechip,120503
29-06-2021,72.726,ICICI_Bluechip,120503
28-06-2021,72.8531,ICICI_Bluechip,120503
25-06-2021,72.8784,ICICI_Bluechip,120503
24-06-2021,72.5226,ICICI_Bluechip,120503
23-06-2021,72.1387,ICICI_Bluechip,120503
22-06-2021,72.5265,ICICI_Bluechip,120503
21-06-2021,72.3846,ICICI_Bluechip,120503
18-06-2021,72.1931,ICICI_Bluechip,120503
17-06-2021,72.3683,ICICI_Bluechip,120503
16-06-2021,72.6385,ICICI_Bluechip,120503
15-06-2021,72.8587,ICICI_Bluechip,120503
14-06-2021,72.4523,ICICI_Bluechip,120503
11-06-2021,72.2529,ICICI_Bluechip,120503
10-06-2021,72.3612,ICICI_Bluechip,120503
09-06-2021,71.4079,ICICI_Bluechip,120503
08-06-2021,71.682,ICICI_Bluechip,120503
07-06-2021,71.6821,ICICI_Bluechip,120503
04-06-2021,71.582,ICICI_Bluechip,120503
03-06-2021,71.495,ICICI_Bluechip,120503
02-06-2021,70.9471,ICICI_Bluechip,120503
01-06-2021,70.3808,ICICI_Bluechip,120503
31-05-2021,70.2453,ICICI_Bluechip,120503
28-05-2021,69.8483,ICICI_Bluechip,120503
27-05-2021,70.0134,ICICI_Bluechip,120503
26-05-2021,69.8961,ICICI_Bluechip,120503
25-05-2021,69.3104,ICICI_Bluechip,120503
24-05-2021,69.0821,ICICI_Bluechip,120503
21-05-2021,69.0525,ICICI_Bluechip,120503
20-05-2021,68.1195,ICICI_Bluechip,120503
19-05-2021,68.4275,ICICI_Bluechip,120503
18-05-2021,68.7087,ICICI_Bluechip,120503
17-05-2021,67.3697,ICICI_Bluechip,120503
14-05-2021,66.5356,ICICI_Bluechip,120503
12-05-2021,66.9675,ICICI_Bluechip,120503
11-05-2021,67.5422,ICICI_Bluechip,120503
10-05-2021,68.1078,ICICI_Bluechip,120503
07-05-2021,67.558,ICICI_Bluechip,120503
06-05-2021,67.5074,ICICI_Bluechip,120503
05-05-2021,67.165,ICICI_Bluechip,120503
04-05-2021,66.6541,ICICI_Bluechip,120503
03-05-2021,67.0875,ICICI_Bluechip,120503
30-04-2021,66.9264,ICICI_Bluechip,120503
29-04-2021,68.0292,ICICI_Bluechip,120503
28-04-2021,67.9358,ICICI_Bluechip,120503
27-04-2021,66.5924,ICICI_Bluechip,120503
26-04-2021,65.8562,ICICI_Bluechip,120503
23-04-2021,65.4656,ICICI_Bluechip,120503
22-04-2021,65.4039,ICICI_Bluechip,120503
20-04-2021,65.0174,ICICI_Bluechip,120503
19-04-2021,65.0908,ICICI_Bluechip,120503
16-04-2021,66.3723,ICICI_Bluechip,120503
15-04-2021,65.7774,ICICI_Bluechip,120503
13-04-2021,65.5948,ICICI_Bluechip,120503
12-04-2021,65.222,ICICI_Bluechip,120503
09-04-2021,67.7033,ICICI_Bluechip,120503
08-04-2021,67.8958,ICICI_Bluechip,120503
07-04-2021,67.4155,ICICI_Bluechip,120503
06-04-2021,66.3985,ICICI_Bluechip,120503
05-04-2021,66.1132,ICICI_Bluechip,120503
01-04-2021,67.0371,ICICI_Bluechip,120503
31-03-2021,66.3499,ICICI_Bluechip,120503
30-03-2021,66.5679,ICICI_Bluechip,120503
26-03-2021,65.7904,ICICI_Bluechip,120503
25-03-2021,64.864,ICICI_Bluechip,120503
24-03-2021,66.1412,ICICI_Bluechip,120503
23-03-2021,67.2521,ICICI_Bluechip,120503
22-03-2021,66.8021,ICICI_Bluechip,120503
19-03-2021,66.7529,ICICI_Bluechip,120503
18-03-2021,66.2719,ICICI_Bluechip,120503
17-03-2021,67.2323,ICICI_Bluechip,120503
16-03-2021,68.0344,ICICI_Bluechip,120503
15-03-2021,67.9814,ICICI_Bluechip,120503
12-03-2021,68.3853,ICICI_Bluechip,120503
10-03-2021,68.9064,ICICI_Bluechip,120503
09-03-2021,68.541,ICICI_Bluechip,120503
08-03-2021,68.0512,ICICI_Bluechip,120503
05-03-2021,68.454,ICICI_Bluechip,120503
04-03-2021,68.9431,ICICI_Bluechip,120503
03-03-2021,69.1273,ICICI_Bluechip,120503
02-03-2021,67.814,ICICI_Bluechip,120503
01-03-2021,66.6336,ICICI_Bluechip,120503
26-02-2021,65.7906,ICICI_Bluechip,120503
25-02-2021,67.5493,ICICI_Bluechip,120503
24-02-2021,67.3751,ICICI_Bluechip,120503
23-02-2021,66.8644,ICICI_Bluechip,120503
22-02-2021,66.7885,ICICI_Bluechip,120503
19-02-2021,67.9212,ICICI_Bluechip,120503
18-02-2021,68.5185,ICICI_Bluechip,120503
17-02-2021,68.6967,ICICI_Bluechip,120503
16-02-2021,69.3418,ICICI_Bluechip,120503
15-02-2021,69.3997,ICICI_Bluechip,120503
12-02-2021,68.1007,ICICI_Bluechip,120503
11-02-2021,68.1178,ICICI_Bluechip,120503
10-02-2021,67.59,ICICI_Bluechip,120503
09-02-2021,66.9563,ICICI_Bluechip,120503
08-02-2021,67.1298,ICICI_Bluechip,120503
05-02-2021,66.3772,ICICI_Bluechip,120503
04-02-2021,66.216,ICICI_Bluechip,120503
03-02-2021,65.4614,ICICI_Bluechip,120503
02-02-2021,64.9817,ICICI_Bluechip,120503
01-02-2021,63.2909,ICICI_Bluechip,120503
29-01-2021,61.0128,ICICI_Bluechip,120503
28-01-2021,62.2646,ICICI_Bluechip,120503
27-01-2021,63.2001,ICICI_Bluechip,120503
25-01-2021,64.4204,ICICI_Bluechip,120503
22-01-2021,65.0458,ICICI_Bluechip,120503
21-01-2021,65.3636,ICICI_Bluechip,120503
20-01-2021,65.6415,ICICI_Bluechip,120503
19-01-2021,65.1644,ICICI_Bluechip,120503
18-01-2021,63.9697,ICICI_Bluechip,120503
15-01-2021,65.1807,ICICI_Bluechip,120503
14-01-2021,66.0755,ICICI_Bluechip,120503
13-01-2021,66.0534,ICICI_Bluechip,120503
12-01-2021,66.9093,ICICI_Bluechip,120503
11-01-2021,67.1855,ICICI_Bluechip,120503
08-01-2021,66.77,ICICI_Bluechip,120503
07-01-2021,65.7504,ICICI_Bluechip,120503
06-01-2021,65.8741,ICICI_Bluechip,120503
05-01-2021,66.3871,ICICI_Bluechip,120503
04-01-2021,65.5681,ICICI_Bluechip,120503
01-01-2021,64.982,ICICI_Bluechip,120503
31-12-2020,64.6805,ICICI_Bluechip,120503
30-12-2020,64.5447,ICICI_Bluechip,120503
29-12-2020,64.0114,ICICI_Bluechip,120503
28-12-2020,63.9489,ICICI_Bluechip,120503
24-12-2020,63.4684,ICICI_Bluechip,120503
23-12-2020,63.0442,ICICI_Bluechip,120503
22-12-2020,62.375,ICICI_Bluechip,120503
21-12-2020,61.9754,ICICI_Bluechip,120503
18-12-2020,63.654,ICICI_Bluechip,120503
17-12-2020,63.309,ICICI_Bluechip,120503
16-12-2020,62.9874,ICICI_Bluechip,120503
15-12-2020,62.6215,ICICI_Bluechip,120503
14-12-2020,62.2695,ICICI_Bluechip,120503
11-12-2020,61.9606,ICICI_Bluechip,120503
10-12-2020,61.9425,ICICI_Bluechip,120503
09-12-2020,61.8566,ICICI_Bluechip,120503
08-12-2020,61.3644,ICICI_Bluechip,120503
07-12-2020,61.1734,ICICI_Bluechip,120503
04-12-2020,61.0214,ICICI_Bluechip,120503
03-12-2020,60.7394,ICICI_Bluechip,120503
02-12-2020,60.3507,ICICI_Bluechip,120503
01-12-2020,60.5083,ICICI_Bluechip,120503
27-11-2020,60.2353,ICICI_Bluechip,120503
26-11-2020,59.7982,ICICI_Bluechip,120503
25-11-2020,59.1082,ICICI_Bluechip,120503
24-11-2020,60.1029,ICICI_Bluechip,120503
23-11-2020,59.8224,ICICI_Bluechip,120503
20-11-2020,59.1344,ICICI_Bluechip,120503
19-11-2020,58.0742,ICICI_Bluechip,120503
18-11-2020,58.5899,ICICI_Bluechip,120503
17-11-2020,58.2212,ICICI_Bluechip,120503
13-11-2020,57.2281,ICICI_Bluechip,120503
12-11-2020,56.9553,ICICI_Bluechip,120503
11-11-2020,56.9431,ICICI_Bluechip,120503
10-11-2020,56.2903,ICICI_Bluechip,120503
09-11-2020,55.9657,ICICI_Bluechip,120503
06-11-2020,55.3169,ICICI_Bluechip,120503
05-11-2020,54.9099,ICICI_Bluechip,120503
04-11-2020,54.0352,ICICI_Bluechip,120503
03-11-2020,53.4532,ICICI_Bluechip,120503
02-11-2020,52.8932,ICICI_Bluechip,120503
30-10-2020,52.6432,ICICI_Bluechip,120503
29-10-2020,52.8208,ICICI_Bluechip,120503
28-10-2020,52.7335,ICICI_Bluechip,120503
27-10-2020,53.3319,ICICI_Bluechip,120503
26-10-2020,52.0546,ICICI_Bluechip,120503
23-10-2020,52.3818,ICICI_Bluechip,120503
22-10-2020,51.8735,ICICI_Bluechip,120503
21-10-2020,51.8558,ICICI_Bluechip,120503
20-10-2020,51.9759,ICICI_Bluechip,120503
19-10-2020,51.7939,ICICI_Bluechip,120503
16-10-2020,51.5,ICICI_Bluechip,120503
15-10-2020,51.0383,ICICI_Bluechip,120503
14-10-2020,52.1671,ICICI_Bluechip,120503
13-10-2020,51.7895,ICICI_Bluechip,120503
12-10-2020,52.0031,ICICI_Bluechip,120503
09-10-2020,52.0684,ICICI_Bluechip,120503
08-10-2020,52.0817,ICICI_Bluechip,120503
07-10-2020,51.769,ICICI_Bluechip,120503
06-10-2020,51.8471,ICICI_Bluechip,120503
05-10-2020,51.3416,ICICI_Bluechip,120503
01-10-2020,51.2488,ICICI_Bluechip,120503
30-09-2020,50.5719,ICICI_Bluechip,120503
29-09-2020,50.3304,ICICI_Bluechip,120503
28-09-2020,50.1929,ICICI_Bluechip,120503
25-09-2020,49.1743,ICICI_Bluechip,120503
24-09-2020,48.0502,ICICI_Bluechip,120503
23-09-2020,49.3347,ICICI_Bluechip,120503
22-09-2020,49.5275,ICICI_Bluechip,120503
21-09-2020,49.8814,ICICI_Bluechip,120503
18-09-2020,51.1081,ICICI_Bluechip,120503
17-09-2020,51.2436,ICICI_Bluechip,120503
16-09-2020,51.5236,ICICI_Bluechip,120503
15-09-2020,51.2406,ICICI_Bluechip,120503
14-09-2020,50.833,ICICI_Bluechip,120503
11-09-2020,50.7472,ICICI_Bluechip,120503
10-09-2020,50.6651,ICICI_Bluechip,120503
09-09-2020,50.3218,ICICI_Bluechip,120503
08-09-2020,50.6846,ICICI_Bluechip,120503
07-09-2020,50.997,ICICI_Bluechip,120503
04-09-2020,51.1327,ICICI_Bluechip,120503
03-09-2020,51.7669,ICICI_Bluechip,120503
02-09-2020,51.5632,ICICI_Bluechip,120503
01-09-2020,51.2617,ICICI_Bluechip,120503
31-08-2020,50.578,ICICI_Bluechip,120503
28-08-2020,52.1529,ICICI_Bluechip,120503
27-08-2020,51.8177,ICICI_Bluechip,120503
26-08-2020,51.9163,ICICI_Bluechip,120503
25-08-2020,51.8047,ICICI_Bluechip,120503
24-08-2020,51.5292,ICICI_Bluechip,120503
21-08-2020,51.046,ICICI_Bluechip,120503
20-08-2020,50.7888,ICICI_Bluechip,120503
19-08-2020,50.8747,ICICI_Bluechip,120503
18-08-2020,50.7373,ICICI_Bluechip,120503
17-08-2020,50.0781,ICICI_Bluechip,120503
14-08-2020,49.6459,ICICI_Bluechip,120503
13-08-2020,50.2208,ICICI_Bluechip,120503
12-08-2020,50.1173,ICICI_Bluechip,120503
11-08-2020,50.333,ICICI_Bluechip,120503
10-08-2020,50.3349,ICICI_Bluechip,120503
07-08-2020,49.7696,ICICI_Bluechip,120503
06-08-2020,49.3785,ICICI_Bluechip,120503
05-08-2020,48.9544,ICICI_Bluechip,120503
04-08-2020,48.7527,ICICI_Bluechip,120503
03-08-2020,48.0767,ICICI_Bluechip,120503
31-07-2020,48.6272,ICICI_Bluechip,120503
30-07-2020,48.4634,ICICI_Bluechip,120503
29-07-2020,48.6187,ICICI_Bluechip,120503
28-07-2020,48.6965,ICICI_Bluechip,120503
27-07-2020,47.9389,ICICI_Bluechip,120503
24-07-2020,48.2886,ICICI_Bluechip,120503
23-07-2020,48.8602,ICICI_Bluechip,120503
22-07-2020,48.5253,ICICI_Bluechip,120503
21-07-2020,48.8579,ICICI_Bluechip,120503
20-07-2020,48.7371,ICICI_Bluechip,120503
17-07-2020,48.0103,ICICI_Bluechip,120503
16-07-2020,47.5782,ICICI_Bluechip,120503
15-07-2020,47.3582,ICICI_Bluechip,120503
14-07-2020,47.2694,ICICI_Bluechip,120503
13-07-2020,48.0225,ICICI_Bluechip,120503
10-07-2020,48.3586,ICICI_Bluechip,120503
09-07-2020,48.6452,ICICI_Bluechip,120503
08-07-2020,48.2897,ICICI_Bluechip,120503
07-07-2020,49.0073,ICICI_Bluechip,120503
06-07-2020,48.2351,ICICI_Bluechip,120503
03-07-2020,47.5785,ICICI_Bluechip,120503
02-07-2020,47.6297,ICICI_Bluechip,120503
01-07-2020,47.2575,ICICI_Bluechip,120503
30-06-2020,47.0399,ICICI_Bluechip,120503
29-06-2020,46.9765,ICICI_Bluechip,120503
26-06-2020,47.174,ICICI_Bluechip,120503
25-06-2020,47.0816,ICICI_Bluechip,120503
24-06-2020,47.0349,ICICI_Bluechip,120503
23-06-2020,47.7131,ICICI_Bluechip,120503
22-06-2020,46.9144,ICICI_Bluechip,120503
19-06-2020,46.54,ICICI_Bluechip,120503
18-06-2020,46.2021,ICICI_Bluechip,120503
17-06-2020,45.7357,ICICI_Bluechip,120503
16-06-2020,45.8454,ICICI_Bluechip,120503
15-06-2020,45.421,ICICI_Bluechip,120503
12-06-2020,46.1403,ICICI_Bluechip,120503
11-06-2020,45.7706,ICICI_Bluechip,120503
10-06-2020,46.4633,ICICI_Bluechip,120503
09-06-2020,46.218,ICICI_Bluechip,120503
08-06-2020,46.7292,ICICI_Bluechip,120503
05-06-2020,46.7759,ICICI_Bluechip,120503
04-06-2020,46.2798,ICICI_Bluechip,120503
03-06-2020,46.5934,ICICI_Bluechip,120503
02-06-2020,46.2677,ICICI_Bluechip,120503
01-06-2020,45.6082,ICICI_Bluechip,120503
29-05-2020,44.6462,ICICI_Bluechip,120503
28-05-2020,44.0203,ICICI_Bluechip,120503
27-05-2020,43.1592,ICICI_Bluechip,120503
26-05-2020,42.6159,ICICI_Bluechip,120503
22-05-2020,42.8272,ICICI_Bluechip,120503
21-05-2020,43.2827,ICICI_Bluechip,120503
20-05-2020,43.1069,ICICI_Bluechip,120503
19-05-2020,42.3384,ICICI_Bluechip,120503
18-05-2020,41.8882,ICICI_Bluechip,120503
15-05-2020,43.2228,ICICI_Bluechip,120503
14-05-2020,43.3273,ICICI_Bluechip,120503
13-05-2020,43.8787,ICICI_Bluechip,120503
12-05-2020,43.3466,ICICI_Bluechip,120503
11-05-2020,43.4478,ICICI_Bluechip,120503
08-05-2020,43.4867,ICICI_Bluechip,120503
07-05-2020,43.1938,ICICI_Bluechip,120503
06-05-2020,43.866,ICICI_Bluechip,120503
05-05-2020,43.4431,ICICI_Bluechip,120503
04-05-2020,43.9775,ICICI_Bluechip,120503
30-04-2020,46.2403,ICICI_Bluechip,120503
29-04-2020,45.1796,ICICI_Bluechip,120503
28-04-2020,44.4792,ICICI_Bluechip,120503
27-04-2020,43.9317,ICICI_Bluechip,120503
24-04-2020,43.3221,ICICI_Bluechip,120503
23-04-2020,44.2908,ICICI_Bluechip,120503
22-04-2020,43.6292,ICICI_Bluechip,120503
21-04-2020,42.8546,ICICI_Bluechip,120503
20-04-2020,44.0535,ICICI_Bluechip,120503
17-04-2020,44.1263,ICICI_Bluechip,120503
16-04-2020,42.8712,ICICI_Bluechip,120503
15-04-2020,42.7458,ICICI_Bluechip,120503
13-04-2020,42.8958,ICICI_Bluechip,120503
09-04-2020,43.829,ICICI_Bluechip,120503
08-04-2020,41.9653,ICICI_Bluechip,120503
07-04-2020,41.8335,ICICI_Bluechip,120503
03-04-2020,39.2576,ICICI_Bluechip,120503
01-04-2020,40.2742,ICICI_Bluechip,120503
31-03-2020,41.7364,ICICI_Bluechip,120503
30-03-2020,40.9103,ICICI_Bluechip,120503
27-03-2020,42.4778,ICICI_Bluechip,120503
26-03-2020,42.2508,ICICI_Bluechip,120503
25-03-2020,40.4084,ICICI_Bluechip,120503
24-03-2020,38.446,ICICI_Bluechip,120503
23-03-2020,37.6463,ICICI_Bluechip,120503
20-03-2020,42.895,ICICI_Bluechip,120503
19-03-2020,41.0376,ICICI_Bluechip,120503
18-03-2020,42.3458,ICICI_Bluechip,120503
17-03-2020,44.891,ICICI_Bluechip,120503
16-03-2020,45.8588,ICICI_Bluechip,120503
13-03-2020,48.5999,ICICI_Bluechip,120503
12-03-2020,47.8039,ICICI_Bluechip,120503
11-03-2020,51.3449,ICICI_Bluechip,120503
09-03-2020,51.2994,ICICI_Bluechip,120503
06-03-2020,53.0987,ICICI_Bluechip,120503
05-03-2020,53.645,ICICI_Bluechip,120503
04-03-2020,53.0825,ICICI_Bluechip,120503
03-03-2020,53.5505,ICICI_Bluechip,120503
02-03-2020,52.8009,ICICI_Bluechip,120503
28-02-2020,52.8907,ICICI_Bluechip,120503
27-02-2020,54.3307,ICICI_Bluechip,120503
26-02-2020,54.4616,ICICI_Bluechip,120503
25-02-2020,54.8741,ICICI_Bluechip,120503
24-02-2020,55.0739,ICICI_Bluechip,120503
20-02-2020,56.0837,ICICI_Bluechip,120503
19-02-2020,56.1832,ICICI_Bluechip,120503
18-02-2020,55.593,ICICI_Bluechip,120503
17-02-2020,55.8525,ICICI_Bluechip,120503
14-02-2020,56.1437,ICICI_Bluechip,120503
13-02-2020,56.6034,ICICI_Bluechip,120503
12-02-2020,56.6194,ICICI_Bluechip,120503
11-02-2020,56.1376,ICICI_Bluechip,120503
10-02-2020,56.0931,ICICI_Bluechip,120503
07-02-2020,55.7358,ICICI_Bluechip,120503
06-02-2020,55.6957,ICICI_Bluechip,120503
05-02-2020,55.439,ICICI_Bluechip,120503
04-02-2020,54.9917,ICICI_Bluechip,120503
03-02-2020,53.9914,ICICI_Bluechip,120503
31-01-2020,54.3388,ICICI_Bluechip,120503
30-01-2020,54.2354,ICICI_Bluechip,120503
29-01-2020,54.4893,ICICI_Bluechip,120503
28-01-2020,54.0279,ICICI_Bluechip,120503
27-01-2020,54.0408,ICICI_Bluechip,120503
24-01-2020,54.3219,ICICI_Bluechip,120503
23-01-2020,53.6822,ICICI_Bluechip,120503
22-01-2020,53.3944,ICICI_Bluechip,120503
21-01-2020,53.5685,ICICI_Bluechip,120503
20-01-2020,53.8785,ICICI_Bluechip,120503
17-01-2020,54.4449,ICICI_Bluechip,120503
16-01-2020,54.3185,ICICI_Bluechip,120503
15-01-2020,54.0222,ICICI_Bluechip,120503
14-01-2020,54.1131,ICICI_Bluechip,120503
13-01-2020,53.8602,ICICI_Bluechip,120503
10-01-2020,53.6188,ICICI_Bluechip,120503
09-01-2020,53.3485,ICICI_Bluechip,120503
08-01-2020,52.7438,ICICI_Bluechip,120503
07-01-2020,52.6992,ICICI_Bluechip,120503
06-01-2020,52.3269,ICICI_Bluechip,120503
03-01-2020,53.3371,ICICI_Bluechip,120503
02-01-2020,53.3612,ICICI_Bluechip,120503
01-01-2020,53.2623,ICICI_Bluechip,120503
31-12-2019,53.2357,ICICI_Bluechip,120503
30-12-2019,53.5844,ICICI_Bluechip,120503
27-12-2019,53.5587,ICICI_Bluechip,120503
26-12-2019,53.1793,ICICI_Bluechip,120503
24-12-2019,53.2331,ICICI_Bluechip,120503
23-12-2019,53.4977,ICICI_Bluechip,120503
20-12-2019,53.5651,ICICI_Bluechip,120503
19-12-2019,53.4483,ICICI_Bluechip,120503
18-12-2019,53.2201,ICICI_Bluechip,120503
17-12-2019,52.823,ICICI_Bluechip,120503
16-12-2019,52.2265,ICICI_Bluechip,120503
13-12-2019,52.3885,ICICI_Bluechip,120503
12-12-2019,51.9371,ICICI_Bluechip,120503
11-12-2019,51.6608,ICICI_Bluechip,120503
10-12-2019,51.3884,ICICI_Bluechip,120503
09-12-2019,51.7165,ICICI_Bluechip,120503
06-12-2019,51.7574,ICICI_Bluechip,120503
05-12-2019,52.1739,ICICI_Bluechip,120503
04-12-2019,52.1758,ICICI_Bluechip,120503
03-12-2019,52.1391,ICICI_Bluechip,120503
02-12-2019,52.0831,ICICI_Bluechip,120503
29-11-2019,52.5202,ICICI_Bluechip,120503
28-11-2019,52.6551,ICICI_Bluechip,120503
27-11-2019,52.5541,ICICI_Bluechip,120503
26-11-2019,52.1819,ICICI_Bluechip,120503
25-11-2019,52.4058,ICICI_Bluechip,120503
22-11-2019,51.8055,ICICI_Bluechip,120503
21-11-2019,51.9749,ICICI_Bluechip,120503
20-11-2019,52.2197,ICICI_Bluechip,120503
19-11-2019,52.3017,ICICI_Bluechip,120503
18-11-2019,52.6458,ICICI_Bluechip,120503
15-11-2019,52.8598,ICICI_Bluechip,120503
14-11-2019,52.9216,ICICI_Bluechip,120503
13-11-2019,52.7507,ICICI_Bluechip,120503
11-11-2019,52.7747,ICICI_Bluechip,120503
08-11-2019,52.6691,ICICI_Bluechip,120503
07-11-2019,53.1469,ICICI_Bluechip,120503
06-11-2019,53.0273,ICICI_Bluechip,120503
05-11-2019,52.8708,ICICI_Bluechip,120503
04-11-2019,52.9846,ICICI_Bluechip,120503
01-11-2019,53.1065,ICICI_Bluechip,120503
31-10-2019,53.1953,ICICI_Bluechip,120503
30-10-2019,52.9263,ICICI_Bluechip,120503
29-10-2019,52.7875,ICICI_Bluechip,120503
25-10-2019,51.789,ICICI_Bluechip,120503
24-10-2019,51.8755,ICICI_Bluechip,120503
23-10-2019,51.8553,ICICI_Bluechip,120503
22-10-2019,51.9124,ICICI_Bluechip,120503
18-10-2019,51.7965,ICICI_Bluechip,120503
17-10-2019,51.5637,ICICI_Bluechip,120503
16-10-2019,51.1431,ICICI_Bluechip,120503
15-10-2019,50.8906,ICICI_Bluechip,120503
14-10-2019,50.3561,ICICI_Bluechip,120503
11-10-2019,50.3824,ICICI_Bluechip,120503
10-10-2019,49.8371,ICICI_Bluechip,120503
09-10-2019,50.1686,ICICI_Bluechip,120503
07-10-2019,49.6532,ICICI_Bluechip,120503
04-10-2019,49.7632,ICICI_Bluechip,120503
03-10-2019,50.0372,ICICI_Bluechip,120503
01-10-2019,50.3569,ICICI_Bluechip,120503
30-09-2019,50.5655,ICICI_Bluechip,120503
27-09-2019,50.9252,ICICI_Bluechip,120503
26-09-2019,50.9655,ICICI_Bluechip,120503
25-09-2019,50.501,ICICI_Bluechip,120503
24-09-2019,50.9665,ICICI_Bluechip,120503
23-09-2019,51.4523,ICICI_Bluechip,120503
20-09-2019,49.5049,ICICI_Bluechip,120503
19-09-2019,46.5793,ICICI_Bluechip,120503
18-09-2019,47.0925,ICICI_Bluechip,120503
17-09-2019,46.875,ICICI_Bluechip,120503
16-09-2019,47.6812,ICICI_Bluechip,120503
13-09-2019,47.7489,ICICI_Bluechip,120503
12-09-2019,47.5026,ICICI_Bluechip,120503
11-09-2019,47.7491,ICICI_Bluechip,120503
09-09-2019,47.6889,ICICI_Bluechip,120503
06-09-2019,47.1805,ICICI_Bluechip,120503
05-09-2019,46.9716,ICICI_Bluechip,120503
04-09-2019,46.9908,ICICI_Bluechip,120503
03-09-2019,46.866,ICICI_Bluechip,120503
30-08-2019,47.6846,ICICI_Bluechip,120503
29-08-2019,47.3071,ICICI_Bluechip,120503
28-08-2019,47.6385,ICICI_Bluechip,120503
27-08-2019,47.7229,ICICI_Bluechip,120503
26-08-2019,47.5602,ICICI_Bluechip,120503
23-08-2019,46.5352,ICICI_Bluechip,120503
22-08-2019,46.5543,ICICI_Bluechip,120503
21-08-2019,47.2066,ICICI_Bluechip,120503
20-08-2019,47.4791,ICICI_Bluechip,120503
19-08-2019,47.5458,ICICI_Bluechip,120503
16-08-2019,47.5876,ICICI_Bluechip,120503
14-08-2019,47.4579,ICICI_Bluechip,120503
13-08-2019,47.2855,ICICI_Bluechip,120503
09-08-2019,48.2849,ICICI_Bluechip,120503
08-08-2019,47.4873,ICICI_Bluechip,120503
07-08-2019,47.0773,ICICI_Bluechip,120503
06-08-2019,47.3788,ICICI_Bluechip,120503
05-08-2019,46.6536,ICICI_Bluechip,120503
02-08-2019,47.0393,ICICI_Bluechip,120503
01-08-2019,46.8464,ICICI_Bluechip,120503
31-07-2019,47.2759,ICICI_Bluechip,120503
30-07-2019,46.9379,ICICI_Bluechip,120503
29-07-2019,47.2517,ICICI_Bluechip,120503
26-07-2019,47.5006,ICICI_Bluechip,120503
25-07-2019,47.1099,ICICI_Bluechip,120503
24-07-2019,46.9859,ICICI_Bluechip,120503
23-07-2019,47.2682,ICICI_Bluechip,120503
22-07-2019,47.4019,ICICI_Bluechip,120503
19-07-2019,47.9665,ICICI_Bluechip,120503
18-07-2019,48.6995,ICICI_Bluechip,120503
17-07-2019,48.9859,ICICI_Bluechip,120503
16-07-2019,48.9022,ICICI_Bluechip,120503
15-07-2019,48.7139,ICICI_Bluechip,120503
12-07-2019,48.3958,ICICI_Bluechip,120503
11-07-2019,48.6231,ICICI_Bluechip,120503
10-07-2019,48.1232,ICICI_Bluechip,120503
09-07-2019,48.498,ICICI_Bluechip,120503
08-07-2019,48.5793,ICICI_Bluechip,120503
05-07-2019,49.5638,ICICI_Bluechip,120503
04-07-2019,50.258,ICICI_Bluechip,120503
03-07-2019,50.1794,ICICI_Bluechip,120503
02-07-2019,50.1515,ICICI_Bluechip,120503
01-07-2019,49.7716,ICICI_Bluechip,120503
28-06-2019,49.3756,ICICI_Bluechip,120503
27-06-2019,49.366,ICICI_Bluechip,120503
26-06-2019,49.2897,ICICI_Bluechip,120503
25-06-2019,48.996,ICICI_Bluechip,120503
24-06-2019,48.5922,ICICI_Bluechip,120503
21-06-2019,48.5317,ICICI_Bluechip,120503
20-06-2019,48.8821,ICICI_Bluechip,120503
19-06-2019,48.4036,ICICI_Bluechip,120503
18-06-2019,48.4502,ICICI_Bluechip,120503
17-06-2019,48.5141,ICICI_Bluechip,120503
14-06-2019,48.8909,ICICI_Bluechip,120503
13-06-2019,49.2907,ICICI_Bluechip,120503
12-06-2019,49.234,ICICI_Bluechip,120503
11-06-2019,49.653,ICICI_Bluechip,120503
10-06-2019,49.5439,ICICI_Bluechip,120503
07-06-2019,49.443,ICICI_Bluechip,120503
06-06-2019,49.4851,ICICI_Bluechip,120503
04-06-2019,50.041,ICICI_Bluechip,120503
03-06-2019,50.216,ICICI_Bluechip,120503
31-05-2019,49.6009,ICICI_Bluechip,120503
30-05-2019,49.5043,ICICI_Bluechip,120503
29-05-2019,48.9649,ICICI_Bluechip,120503
28-05-2019,48.8592,ICICI_Bluechip,120503
27-05-2019,48.7481,ICICI_Bluechip,120503
24-05-2019,48.4689,ICICI_Bluechip,120503
23-05-2019,47.927,ICICI_Bluechip,120503
22-05-2019,48.1288,ICICI_Bluechip,120503
21-05-2019,47.8968,ICICI_Bluechip,120503
20-05-2019,48.4883,ICICI_Bluechip,120503
17-05-2019,46.7549,ICICI_Bluechip,120503
16-05-2019,46.225,ICICI_Bluechip,120503
15-05-2019,45.9877,ICICI_Bluechip,120503
14-05-2019,45.5871,ICICI_Bluechip,120503
13-05-2019,45.8407,ICICI_Bluechip,120503
10-05-2019,46.2551,ICICI_Bluechip,120503
09-05-2019,46.2216,ICICI_Bluechip,120503
08-05-2019,46.3892,ICICI_Bluechip,120503
07-05-2019,46.9154,ICICI_Bluechip,120503
06-05-2019,47.1499,ICICI_Bluechip,120503
03-05-2019,47.5539,ICICI_Bluechip,120503
02-05-2019,47.768,ICICI_Bluechip,120503
30-04-2019,47.7229,ICICI_Bluechip,120503
26-04-2019,47.587,ICICI_Bluechip,120503
25-04-2019,47.4253,ICICI_Bluechip,120503
24-04-2019,47.7032,ICICI_Bluechip,120503
23-04-2019,47.0397,ICICI_Bluechip,120503
22-04-2019,47.0681,ICICI_Bluechip,120503
18-04-2019,47.5729,ICICI_Bluechip,120503
16-04-2019,47.9452,ICICI_Bluechip,120503
15-04-2019,47.687,ICICI_Bluechip,120503
12-04-2019,47.2601,ICICI_Bluechip,120503
11-04-2019,47.175,ICICI_Bluechip,120503
10-04-2019,47.2548,ICICI_Bluechip,120503
09-04-2019,47.4487,ICICI_Bluechip,120503
08-04-2019,47.3717,ICICI_Bluechip,120503
05-04-2019,47.4887,ICICI_Bluechip,120503
04-04-2019,47.1582,ICICI_Bluechip,120503
03-04-2019,47.3076,ICICI_Bluechip,120503
02-04-2019,47.3153,ICICI_Bluechip,120503
01-04-2019,47.1959,ICICI_Bluechip,120503
29-03-2019,46.981,ICICI_Bluechip,120503
28-03-2019,46.6551,ICICI_Bluechip,120503
27-03-2019,46.2936,ICICI_Bluechip,120503
26-03-2019,46.3096,ICICI_Bluechip,120503
25-03-2019,45.8064,ICICI_Bluechip,120503
22-03-2019,46.086,ICICI_Bluechip,120503
20-03-2019,46.2349,ICICI_Bluechip,120503
19-03-2019,46.5113,ICICI_Bluechip,120503
18-03-2019,46.5115,ICICI_Bluechip,120503
15-03-2019,46.6669,ICICI_Bluechip,120503
14-03-2019,46.3853,ICICI_Bluechip,120503
13-03-2019,46.5112,ICICI_Bluechip,120503
12-03-2019,46.2528,ICICI_Bluechip,120503
11-03-2019,45.9878,ICICI_Bluechip,120503
08-03-2019,45.3368,ICICI_Bluechip,120503
07-03-2019,45.2268,ICICI_Bluechip,120503
06-03-2019,45.3919,ICICI_Bluechip,120503
05-03-2019,45.1533,ICICI_Bluechip,120503
01-03-2019,44.6198,ICICI_Bluechip,120503
28-02-2019,44.4396,ICICI_Bluechip,120503
27-02-2019,44.5667,ICICI_Bluechip,120503
26-02-2019,44.5733,ICICI_Bluechip,120503
25-02-2019,44.296,ICICI_Bluechip,120503
22-02-2019,43.7049,ICICI_Bluechip,120503
21-02-2019,43.7567,ICICI_Bluechip,120503
20-02-2019,43.6851,ICICI_Bluechip,120503
19-02-2019,43.1958,ICICI_Bluechip,120503
18-02-2019,43.3006,ICICI_Bluechip,120503
15-02-2019,43.7705,ICICI_Bluechip,120503
14-02-2019,44.069,ICICI_Bluechip,120503
13-02-2019,44.2871,ICICI_Bluechip,120503
12-02-2019,44.3109,ICICI_Bluechip,120503
11-02-2019,44.5422,ICICI_Bluechip,120503
08-02-2019,44.8823,ICICI_Bluechip,120503
07-02-2019,45.183,ICICI_Bluechip,120503
06-02-2019,44.8555,ICICI_Bluechip,120503
05-02-2019,44.3637,ICICI_Bluechip,120503
04-02-2019,44.1172,ICICI_Bluechip,120503
01-02-2019,43.9509,ICICI_Bluechip,120503
31-01-2019,43.5103,ICICI_Bluechip,120503
30-01-2019,43.2035,ICICI_Bluechip,120503
29-01-2019,43.2329,ICICI_Bluechip,120503
28-01-2019,43.2665,ICICI_Bluechip,120503
25-01-2019,43.7855,ICICI_Bluechip,120503
24-01-2019,44.1054,ICICI_Bluechip,120503
23-01-2019,44.275,ICICI_Bluechip,120503
22-01-2019,44.1753,ICICI_Bluechip,120503
21-01-2019,44.2645,ICICI_Bluechip,120503
18-01-2019,44.3353,ICICI_Bluechip,120503
17-01-2019,44.3741,ICICI_Bluechip,120503
16-01-2019,44.3757,ICICI_Bluechip,120503
15-01-2019,44.6295,ICICI_Bluechip,120503
14-01-2019,44.192,ICICI_Bluechip,120503
11-01-2019,44.451,ICICI_Bluechip,120503
10-01-2019,44.7078,ICICI_Bluechip,120503
09-01-2019,44.669,ICICI_Bluechip,120503
08-01-2019,44.6935,ICICI_Bluechip,120503
07-01-2019,45.1689,ICICI_Bluechip,120503
04-01-2019,45.318,ICICI_Bluechip,120503
03-01-2019,45.3334,ICICI_Bluechip,120503
02-01-2019,45.6003,ICICI_Bluechip,120503
01-01-2019,46.0296,ICICI_Bluechip,120503
31-12-2018,45.9487,ICICI_Bluechip,120503
28-12-2018,45.8494,ICICI_Bluechip,120503
27-12-2018,45.4602,ICICI_Bluechip,120503
26-12-2018,45.3484,ICICI_Bluechip,120503
24-12-2018,45.313,ICICI_Bluechip,120503
21-12-2018,45.8127,ICICI_Bluechip,120503
20-12-2018,46.4699,ICICI_Bluechip,120503
19-12-2018,46.5653,ICICI_Bluechip,120503
18-12-2018,46.2921,ICICI_Bluechip,120503
17-12-2018,46.2157,ICICI_Bluechip,120503
14-12-2018,45.8628,ICICI_Bluechip,120503
13-12-2018,45.8382,ICICI_Bluechip,120503
12-12-2018,45.4228,ICICI_Bluechip,120503
11-12-2018,44.4437,ICICI_Bluechip,120503
10-12-2018,44.0545,ICICI_Bluechip,120503
07-12-2018,44.813,ICICI_Bluechip,120503
06-12-2018,44.4363,ICICI_Bluechip,120503
05-12-2018,45.0236,ICICI_Bluechip,120503
04-12-2018,45.4645,ICICI_Bluechip,120503
03-12-2018,45.5142,ICICI_Bluechip,120503
30-11-2018,45.5428,ICICI_Bluechip,120503
29-11-2018,45.1652,ICICI_Bluechip,120503
28-11-2018,44.633,ICICI_Bluechip,120503
27-11-2018,44.4178,ICICI_Bluechip,120503
26-11-2018,44.1062,ICICI_Bluechip,120503
22-11-2018,43.9282,ICICI_Bluechip,120503
21-11-2018,44.1877,ICICI_Bluechip,120503
20-11-2018,44.1911,ICICI_Bluechip,120503
19-11-2018,44.4665,ICICI_Bluechip,120503
16-11-2018,44.3022,ICICI_Bluechip,120503
15-11-2018,43.9766,ICICI_Bluechip,120503
14-11-2018,43.71,ICICI_Bluechip,120503
13-11-2018,43.845,ICICI_Bluechip,120503
12-11-2018,43.5524,ICICI_Bluechip,120503
09-11-2018,44.1023,ICICI_Bluechip,120503
06-11-2018,43.7198,ICICI_Bluechip,120503
05-11-2018,43.81,ICICI_Bluechip,120503
02-11-2018,43.85,ICICI_Bluechip,120503
01-11-2018,43.1171,ICICI_Bluechip,120503
31-10-2018,42.8528,ICICI_Bluechip,120503
30-10-2018,41.9306,ICICI_Bluechip,120503
29-10-2018,42.1527,ICICI_Bluechip,120503
26-10-2018,41.5634,ICICI_Bluechip,120503
25-10-2018,41.7228,ICICI_Bluechip,120503
24-10-2018,41.8934,ICICI_Bluechip,120503
23-10-2018,41.2102,ICICI_Bluechip,120503
22-10-2018,41.8448,ICICI_Bluechip,120503
19-10-2018,42.2254,ICICI_Bluechip,120503
17-10-2018,42.6098,ICICI_Bluechip,120503
16-10-2018,43.4351,ICICI_Bluechip,120503
15-10-2018,43.2515,ICICI_Bluechip,120503
12-10-2018,43.1784,ICICI_Bluechip,120503
11-10-2018,42.0772,ICICI_Bluechip,120503
10-10-2018,42.9547,ICICI_Bluechip,120503
09-10-2018,41.9931,ICICI_Bluechip,120503
08-10-2018,41.9164,ICICI_Bluechip,120503
05-10-2018,42.1007,ICICI_Bluechip,120503
04-10-2018,42.7151,ICICI_Bluechip,120503
03-10-2018,43.5984,ICICI_Bluechip,120503
01-10-2018,44.4205,ICICI_Bluechip,120503
28-09-2018,44.6596,ICICI_Bluechip,120503
27-09-2018,44.845,ICICI_Bluechip,120503
26-09-2018,45.3522,ICICI_Bluechip,120503
25-09-2018,45.6957,ICICI_Bluechip,120503
24-09-2018,45.3802,ICICI_Bluechip,120503
21-09-2018,46.5231,ICICI_Bluechip,120503
19-09-2018,46.9948,ICICI_Bluechip,120503
18-09-2018,47.3009,ICICI_Bluechip,120503
17-09-2018,47.6817,ICICI_Bluechip,120503
14-09-2018,48.2119,ICICI_Bluechip,120503
12-09-2018,47.5556,ICICI_Bluechip,120503
11-09-2018,47.2567,ICICI_Bluechip,120503
10-09-2018,47.8953,ICICI_Bluechip,120503
07-09-2018,48.7308,ICICI_Bluechip,120503
06-09-2018,48.7309,ICICI_Bluechip,120503
05-09-2018,48.4323,ICICI_Bluechip,120503
04-09-2018,48.7022,ICICI_Bluechip,120503
03-09-2018,49.163,ICICI_Bluechip,120503
31-08-2018,49.5414,ICICI_Bluechip,120503
30-08-2018,49.4987,ICICI_Bluechip,120503
29-08-2018,49.6369,ICICI_Bluechip,120503
28-08-2018,49.4611,ICICI_Bluechip,120503
27-08-2018,49.2514,ICICI_Bluechip,120503
24-08-2018,48.6583,ICICI_Bluechip,120503
23-08-2018,48.761,ICICI_Bluechip,120503
21-08-2018,48.6048,ICICI_Bluechip,120503
20-08-2018,48.3837,ICICI_Bluechip,120503
17-08-2018,48.1444,ICICI_Bluechip,120503
16-08-2018,47.8863,ICICI_Bluechip,120503
14-08-2018,48.162,ICICI_Bluechip,120503
13-08-2018,47.7677,ICICI_Bluechip,120503
10-08-2018,48.1197,ICICI_Bluechip,120503
09-08-2018,48.3109,ICICI_Bluechip,120503
08-08-2018,48.2043,ICICI_Bluechip,120503
07-08-2018,48.0329,ICICI_Bluechip,120503
06-08-2018,48.0192,ICICI_Bluechip,120503
03-08-2018,48.1229,ICICI_Bluechip,120503
02-08-2018,47.674,ICICI_Bluechip,120503
01-08-2018,48.265,ICICI_Bluechip,120503
31-07-2018,48.2668,ICICI_Bluechip,120503
30-07-2018,48.0705,ICICI_Bluechip,120503
27-07-2018,48.2232,ICICI_Bluechip,120503
26-07-2018,47.9672,ICICI_Bluechip,120503
25-07-2018,48.1091,ICICI_Bluechip,120503
24-07-2018,48.131,ICICI_Bluechip,120503
23-07-2018,47.8292,ICICI_Bluechip,120503
20-07-2018,47.4761,ICICI_Bluechip,120503
19-07-2018,46.9584,ICICI_Bluechip,120503
18-07-2018,47.2694,ICICI_Bluechip,120503
17-07-2018,47.1688,ICICI_Bluechip,120503
16-07-2018,46.796,ICICI_Bluechip,120503
13-07-2018,47.3626,ICICI_Bluechip,120503
12-07-2018,47.4669,ICICI_Bluechip,120503
11-07-2018,47.33,ICICI_Bluechip,120503
10-07-2018,47.2806,ICICI_Bluechip,120503
09-07-2018,46.9185,ICICI_Bluechip,120503
06-07-2018,46.6949,ICICI_Bluechip,120503
05-07-2018,46.5507,ICICI_Bluechip,120503
04-07-2018,46.4418,ICICI_Bluechip,120503
03-07-2018,46.0473,ICICI_Bluechip,120503
02-07-2018,45.7514,ICICI_Bluechip,120503
29-06-2018,45.8172,ICICI_Bluechip,120503
28-06-2018,45.4715,ICICI_Bluechip,120503
27-06-2018,45.7051,ICICI_Bluechip,120503
26-06-2018,46.0382,ICICI_Bluechip,120503
25-06-2018,46.0384,ICICI_Bluechip,120503
22-06-2018,46.2405,ICICI_Bluechip,120503
21-06-2018,45.8965,ICICI_Bluechip,120503
20-06-2018,46.0752,ICICI_Bluechip,120503
19-06-2018,45.8521,ICICI_Bluechip,120503
18-06-2018,46.1941,ICICI_Bluechip,120503
15-06-2018,46.6102,ICICI_Bluechip,120503
14-06-2018,46.6297,ICICI_Bluechip,120503
13-06-2018,46.6806,ICICI_Bluechip,120503
12-06-2018,46.6921,ICICI_Bluechip,120503
11-06-2018,46.4037,ICICI_Bluechip,120503
08-06-2018,46.3772,ICICI_Bluechip,120503
07-06-2018,46.2776,ICICI_Bluechip,120503
06-06-2018,46.0611,ICICI_Bluechip,120503
05-06-2018,45.4377,ICICI_Bluechip,120503
04-06-2018,45.791,ICICI_Bluechip,120503
01-06-2018,46.2936,ICICI_Bluechip,120503
31-05-2018,46.7453,ICICI_Bluechip,120503
30-05-2018,46.4314,ICICI_Bluechip,120503
29-05-2018,46.1664,ICICI_Bluechip,120503
28-05-2018,46.0973,ICICI_Bluechip,120503
25-05-2018,45.7053,ICICI_Bluechip,120503
24-05-2018,44.9205,ICICI_Bluechip,120503
23-05-2018,44.5882,ICICI_Bluechip,120503
22-05-2018,45.0447,ICICI_Bluechip,120503
21-05-2018,44.96,ICICI_Bluechip,120503
18-05-2018,45.5903,ICICI_Bluechip,120503
17-05-2018,45.8324,ICICI_Bluechip,120503
16-05-2018,45.8304,ICICI_Bluechip,120503
15-05-2018,45.8985,ICICI_Bluechip,120503
14-05-2018,45.8161,ICICI_Bluechip,120503
11-05-2018,46.058,ICICI_Bluechip,120503
10-05-2018,45.8115,ICICI_Bluechip,120503
09-05-2018,46.0353,ICICI_Bluechip,120503
08-05-2018,46.1987,ICICI_Bluechip,120503
07-05-2018,45.9842,ICICI_Bluechip,120503
04-05-2018,45.8291,ICICI_Bluechip,120503
03-05-2018,46.0162,ICICI_Bluechip,120503
02-05-2018,46.423,ICICI_Bluechip,120503
30-04-2018,46.3585,ICICI_Bluechip,120503
27-04-2018,45.9163,ICICI_Bluechip,120503
26-04-2018,45.9246,ICICI_Bluechip,120503
25-04-2018,45.6684,ICICI_Bluechip,120503
24-04-2018,45.8566,ICICI_Bluechip,120503
23-04-2018,45.7622,ICICI_Bluechip,120503
20-04-2018,45.5433,ICICI_Bluechip,120503
19-04-2018,45.5448,ICICI_Bluechip,120503
18-04-2018,45.3724,ICICI_Bluechip,120503
17-04-2018,45.565,ICICI_Bluechip,120503
16-04-2018,45.5742,ICICI_Bluechip,120503
13-04-2018,45.1852,ICICI_Bluechip,120503
12-04-2018,45.1019,ICICI_Bluechip,120503
11-04-2018,44.8579,ICICI_Bluechip,120503
10-04-2018,44.6607,ICICI_Bluechip,120503
09-04-2018,44.6744,ICICI_Bluechip,120503
06-04-2018,44.5188,ICICI_Bluechip,120503
05-04-2018,44.3133,ICICI_Bluechip,120503
04-04-2018,43.6392,ICICI_Bluechip,120503
03-04-2018,43.8922,ICICI_Bluechip,120503
02-04-2018,43.7299,ICICI_Bluechip,120503
28-03-2018,42.8589,ICICI_Bluechip,120503
27-03-2018,42.8956,ICICI_Bluechip,120503
26-03-2018,42.4293,ICICI_Bluechip,120503
23-03-2018,41.881,ICICI_Bluechip,120503
22-03-2018,42.2615,ICICI_Bluechip,120503
21-03-2018,42.4211,ICICI_Bluechip,120503
20-03-2018,42.2834,ICICI_Bluechip,120503
19-03-2018,42.1986,ICICI_Bluechip,120503
16-03-2018,42.5813,ICICI_Bluechip,120503
15-03-2018,43.2154,ICICI_Bluechip,120503
14-03-2018,43.1976,ICICI_Bluechip,120503
13-03-2018,43.168,ICICI_Bluechip,120503
12-03-2018,43.1646,ICICI_Bluechip,120503
09-03-2018,42.8256,ICICI_Bluechip,120503
08-03-2018,42.6226,ICICI_Bluechip,120503
07-03-2018,42.4853,ICICI_Bluechip,120503
06-03-2018,42.8249,ICICI_Bluechip,120503
05-03-2018,43.1863,ICICI_Bluechip,120503
01-03-2018,43.4761,ICICI_Bluechip,120503
28-02-2018,43.6216,ICICI_Bluechip,120503
27-02-2018,43.7346,ICICI_Bluechip,120503
26-02-2018,43.6298,ICICI_Bluechip,120503
23-02-2018,43.1378,ICICI_Bluechip,120503
22-02-2018,42.5132,ICICI_Bluechip,120503
21-02-2018,42.7113,ICICI_Bluechip,120503
20-02-2018,42.635,ICICI_Bluechip,120503
19-02-2018,42.7144,ICICI_Bluechip,120503
16-02-2018,42.9466,ICICI_Bluechip,120503
15-02-2018,43.1527,ICICI_Bluechip,120503
14-02-2018,43.2179,ICICI_Bluechip,120503
12-02-2018,43.1983,ICICI_Bluechip,120503
09-02-2018,42.7755,ICICI_Bluechip,120503
08-02-2018,42.9776,ICICI_Bluechip,120503
07-02-2018,42.3219,ICICI_Bluechip,120503
06-02-2018,42.3687,ICICI_Bluechip,120503
05-02-2018,43.0571,ICICI_Bluechip,120503
02-02-2018,43.6676,ICICI_Bluechip,120503
01-02-2018,44.8934,ICICI_Bluechip,120503
31-01-2018,44.8938,ICICI_Bluechip,120503
30-01-2018,44.8918,ICICI_Bluechip,120503
29-01-2018,45.31,ICICI_Bluechip,120503
25-01-2018,45.1246,ICICI_Bluechip,120503
24-01-2018,45.3295,ICICI_Bluechip,120503
23-01-2018,45.644,ICICI_Bluechip,120503
22-01-2018,45.7891,ICICI_Bluechip,120503
19-01-2018,45.9092,ICICI_Bluechip,120503
18-01-2018,45.2456,ICICI_Bluechip,120503
17-01-2018,45.0557,ICICI_Bluechip,120503
16-01-2018,44.811,ICICI_Bluechip,120503
15-01-2018,45.1435,ICICI_Bluechip,120503
12-01-2018,45.0602,ICICI_Bluechip,120503
11-01-2018,44.8982,ICICI_Bluechip,120503
10-01-2018,44.7981,ICICI_Bluechip,120503
09-01-2018,44.723,ICICI_Bluechip,120503
08-01-2018,44.813,ICICI_Bluechip,120503
05-01-2018,44.6544,ICICI_Bluechip,120503
04-01-2018,44.1072,ICICI_Bluechip,120503
03-01-2018,43.9237,ICICI_Bluechip,120503
02-01-2018,43.8511,ICICI_Bluechip,120503
01-01-2018,44.0453,ICICI_Bluechip,120503
29-12-2017,44.2977,ICICI_Bluechip,120503
28-12-2017,43.8786,ICICI_Bluechip,120503
27-12-2017,43.9602,ICICI_Bluechip,120503
26-12-2017,44.1143,ICICI_Bluechip,120503
22-12-2017,44.0927,ICICI_Bluechip,120503
21-12-2017,43.9254,ICICI_Bluechip,120503
20-12-2017,43.8332,ICICI_Bluechip,120503
19-12-2017,43.9035,ICICI_Bluechip,120503
18-12-2017,43.5965,ICICI_Bluechip,120503
15-12-2017,43.0731,ICICI_Bluechip,120503
14-12-2017,42.6119,ICICI_Bluechip,120503
13-12-2017,42.6097,ICICI_Bluechip,120503
12-12-2017,42.8721,ICICI_Bluechip,120503
11-12-2017,43.0751,ICICI_Bluechip,120503
08-12-2017,42.8027,ICICI_Bluechip,120503
07-12-2017,42.3686,ICICI_Bluechip,120503
06-12-2017,41.9862,ICICI_Bluechip,120503
05-12-2017,42.2472,ICICI_Bluechip,120503
04-12-2017,42.4191,ICICI_Bluechip,120503
01-12-2017,42.4195,ICICI_Bluechip,120503
30-11-2017,42.6016,ICICI_Bluechip,120503
29-11-2017,42.8964,ICICI_Bluechip,120503
28-11-2017,42.8953,ICICI_Bluechip,120503
27-11-2017,42.7038,ICICI_Bluechip,120503
24-11-2017,42.5955,ICICI_Bluechip,120503
23-11-2017,42.3461,ICICI_Bluechip,120503
22-11-2017,42.4111,ICICI_Bluechip,120503
21-11-2017,42.3903,ICICI_Bluechip,120503
20-11-2017,42.3849,ICICI_Bluechip,120503
17-11-2017,42.2027,ICICI_Bluechip,120503
16-11-2017,41.8798,ICICI_Bluechip,120503
15-11-2017,41.469,ICICI_Bluechip,120503
14-11-2017,41.7377,ICICI_Bluechip,120503
13-11-2017,41.9121,ICICI_Bluechip,120503
10-11-2017,42.1625,ICICI_Bluechip,120503
09-11-2017,42.2021,ICICI_Bluechip,120503
08-11-2017,42.051,ICICI_Bluechip,120503
07-11-2017,42.1968,ICICI_Bluechip,120503
06-11-2017,42.4219,ICICI_Bluechip,120503
03-11-2017,42.442,ICICI_Bluechip,120503
02-11-2017,42.4388,ICICI_Bluechip,120503
01-11-2017,42.4335,ICICI_Bluechip,120503
31-10-2017,42.1959,ICICI_Bluechip,120503
30-10-2017,42.2295,ICICI_Bluechip,120503
27-10-2017,41.8638,ICICI_Bluechip,120503
26-10-2017,41.6251,ICICI_Bluechip,120503
25-10-2017,41.6526,ICICI_Bluechip,120503
24-10-2017,41.8201,ICICI_Bluechip,120503
23-10-2017,41.8592,ICICI_Bluechip,120503
18-10-2017,42.0782,ICICI_Bluechip,120503
17-10-2017,42.1503,ICICI_Bluechip,120503
16-10-2017,42.1965,ICICI_Bluechip,120503
13-10-2017,42.1996,ICICI_Bluechip,120503
12-10-2017,41.9776,ICICI_Bluechip,120503
11-10-2017,41.5534,ICICI_Bluechip,120503
10-10-2017,41.6587,ICICI_Bluechip,120503
09-10-2017,41.4651,ICICI_Bluechip,120503
06-10-2017,41.4115,ICICI_Bluechip,120503
05-10-2017,41.1997,ICICI_Bluechip,120503
04-10-2017,41.2008,ICICI_Bluechip,120503
03-10-2017,41.0754,ICICI_Bluechip,120503
29-09-2017,40.9177,ICICI_Bluechip,120503
28-09-2017,40.659,ICICI_Bluechip,120503
27-09-2017,40.4635,ICICI_Bluechip,120503
26-09-2017,41.1104,ICICI_Bluechip,120503
25-09-2017,41.0216,ICICI_Bluechip,120503
22-09-2017,41.5579,ICICI_Bluechip,120503
21-09-2017,42.1447,ICICI_Bluechip,120503
20-09-2017,42.1747,ICICI_Bluechip,120503
19-09-2017,42.2549,ICICI_Bluechip,120503
18-09-2017,42.2254,ICICI_Bluechip,120503
15-09-2017,41.9728,ICICI_Bluechip,120503
14-09-2017,41.8746,ICICI_Bluechip,120503
13-09-2017,41.8537,ICICI_Bluechip,120503
12-09-2017,42.0057,ICICI_Bluechip,120503
11-09-2017,41.713,ICICI_Bluechip,120503
08-09-2017,41.3939,ICICI_Bluechip,120503
07-09-2017,41.2746,ICICI_Bluechip,120503
06-09-2017,40.8249,ICICI_Bluechip,120503
05-09-2017,40.7617,ICICI_Bluechip,120503
04-09-2017,40.5261,ICICI_Bluechip,120503
01-09-2017,40.7117,ICICI_Bluechip,120503
31-08-2017,40.4839,ICICI_Bluechip,120503
30-08-2017,40.3433,ICICI_Bluechip,120503
29-08-2017,39.9721,ICICI_Bluechip,120503
28-08-2017,40.4418,ICICI_Bluechip,120503
24-08-2017,40.0803,ICICI_Bluechip,120503
23-08-2017,39.9841,ICICI_Bluechip,120503
22-08-2017,39.7218,ICICI_Bluechip,120503
21-08-2017,39.7426,ICICI_Bluechip,120503
18-08-2017,39.9352,ICICI_Bluechip,120503
17-08-2017,40.0426,ICICI_Bluechip,120503
16-08-2017,40.1679,ICICI_Bluechip,120503
14-08-2017,39.7254,ICICI_Bluechip,120503
11-08-2017,39.3275,ICICI_Bluechip,120503
10-08-2017,39.3885,ICICI_Bluechip,120503
09-08-2017,40.0602,ICICI_Bluechip,120503
08-08-2017,40.615,ICICI_Bluechip,120503
07-08-2017,40.9032,ICICI_Bluechip,120503
04-08-2017,40.6241,ICICI_Bluechip,120503
03-08-2017,40.4307,ICICI_Bluechip,120503
02-08-2017,40.7686,ICICI_Bluechip,120503
01-08-2017,40.8371,ICICI_Bluechip,120503
31-07-2017,40.7545,ICICI_Bluechip,120503
28-07-2017,40.5241,ICICI_Bluechip,120503
27-07-2017,40.3421,ICICI_Bluechip,120503
26-07-2017,40.1413,ICICI_Bluechip,120503
25-07-2017,40.0758,ICICI_Bluechip,120503
24-07-2017,40.0444,ICICI_Bluechip,120503
21-07-2017,39.9436,ICICI_Bluechip,120503
20-07-2017,39.7729,ICICI_Bluechip,120503
19-07-2017,39.8442,ICICI_Bluechip,120503
18-07-2017,39.528,ICICI_Bluechip,120503
17-07-2017,39.644,ICICI_Bluechip,120503
14-07-2017,39.5038,ICICI_Bluechip,120503
13-07-2017,39.5849,ICICI_Bluechip,120503
12-07-2017,39.3091,ICICI_Bluechip,120503
11-07-2017,39.2034,ICICI_Bluechip,120503
10-07-2017,39.3134,ICICI_Bluechip,120503
07-07-2017,38.9992,ICICI_Bluechip,120503
06-07-2017,39.0762,ICICI_Bluechip,120503
05-07-2017,38.8788,ICICI_Bluechip,120503
04-07-2017,38.7575,ICICI_Bluechip,120503
03-07-2017,38.7437,ICICI_Bluechip,120503
30-06-2017,38.5957,ICICI_Bluechip,120503
29-06-2017,38.402,ICICI_Bluechip,120503
28-06-2017,38.4284,ICICI_Bluechip,120503
27-06-2017,38.4889,ICICI_Bluechip,120503
23-06-2017,38.8132,ICICI_Bluechip,120503
22-06-2017,39.1303,ICICI_Bluechip,120503
21-06-2017,39.1056,ICICI_Bluechip,120503
20-06-2017,39.152,ICICI_Bluechip,120503
19-06-2017,39.2961,ICICI_Bluechip,120503
16-06-2017,39.0665,ICICI_Bluechip,120503
15-06-2017,39.0056,ICICI_Bluechip,120503
14-06-2017,39.1042,ICICI_Bluechip,120503
13-06-2017,39.0799,ICICI_Bluechip,120503
12-06-2017,39.0069,ICICI_Bluechip,120503
09-06-2017,39.0801,ICICI_Bluechip,120503
08-06-2017,38.8185,ICICI_Bluechip,120503
07-06-2017,38.7054,ICICI_Bluechip,120503
06-06-2017,38.5089,ICICI_Bluechip,120503
05-06-2017,38.5761,ICICI_Bluechip,120503
02-06-2017,38.4372,ICICI_Bluechip,120503
01-06-2017,38.1456,ICICI_Bluechip,120503
31-05-2017,38.0466,ICICI_Bluechip,120503
30-05-2017,37.7915,ICICI_Bluechip,120503
29-05-2017,37.7726,ICICI_Bluechip,120503
26-05-2017,37.9005,ICICI_Bluechip,120503
25-05-2017,37.4522,ICICI_Bluechip,120503
24-05-2017,36.8408,ICICI_Bluechip,120503
23-05-2017,36.9611,ICICI_Bluechip,120503
22-05-2017,37.2391,ICICI_Bluechip,120503
19-05-2017,37.4612,ICICI_Bluechip,120503
18-05-2017,37.7636,ICICI_Bluechip,120503
17-05-2017,38.1886,ICICI_Bluechip,120503
16-05-2017,38.4042,ICICI_Bluechip,120503
15-05-2017,38.2789,ICICI_Bluechip,120503
12-05-2017,38.0429,ICICI_Bluechip,120503
11-05-2017,38.1868,ICICI_Bluechip,120503
10-05-2017,38.1331,ICICI_Bluechip,120503
09-05-2017,37.7357,ICICI_Bluechip,120503
08-05-2017,37.6089,ICICI_Bluechip,120503
05-05-2017,37.5239,ICICI_Bluechip,120503
04-05-2017,37.7064,ICICI_Bluechip,120503
03-05-2017,37.5841,ICICI_Bluechip,120503
02-05-2017,37.5727,ICICI_Bluechip,120503
28-04-2017,37.4136,ICICI_Bluechip,120503
27-04-2017,37.4758,ICICI_Bluechip,120503
26-04-2017,37.4489,ICICI_Bluechip,120503
25-04-2017,37.3847,ICICI_Bluechip,120503
24-04-2017,37.1764,ICICI_Bluechip,120503
21-04-2017,36.7325,ICICI_Bluechip,120503
20-04-2017,36.8038,ICICI_Bluechip,120503
19-04-2017,36.489,ICICI_Bluechip,120503
18-04-2017,36.4412,ICICI_Bluechip,120503
17-04-2017,36.5094,ICICI_Bluechip,120503
13-04-2017,36.6936,ICICI_Bluechip,120503
12-04-2017,36.8213,ICICI_Bluechip,120503
11-04-2017,36.9007,ICICI_Bluechip,120503
10-04-2017,36.6778,ICICI_Bluechip,120503
07-04-2017,36.6454,ICICI_Bluechip,120503
06-04-2017,36.7785,ICICI_Bluechip,120503
05-04-2017,36.7997,ICICI_Bluechip,120503
03-04-2017,36.5586,ICICI_Bluechip,120503
31-03-2017,36.2991,ICICI_Bluechip,120503
30-03-2017,36.3577,ICICI_Bluechip,120503
29-03-2017,36.1291,ICICI_Bluechip,120503
28-03-2017,36.0397,ICICI_Bluechip,120503
27-03-2017,35.9497,ICICI_Bluechip,120503
24-03-2017,36.0363,ICICI_Bluechip,120503
23-03-2017,35.9047,ICICI_Bluechip,120503
22-03-2017,35.7299,ICICI_Bluechip,120503
21-03-2017,35.8909,ICICI_Bluechip,120503
20-03-2017,35.9269,ICICI_Bluechip,120503
17-03-2017,35.8451,ICICI_Bluechip,120503
16-03-2017,35.751,ICICI_Bluechip,120503
15-03-2017,35.4595,ICICI_Bluechip,120503
14-03-2017,35.2493,ICICI_Bluechip,120503
10-03-2017,34.6742,ICICI_Bluechip,120503
09-03-2017,34.5838,ICICI_Bluechip,120503
08-03-2017,34.4506,ICICI_Bluechip,120503
07-03-2017,34.3356,ICICI_Bluechip,120503
06-03-2017,34.4305,ICICI_Bluechip,120503
03-03-2017,34.2938,ICICI_Bluechip,120503
02-03-2017,34.4318,ICICI_Bluechip,120503
01-03-2017,34.7051,ICICI_Bluechip,120503
28-02-2017,34.53,ICICI_Bluechip,120503
27-02-2017,34.478,ICICI_Bluechip,120503
23-02-2017,34.5983,ICICI_Bluechip,120503
22-02-2017,34.5787,ICICI_Bluechip,120503
21-02-2017,34.7434,ICICI_Bluechip,120503
20-02-2017,34.7032,ICICI_Bluechip,120503
17-02-2017,34.5605,ICICI_Bluechip,120503
16-02-2017,34.3374,ICICI_Bluechip,120503
15-02-2017,33.9591,ICICI_Bluechip,120503
14-02-2017,34.2981,ICICI_Bluechip,120503
13-02-2017,34.3026,ICICI_Bluechip,120503
10-02-2017,34.2666,ICICI_Bluechip,120503
09-02-2017,34.1633,ICICI_Bluechip,120503
08-02-2017,34.2462,ICICI_Bluechip,120503
07-02-2017,34.2879,ICICI_Bluechip,120503
06-02-2017,34.2516,ICICI_Bluechip,120503
03-02-2017,34.0524,ICICI_Bluechip,120503
02-02-2017,33.9741,ICICI_Bluechip,120503
01-02-2017,33.9805,ICICI_Bluechip,120503
31-01-2017,33.4018,ICICI_Bluechip,120503
30-01-2017,33.6873,ICICI_Bluechip,120503
27-01-2017,33.6921,ICICI_Bluechip,120503
25-01-2017,33.4747,ICICI_Bluechip,120503
24-01-2017,32.9095,ICICI_Bluechip,120503
23-01-2017,32.5012,ICICI_Bluechip,120503
20-01-2017,32.4128,ICICI_Bluechip,120503
19-01-2017,32.6848,ICICI_Bluechip,120503
18-01-2017,32.6117,ICICI_Bluechip,120503
17-01-2017,32.4342,ICICI_Bluechip,120503
16-01-2017,32.4397,ICICI_Bluechip,120503
13-01-2017,32.4258,ICICI_Bluechip,120503
12-01-2017,32.4691,ICICI_Bluechip,120503
11-01-2017,32.4137,ICICI_Bluechip,120503
10-01-2017,32.1411,ICICI_Bluechip,120503
09-01-2017,31.9912,ICICI_Bluechip,120503
06-01-2017,32.0693,ICICI_Bluechip,120503
05-01-2017,32.0326,ICICI_Bluechip,120503
04-01-2017,31.8272,ICICI_Bluechip,120503
03-01-2017,31.9537,ICICI_Bluechip,120503
02-01-2017,31.9456,ICICI_Bluechip,120503
30-12-2016,31.8709,ICICI_Bluechip,120503
29-12-2016,31.7307,ICICI_Bluechip,120503
28-12-2016,31.384,ICICI_Bluechip,120503
27-12-2016,31.1393,ICICI_Bluechip,120503
26-12-2016,30.8257,ICICI_Bluechip,120503
23-12-2016,31.1878,ICICI_Bluechip,120503
22-12-2016,31.2633,ICICI_Bluechip,120503
21-12-2016,31.5778,ICICI_Bluechip,120503
20-12-2016,31.6173,ICICI_Bluechip,120503
19-12-2016,31.8054,ICICI_Bluechip,120503
16-12-2016,32.0919,ICICI_Bluechip,120503
15-12-2016,32.0776,ICICI_Bluechip,120503
14-12-2016,32.1576,ICICI_Bluechip,120503
13-12-2016,32.3619,ICICI_Bluechip,120503
12-12-2016,32.25,ICICI_Bluechip,120503
09-12-2016,32.5093,ICICI_Bluechip,120503
08-12-2016,32.6371,ICICI_Bluechip,120503
07-12-2016,32.0904,ICICI_Bluechip,120503
06-12-2016,32.2736,ICICI_Bluechip,120503
05-12-2016,32.2203,ICICI_Bluechip,120503
02-12-2016,32.1706,ICICI_Bluechip,120503
01-12-2016,32.6471,ICICI_Bluechip,120503
30-11-2016,32.7938,ICICI_Bluechip,120503
29-11-2016,32.3852,ICICI_Bluechip,120503
28-11-2016,32.2954,ICICI_Bluechip,120503
25-11-2016,32.2696,ICICI_Bluechip,120503
24-11-2016,31.6558,ICICI_Bluechip,120503
23-11-2016,31.8969,ICICI_Bluechip,120503
22-11-2016,31.7987,ICICI_Bluechip,120503
21-11-2016,31.465,ICICI_Bluechip,120503
18-11-2016,32.0324,ICICI_Bluechip,120503
17-11-2016,31.9725,ICICI_Bluechip,120503
16-11-2016,32.0917,ICICI_Bluechip,120503
15-11-2016,31.9294,ICICI_Bluechip,120503
11-11-2016,33.0425,ICICI_Bluechip,120503
10-11-2016,33.9122,ICICI_Bluechip,120503
09-11-2016,33.7079,ICICI_Bluechip,120503
08-11-2016,34.1794,ICICI_Bluechip,120503
07-11-2016,34.1912,ICICI_Bluechip,120503
04-11-2016,34.1118,ICICI_Bluechip,120503
03-11-2016,34.6874,ICICI_Bluechip,120503
02-11-2016,34.8763,ICICI_Bluechip,120503
01-11-2016,35.3692,ICICI_Bluechip,120503
28-10-2016,35.2742,ICICI_Bluechip,120503
27-10-2016,35.1056,ICICI_Bluechip,120503
26-10-2016,35.19,ICICI_Bluechip,120503
25-10-2016,35.0645,ICICI_Bluechip,120503
24-10-2016,35.0094,ICICI_Bluechip,120503
21-10-2016,35.0213,ICICI_Bluechip,120503
20-10-2016,34.8173,ICICI_Bluechip,120503
19-10-2016,34.7616,ICICI_Bluechip,120503
18-10-2016,34.8396,ICICI_Bluechip,120503
17-10-2016,34.3414,ICICI_Bluechip,120503
14-10-2016,34.7682,ICICI_Bluechip,120503
13-10-2016,34.7014,ICICI_Bluechip,120503
10-10-2016,35.1907,ICICI_Bluechip,120503
07-10-2016,35.1869,ICICI_Bluechip,120503
06-10-2016,35.2964,ICICI_Bluechip,120503
05-10-2016,35.3256,ICICI_Bluechip,120503
04-10-2016,35.3535,ICICI_Bluechip,120503
03-10-2016,35.2722,ICICI_Bluechip,120503
30-09-2016,34.5758,ICICI_Bluechip,120503
29-09-2016,34.3278,ICICI_Bluechip,120503
28-09-2016,34.8625,ICICI_Bluechip,120503
27-09-2016,34.7497,ICICI_Bluechip,120503
26-09-2016,34.7529,ICICI_Bluechip,120503
23-09-2016,34.9991,ICICI_Bluechip,120503
22-09-2016,35.0227,ICICI_Bluechip,120503
21-09-2016,34.6859,ICICI_Bluechip,120503
20-09-2016,34.6832,ICICI_Bluechip,120503
19-09-2016,34.7558,ICICI_Bluechip,120503
16-09-2016,34.8283,ICICI_Bluechip,120503
15-09-2016,34.6304,ICICI_Bluechip,120503
14-09-2016,34.5255,ICICI_Bluechip,120503
12-09-2016,34.5872,ICICI_Bluechip,120503
09-09-2016,35.1591,ICICI_Bluechip,120503
08-09-2016,35.3805,ICICI_Bluechip,120503
07-09-2016,35.1675,ICICI_Bluechip,120503
06-09-2016,35.2977,ICICI_Bluechip,120503
02-09-2016,34.9656,ICICI_Bluechip,120503
01-09-2016,34.8799,ICICI_Bluechip,120503
31-08-2016,34.8669,ICICI_Bluechip,120503
30-08-2016,34.726,ICICI_Bluechip,120503
29-08-2016,34.3049,ICICI_Bluechip,120503
26-08-2016,34.3923,ICICI_Bluechip,120503
25-08-2016,34.3744,ICICI_Bluechip,120503
24-08-2016,34.4618,ICICI_Bluechip,120503
23-08-2016,34.3065,ICICI_Bluechip,120503
22-08-2016,34.2859,ICICI_Bluechip,120503
19-08-2016,34.4209,ICICI_Bluechip,120503
18-08-2016,34.4924,ICICI_Bluechip,120503
17-08-2016,34.3508,ICICI_Bluechip,120503
16-08-2016,34.3404,ICICI_Bluechip,120503
12-08-2016,34.4515,ICICI_Bluechip,120503
11-08-2016,34.3164,ICICI_Bluechip,120503
10-08-2016,34.2988,ICICI_Bluechip,120503
09-08-2016,34.7366,ICICI_Bluechip,120503
08-08-2016,34.8229,ICICI_Bluechip,120503
05-08-2016,34.6599,ICICI_Bluechip,120503
04-08-2016,34.3186,ICICI_Bluechip,120503
03-08-2016,34.2669,ICICI_Bluechip,120503
02-08-2016,34.7268,ICICI_Bluechip,120503
01-08-2016,34.7983,ICICI_Bluechip,120503
29-07-2016,34.7703,ICICI_Bluechip,120503
28-07-2016,34.7497,ICICI_Bluechip,120503
27-07-2016,34.2683,ICICI_Bluechip,120503
26-07-2016,34.0496,ICICI_Bluechip,120503
25-07-2016,34.2216,ICICI_Bluechip,120503
22-07-2016,33.8753,ICICI_Bluechip,120503
21-07-2016,33.6839,ICICI_Bluechip,120503
20-07-2016,33.7924,ICICI_Bluechip,120503
19-07-2016,33.4857,ICICI_Bluechip,120503
18-07-2016,33.468,ICICI_Bluechip,120503
15-07-2016,33.5625,ICICI_Bluechip,120503
14-07-2016,33.4704,ICICI_Bluechip,120503
13-07-2016,33.3,ICICI_Bluechip,120503
12-07-2016,33.343,ICICI_Bluechip,120503
11-07-2016,33.1952,ICICI_Bluechip,120503
08-07-2016,32.7291,ICICI_Bluechip,120503
07-07-2016,32.7902,ICICI_Bluechip,120503
05-07-2016,32.8067,ICICI_Bluechip,120503
04-07-2016,32.927,ICICI_Bluechip,120503
01-07-2016,32.8312,ICICI_Bluechip,120503
30-06-2016,32.8316,ICICI_Bluechip,120503
29-06-2016,32.5781,ICICI_Bluechip,120503
28-06-2016,32.2537,ICICI_Bluechip,120503
27-06-2016,32.0321,ICICI_Bluechip,120503
24-06-2016,31.8532,ICICI_Bluechip,120503
23-06-2016,32.4123,ICICI_Bluechip,120503
22-06-2016,32.3207,ICICI_Bluechip,120503
21-06-2016,32.4078,ICICI_Bluechip,120503
20-06-2016,32.419,ICICI_Bluechip,120503
17-06-2016,32.2788,ICICI_Bluechip,120503
16-06-2016,32.2203,ICICI_Bluechip,120503
15-06-2016,32.3829,ICICI_Bluechip,120503
14-06-2016,32.1206,ICICI_Bluechip,120503
13-06-2016,32.0592,ICICI_Bluechip,120503
10-06-2016,32.2419,ICICI_Bluechip,120503
09-06-2016,32.3337,ICICI_Bluechip,120503
08-06-2016,32.5067,ICICI_Bluechip,120503
07-06-2016,32.5025,ICICI_Bluechip,120503
06-06-2016,32.3609,ICICI_Bluechip,120503
03-06-2016,32.354,ICICI_Bluechip,120503
02-06-2016,32.4416,ICICI_Bluechip,120503
01-06-2016,32.4008,ICICI_Bluechip,120503
31-05-2016,32.2497,ICICI_Bluechip,120503
30-05-2016,32.3577,ICICI_Bluechip,120503
27-05-2016,32.2214,ICICI_Bluechip,120503
26-05-2016,31.8498,ICICI_Bluechip,120503
25-05-2016,31.3403,ICICI_Bluechip,120503
24-05-2016,30.7811,ICICI_Bluechip,120503
23-05-2016,30.9309,ICICI_Bluechip,120503
20-05-2016,31.0005,ICICI_Bluechip,120503
19-05-2016,31.0627,ICICI_Bluechip,120503
18-05-2016,31.3772,ICICI_Bluechip,120503
17-05-2016,31.4794,ICICI_Bluechip,120503
16-05-2016,31.3438,ICICI_Bluechip,120503
13-05-2016,31.161,ICICI_Bluechip,120503
12-05-2016,31.3966,ICICI_Bluechip,120503
11-05-2016,31.2078,ICICI_Bluechip,120503
10-05-2016,31.219,ICICI_Bluechip,120503
09-05-2016,31.123,ICICI_Bluechip,120503
06-05-2016,30.7528,ICICI_Bluechip,120503
05-05-2016,30.8117,ICICI_Bluechip,120503
04-05-2016,30.6917,ICICI_Bluechip,120503
03-05-2016,30.7931,ICICI_Bluechip,120503
02-05-2016,30.9972,ICICI_Bluechip,120503
29-04-2016,30.9525,ICICI_Bluechip,120503
28-04-2016,30.8209,ICICI_Bluechip,120503
27-04-2016,31.2075,ICICI_Bluechip,120503
26-04-2016,31.1508,ICICI_Bluechip,120503
25-04-2016,30.7373,ICICI_Bluechip,120503
22-04-2016,30.9638,ICICI_Bluechip,120503
21-04-2016,31.058,ICICI_Bluechip,120503
20-04-2016,31.1638,ICICI_Bluechip,120503
18-04-2016,31.1123,ICICI_Bluechip,120503
13-04-2016,30.947,ICICI_Bluechip,120503
12-04-2016,30.4671,ICICI_Bluechip,120503
11-04-2016,30.2098,ICICI_Bluechip,120503
08-04-2016,29.9438,ICICI_Bluechip,120503
07-04-2016,29.8722,ICICI_Bluechip,120503
06-04-2016,30.0595,ICICI_Bluechip,120503
05-04-2016,29.9676,ICICI_Bluechip,120503
04-04-2016,30.3538,ICICI_Bluechip,120503
01-04-2016,30.3141,ICICI_Bluechip,120503
31-03-2016,30.3426,ICICI_Bluechip,120503
30-03-2016,30.2039,ICICI_Bluechip,120503
29-03-2016,29.858,ICICI_Bluechip,120503
28-03-2016,29.9016,ICICI_Bluechip,120503
23-03-2016,30.2639,ICICI_Bluechip,120503
22-03-2016,30.256,ICICI_Bluechip,120503
21-03-2016,30.1955,ICICI_Bluechip,120503
18-03-2016,29.6795,ICICI_Bluechip,120503
17-03-2016,29.4553,ICICI_Bluechip,120503
16-03-2016,29.3725,ICICI_Bluechip,120503
15-03-2016,29.3713,ICICI_Bluechip,120503
14-03-2016,29.7399,ICICI_Bluechip,120503
11-03-2016,29.6476,ICICI_Bluechip,120503
10-03-2016,29.5812,ICICI_Bluechip,120503
09-03-2016,29.5713,ICICI_Bluechip,120503
08-03-2016,29.5397,ICICI_Bluechip,120503
04-03-2016,29.5697,ICICI_Bluechip,120503
03-03-2016,29.5679,ICICI_Bluechip,120503
02-03-2016,29.2089,ICICI_Bluechip,120503
01-03-2016,28.7737,ICICI_Bluechip,120503
29-02-2016,28.1303,ICICI_Bluechip,120503
26-02-2016,28.0774,ICICI_Bluechip,120503
25-02-2016,28.0521,ICICI_Bluechip,120503
24-02-2016,28.2435,ICICI_Bluechip,120503
23-02-2016,28.6382,ICICI_Bluechip,120503
22-02-2016,29.0003,ICICI_Bluechip,120503
19-02-2016,28.8974,ICICI_Bluechip,120503
18-02-2016,28.8928,ICICI_Bluechip,120503
17-02-2016,28.6926,ICICI_Bluechip,120503
16-02-2016,28.5158,ICICI_Bluechip,120503
15-02-2016,29.0124,ICICI_Bluechip,120503
12-02-2016,28.5467,ICICI_Bluechip,120503
11-02-2016,28.6778,ICICI_Bluechip,120503
10-02-2016,29.6319,ICICI_Bluechip,120503
09-02-2016,29.8739,ICICI_Bluechip,120503
08-02-2016,30.2905,ICICI_Bluechip,120503
05-02-2016,30.5141,ICICI_Bluechip,120503
04-02-2016,30.15,ICICI_Bluechip,120503
03-02-2016,29.9633,ICICI_Bluechip,120503
02-02-2016,30.2285,ICICI_Bluechip,120503
01-02-2016,30.6624,ICICI_Bluechip,120503
29-01-2016,30.6268,ICICI_Bluechip,120503
28-01-2016,29.9832,ICICI_Bluechip,120503
27-01-2016,30.1079,ICICI_Bluechip,120503
25-01-2016,29.9893,ICICI_Bluechip,120503
22-01-2016,29.7542,ICICI_Bluechip,120503
21-01-2016,29.2132,ICICI_Bluechip,120503
20-01-2016,29.3219,ICICI_Bluechip,120503
19-01-2016,29.6193,ICICI_Bluechip,120503
18-01-2016,29.358,ICICI_Bluechip,120503
15-01-2016,30.0061,ICICI_Bluechip,120503
14-01-2016,30.4179,ICICI_Bluechip,120503
13-01-2016,30.6532,ICICI_Bluechip,120503
12-01-2016,30.6696,ICICI_Bluechip,120503
11-01-2016,30.8995,ICICI_Bluechip,120503
08-01-2016,31.11,ICICI_Bluechip,120503
07-01-2016,30.9356,ICICI_Bluechip,120503
06-01-2016,31.4329,ICICI_Bluechip,120503
05-01-2016,31.4237,ICICI_Bluechip,120503
04-01-2016,31.4808,ICICI_Bluechip,120503
01-01-2016,31.9147,ICICI_Bluechip,120503
31-12-2015,31.7424,ICICI_Bluechip,120503
30-12-2015,31.5605,ICICI_Bluechip,120503
29-12-2015,31.6454,ICICI_Bluechip,120503
28-12-2015,31.523,ICICI_Bluechip,120503
24-12-2015,31.3257,ICICI_Bluechip,120503
23-12-2015,31.2991,ICICI_Bluechip,120503
22-12-2015,31.0584,ICICI_Bluechip,120503
21-12-2015,31.0622,ICICI_Bluechip,120503
18-12-2015,31.0875,ICICI_Bluechip,120503
17-12-2015,31.265,ICICI_Bluechip,120503
16-12-2015,30.8023,ICICI_Bluechip,120503
15-12-2015,30.6459,ICICI_Bluechip,120503
14-12-2015,30.4039,ICICI_Bluechip,120503
11-12-2015,30.2825,ICICI_Bluechip,120503
10-12-2015,30.5499,ICICI_Bluechip,120503
09-12-2015,30.3766,ICICI_Bluechip,120503
08-12-2015,30.6797,ICICI_Bluechip,120503
07-12-2015,30.8644,ICICI_Bluechip,120503
04-12-2015,30.7805,ICICI_Bluechip,120503
03-12-2015,30.986,ICICI_Bluechip,120503
02-12-2015,31.1498,ICICI_Bluechip,120503
01-12-2015,31.2789,ICICI_Bluechip,120503
30-11-2015,31.1953,ICICI_Bluechip,120503
27-11-2015,31.2358,ICICI_Bluechip,120503
26-11-2015,31.0137,ICICI_Bluechip,120503
24-11-2015,31.0188,ICICI_Bluechip,120503
23-11-2015,31.1561,ICICI_Bluechip,120503
20-11-2015,31.2654,ICICI_Bluechip,120503
19-11-2015,31.1586,ICICI_Bluechip,120503
18-11-2015,30.6824,ICICI_Bluechip,120503
17-11-2015,30.7813,ICICI_Bluechip,120503
16-11-2015,30.5676,ICICI_Bluechip,120503
13-11-2015,30.5901,ICICI_Bluechip,120503
10-11-2015,30.5802,ICICI_Bluechip,120503
09-11-2015,30.9535,ICICI_Bluechip,120503
06-11-2015,31.0676,ICICI_Bluechip,120503
05-11-2015,31.2215,ICICI_Bluechip,120503
04-11-2015,31.7151,ICICI_Bluechip,120503
03-11-2015,31.877,ICICI_Bluechip,120503
02-11-2015,31.8613,ICICI_Bluechip,120503
30-10-2015,32.0137,ICICI_Bluechip,120503
29-10-2015,31.9364,ICICI_Bluechip,120503
28-10-2015,32.1179,ICICI_Bluechip,120503
27-10-2015,32.2086,ICICI_Bluechip,120503
26-10-2015,32.197,ICICI_Bluechip,120503
23-10-2015,32.3006,ICICI_Bluechip,120503
21-10-2015,32.2841,ICICI_Bluechip,120503
20-10-2015,32.394,ICICI_Bluechip,120503
19-10-2015,32.2097,ICICI_Bluechip,120503
16-10-2015,32.1644,ICICI_Bluechip,120503
15-10-2015,32.018,ICICI_Bluechip,120503
14-10-2015,31.9508,ICICI_Bluechip,120503
13-10-2015,31.9182,ICICI_Bluechip,120503
12-10-2015,32.0015,ICICI_Bluechip,120503
09-10-2015,32.0619,ICICI_Bluechip,120503
08-10-2015,32.0108,ICICI_Bluechip,120503
07-10-2015,32.1395,ICICI_Bluechip,120503
06-10-2015,32.0778,ICICI_Bluechip,120503
05-10-2015,32.0854,ICICI_Bluechip,120503
01-10-2015,31.6707,ICICI_Bluechip,120503
30-09-2015,31.6634,ICICI_Bluechip,120503
29-09-2015,31.5043,ICICI_Bluechip,120503
28-09-2015,31.4118,ICICI_Bluechip,120503
24-09-2015,31.6422,ICICI_Bluechip,120503
23-09-2015,31.4679,ICICI_Bluechip,120503
22-09-2015,31.3324,ICICI_Bluechip,120503
21-09-2015,31.8538,ICICI_Bluechip,120503
18-09-2015,31.7732,ICICI_Bluechip,120503
16-09-2015,31.3223,ICICI_Bluechip,120503
15-09-2015,31.2733,ICICI_Bluechip,120503
14-09-2015,31.3515,ICICI_Bluechip,120503
11-09-2015,31.1477,ICICI_Bluechip,120503
10-09-2015,31.1556,ICICI_Bluechip,120503
09-09-2015,31.1632,ICICI_Bluechip,120503
08-09-2015,30.6846,ICICI_Bluechip,120503
07-09-2015,30.5063,ICICI_Bluechip,120503
04-09-2015,30.918,ICICI_Bluechip,120503
03-09-2015,31.5328,ICICI_Bluechip,120503
02-09-2015,31.1915,ICICI_Bluechip,120503
01-09-2015,31.1741,ICICI_Bluechip,120503
31-08-2015,31.7904,ICICI_Bluechip,120503
28-08-2015,31.8836,ICICI_Bluechip,120503
27-08-2015,31.8271,ICICI_Bluechip,120503
26-08-2015,31.0287,ICICI_Bluechip,120503
25-08-2015,31.3289,ICICI_Bluechip,120503
24-08-2015,31.2214,ICICI_Bluechip,120503
21-08-2015,33.2579,ICICI_Bluechip,120503
20-08-2015,33.4963,ICICI_Bluechip,120503
19-08-2015,33.9152,ICICI_Bluechip,120503
18-08-2015,33.646,ICICI_Bluechip,120503
17-08-2015,33.5512,ICICI_Bluechip,120503
14-08-2015,33.5072,ICICI_Bluechip,120503
13-08-2015,32.8864,ICICI_Bluechip,120503
12-08-2015,32.8422,ICICI_Bluechip,120503
11-08-2015,33.2314,ICICI_Bluechip,120503
10-08-2015,33.3264,ICICI_Bluechip,120503
07-08-2015,33.4199,ICICI_Bluechip,120503
06-08-2015,33.3743,ICICI_Bluechip,120503
05-08-2015,33.2522,ICICI_Bluechip,120503
04-08-2015,32.8123,ICICI_Bluechip,120503
03-08-2015,32.4681,ICICI_Bluechip,120503
31-07-2015,32.467,ICICI_Bluechip,120503
30-07-2015,32.3404,ICICI_Bluechip,120503
29-07-2015,32.2103,ICICI_Bluechip,120503
28-07-2015,31.9281,ICICI_Bluechip,120503
27-07-2015,31.928,ICICI_Bluechip,120503
24-07-2015,32.3235,ICICI_Bluechip,120503
23-07-2015,32.3357,ICICI_Bluechip,120503
22-07-2015,32.4932,ICICI_Bluechip,120503
21-07-2015,32.3062,ICICI_Bluechip,120503
20-07-2015,32.8068,ICICI_Bluechip,120503
17-07-2015,32.7746,ICICI_Bluechip,120503
16-07-2015,32.751,ICICI_Bluechip,120503
15-07-2015,32.3862,ICICI_Bluechip,120503
14-07-2015,32.1318,ICICI_Bluechip,120503
13-07-2015,32.1829,ICICI_Bluechip,120503
10-07-2015,31.8118,ICICI_Bluechip,120503
09-07-2015,31.6663,ICICI_Bluechip,120503
08-07-2015,31.7819,ICICI_Bluechip,120503
07-07-2015,32.1924,ICICI_Bluechip,120503
06-07-2015,32.1055,ICICI_Bluechip,120503
03-07-2015,32.0196,ICICI_Bluechip,120503
02-07-2015,32.0166,ICICI_Bluechip,120503
01-07-2015,31.9387,ICICI_Bluechip,120503
30-06-2015,31.6504,ICICI_Bluechip,120503
29-06-2015,31.4268,ICICI_Bluechip,120503
26-06-2015,31.7973,ICICI_Bluechip,120503
25-06-2015,31.7998,ICICI_Bluechip,120503
24-06-2015,31.6101,ICICI_Bluechip,120503
23-06-2015,31.6685,ICICI_Bluechip,120503
22-06-2015,31.5446,ICICI_Bluechip,120503
19-06-2015,31.1488,ICICI_Bluechip,120503
18-06-2015,31.0028,ICICI_Bluechip,120503
17-06-2015,30.5807,ICICI_Bluechip,120503
16-06-2015,30.2884,ICICI_Bluechip,120503
15-06-2015,30.2065,ICICI_Bluechip,120503
12-06-2015,30.0924,ICICI_Bluechip,120503
11-06-2015,30.2249,ICICI_Bluechip,120503
10-06-2015,30.6897,ICICI_Bluechip,120503
09-06-2015,30.29,ICICI_Bluechip,120503
08-06-2015,30.4278,ICICI_Bluechip,120503
05-06-2015,30.7798,ICICI_Bluechip,120503
04-06-2015,30.815,ICICI_Bluechip,120503
03-06-2015,30.7576,ICICI_Bluechip,120503
02-06-2015,31.1166,ICICI_Bluechip,120503
01-06-2015,31.6586,ICICI_Bluechip,120503
29-05-2015,31.8416,ICICI_Bluechip,120503
28-05-2015,31.3662,ICICI_Bluechip,120503
27-05-2015,31.4793,ICICI_Bluechip,120503
26-05-2015,31.7168,ICICI_Bluechip,120503
25-05-2015,31.9221,ICICI_Bluechip,120503
22-05-2015,32.0902,ICICI_Bluechip,120503
21-05-2015,31.9179,ICICI_Bluechip,120503
20-05-2015,31.865,ICICI_Bluechip,120503
19-05-2015,31.6987,ICICI_Bluechip,120503
18-05-2015,31.7115,ICICI_Bluechip,120503
15-05-2015,31.4703,ICICI_Bluechip,120503
14-05-2015,31.1969,ICICI_Bluechip,120503
13-05-2015,31.1284,ICICI_Bluechip,120503
12-05-2015,30.732,ICICI_Bluechip,120503
11-05-2015,31.2258,ICICI_Bluechip,120503
08-05-2015,30.7078,ICICI_Bluechip,120503
07-05-2015,30.1706,ICICI_Bluechip,120503
06-05-2015,30.494,ICICI_Bluechip,120503
05-05-2015,31.3228,ICICI_Bluechip,120503
04-05-2015,31.2359,ICICI_Bluechip,120503
30-04-2015,30.8966,ICICI_Bluechip,120503
29-04-2015,30.829,ICICI_Bluechip,120503
28-04-2015,30.6372,ICICI_Bluechip,120503
27-04-2015,30.3803,ICICI_Bluechip,120503
24-04-2015,30.8648,ICICI_Bluechip,120503
23-04-2015,31.4737,ICICI_Bluechip,120503
22-04-2015,31.5142,ICICI_Bluechip,120503
21-04-2015,31.5093,ICICI_Bluechip,120503
20-04-2015,31.8738,ICICI_Bluechip,120503
17-04-2015,32.3058,ICICI_Bluechip,120503
16-04-2015,32.8264,ICICI_Bluechip,120503
15-04-2015,33.0515,ICICI_Bluechip,120503
13-04-2015,33.2823,ICICI_Bluechip,120503
10-04-2015,33.136,ICICI_Bluechip,120503
09-04-2015,33.1982,ICICI_Bluechip,120503
08-04-2015,32.9273,ICICI_Bluechip,120503
07-04-2015,32.6857,ICICI_Bluechip,120503
06-04-2015,32.6869,ICICI_Bluechip,120503
01-04-2015,32.3301,ICICI_Bluechip,120503
31-03-2015,31.9463,ICICI_Bluechip,120503
30-03-2015,31.906,ICICI_Bluechip,120503
27-03-2015,31.4144,ICICI_Bluechip,120503
26-03-2015,31.3885,ICICI_Bluechip,120503
25-03-2015,31.8863,ICICI_Bluechip,120503
24-03-2015,32.1688,ICICI_Bluechip,120503
23-03-2015,32.2228,ICICI_Bluechip,120503
20-03-2015,32.3691,ICICI_Bluechip,120503
19-03-2015,32.4866,ICICI_Bluechip,120503
18-03-2015,32.5553,ICICI_Bluechip,120503
17-03-2015,32.5896,ICICI_Bluechip,120503
16-03-2015,32.2082,ICICI_Bluechip,120503
13-03-2015,32.3025,ICICI_Bluechip,120503
12-03-2015,32.6953,ICICI_Bluechip,120503
11-03-2015,32.4226,ICICI_Bluechip,120503
10-03-2015,32.4392,ICICI_Bluechip,120503
09-03-2015,32.6533,ICICI_Bluechip,120503
05-03-2015,33.0907,ICICI_Bluechip,120503
04-03-2015,32.6889,ICICI_Bluechip,120503
03-03-2015,32.7511,ICICI_Bluechip,120503
02-03-2015,32.332,ICICI_Bluechip,120503
27-02-2015,31.61,ICICI_Bluechip,120503
26-02-2015,31.1419,ICICI_Bluechip,120503
25-02-2015,31.5283,ICICI_Bluechip,120503
24-02-2015,31.6726,ICICI_Bluechip,120503
23-02-2015,31.6449,ICICI_Bluechip,120503
20-02-2015,31.7886,ICICI_Bluechip,120503
19-02-2015,31.9522,ICICI_Bluechip,120503
18-02-2015,31.8978,ICICI_Bluechip,120503
16-02-2015,31.4458,ICICI_Bluechip,120503
13-02-2015,31.418,ICICI_Bluechip,120503
12-02-2015,31.1078,ICICI_Bluechip,120503
11-02-2015,30.7771,ICICI_Bluechip,120503
10-02-2015,30.3335,ICICI_Bluechip,120503
09-02-2015,30.2365,ICICI_Bluechip,120503
06-02-2015,30.5713,ICICI_Bluechip,120503
05-02-2015,30.8805,ICICI_Bluechip,120503
04-02-2015,30.8819,ICICI_Bluechip,120503
03-02-2015,31.1223,ICICI_Bluechip,120503
02-02-2015,31.3209,ICICI_Bluechip,120503
30-01-2015,31.2553,ICICI_Bluechip,120503
29-01-2015,31.5677,ICICI_Bluechip,120503
28-01-2015,31.6708,ICICI_Bluechip,120503
27-01-2015,31.7096,ICICI_Bluechip,120503
23-01-2015,31.2909,ICICI_Bluechip,120503
22-01-2015,31.1537,ICICI_Bluechip,120503
21-01-2015,31.1253,ICICI_Bluechip,120503
20-01-2015,31.0859,ICICI_Bluechip,120503
19-01-2015,30.9549,ICICI_Bluechip,120503
16-01-2015,30.8147,ICICI_Bluechip,120503
15-01-2015,30.6178,ICICI_Bluechip,120503
14-01-2015,30.1817,ICICI_Bluechip,120503
13-01-2015,30.0581,ICICI_Bluechip,120503
12-01-2015,30.0342,ICICI_Bluechip,120503
09-01-2015,29.8206,ICICI_Bluechip,120503
08-01-2015,29.7028,ICICI_Bluechip,120503
07-01-2015,29.2748,ICICI_Bluechip,120503
06-01-2015,29.2677,ICICI_Bluechip,120503
05-01-2015,29.9841,ICICI_Bluechip,120503
02-01-2015,29.9872,ICICI_Bluechip,120503
01-01-2015,29.5761,ICICI_Bluechip,120503
31-12-2014,29.4276,ICICI_Bluechip,120503
30-12-2014,29.1987,ICICI_Bluechip,120503
29-12-2014,29.0845,ICICI_Bluechip,120503
26-12-2014,28.8359,ICICI_Bluechip,120503
24-12-2014,28.7047,ICICI_Bluechip,120503
23-12-2014,28.9268,ICICI_Bluechip,120503
22-12-2014,29.0177,ICICI_Bluechip,120503
19-12-2014,28.794,ICICI_Bluechip,120503
18-12-2014,28.6529,ICICI_Bluechip,120503
17-12-2014,27.9985,ICICI_Bluechip,120503
16-12-2014,28.1571,ICICI_Bluechip,120503
15-12-2014,28.6602,ICICI_Bluechip,120503
12-12-2014,28.6958,ICICI_Bluechip,120503
11-12-2014,28.9082,ICICI_Bluechip,120503
10-12-2014,28.8866,ICICI_Bluechip,120503
09-12-2014,28.8865,ICICI_Bluechip,120503
08-12-2014,29.1879,ICICI_Bluechip,120503
05-12-2014,29.3389,ICICI_Bluechip,120503
04-12-2014,29.3911,ICICI_Bluechip,120503
03-12-2014,29.2435,ICICI_Bluechip,120503
02-12-2014,29.0315,ICICI_Bluechip,120503
01-12-2014,28.983,ICICI_Bluechip,120503
28-11-2014,29.0311,ICICI_Bluechip,120503
27-11-2014,28.7032,ICICI_Bluechip,120503
26-11-2014,28.7161,ICICI_Bluechip,120503
25-11-2014,28.7035,ICICI_Bluechip,120503
24-11-2014,29.0243,ICICI_Bluechip,120503
21-11-2014,28.9801,ICICI_Bluechip,120503
20-11-2014,28.8198,ICICI_Bluechip,120503
19-11-2014,28.7373,ICICI_Bluechip,120503
18-11-2014,28.71,ICICI_Bluechip,120503
17-11-2014,28.6139,ICICI_Bluechip,120503
14-11-2014,28.4932,ICICI_Bluechip,120503
13-11-2014,28.3492,ICICI_Bluechip,120503
12-11-2014,28.3193,ICICI_Bluechip,120503
11-11-2014,28.2391,ICICI_Bluechip,120503
10-11-2014,28.0042,ICICI_Bluechip,120503
07-11-2014,28.0049,ICICI_Bluechip,120503
05-11-2014,27.8847,ICICI_Bluechip,120503
03-11-2014,27.7722,ICICI_Bluechip,120503
31-10-2014,27.7075,ICICI_Bluechip,120503
30-10-2014,27.2917,ICICI_Bluechip,120503
29-10-2014,27.0544,ICICI_Bluechip,120503
28-10-2014,26.971,ICICI_Bluechip,120503
27-10-2014,26.8094,ICICI_Bluechip,120503
22-10-2014,26.5601,ICICI_Bluechip,120503
21-10-2014,26.2067,ICICI_Bluechip,120503
20-10-2014,25.9058,ICICI_Bluechip,120503
17-10-2014,25.5407,ICICI_Bluechip,120503
16-10-2014,25.544,ICICI_Bluechip,120503
14-10-2014,26.0296,ICICI_Bluechip,120503
13-10-2014,26.1395,ICICI_Bluechip,120503
10-10-2014,25.9356,ICICI_Bluechip,120503
09-10-2014,26.3647,ICICI_Bluechip,120503
08-10-2014,26.0109,ICICI_Bluechip,120503
07-10-2014,26.1357,ICICI_Bluechip,120503
01-10-2014,26.4262,ICICI_Bluechip,120503
30-09-2014,26.5027,ICICI_Bluechip,120503
29-09-2014,26.3527,ICICI_Bluechip,120503
26-09-2014,26.1973,ICICI_Bluechip,120503
25-09-2014,26.0441,ICICI_Bluechip,120503
24-09-2014,26.3201,ICICI_Bluechip,120503
23-09-2014,26.4886,ICICI_Bluechip,120503
22-09-2014,26.8572,ICICI_Bluechip,120503
19-09-2014,26.9457,ICICI_Bluechip,120503
18-09-2014,26.7414,ICICI_Bluechip,120503
17-09-2014,26.304,ICICI_Bluechip,120503
16-09-2014,26.2875,ICICI_Bluechip,120503
15-09-2014,26.9339,ICICI_Bluechip,120503
12-09-2014,27.0259,ICICI_Bluechip,120503
11-09-2014,26.9513,ICICI_Bluechip,120503
10-09-2014,26.6955,ICICI_Bluechip,120503
09-09-2014,26.7198,ICICI_Bluechip,120503
08-09-2014,26.6756,ICICI_Bluechip,120503
05-09-2014,26.3654,ICICI_Bluechip,120503
04-09-2014,26.3266,ICICI_Bluechip,120503
03-09-2014,26.2996,ICICI_Bluechip,120503
02-09-2014,26.1127,ICICI_Bluechip,120503
01-09-2014,25.8567,ICICI_Bluechip,120503
28-08-2014,25.6427,ICICI_Bluechip,120503
27-08-2014,25.6423,ICICI_Bluechip,120503
26-08-2014,25.4898,ICICI_Bluechip,120503
25-08-2014,25.5033,ICICI_Bluechip,120503
22-08-2014,25.3697,ICICI_Bluechip,120503
21-08-2014,25.2649,ICICI_Bluechip,120503
20-08-2014,25.1107,ICICI_Bluechip,120503
19-08-2014,25.0309,ICICI_Bluechip,120503
18-08-2014,24.7553,ICICI_Bluechip,120503
14-08-2014,24.5198,ICICI_Bluechip,120503
13-08-2014,24.3864,ICICI_Bluechip,120503
12-08-2014,24.3387,ICICI_Bluechip,120503
11-08-2014,24.0808,ICICI_Bluechip,120503
08-08-2014,23.8891,ICICI_Bluechip,120503
07-08-2014,24.1782,ICICI_Bluechip,120503
06-08-2014,24.2479,ICICI_Bluechip,120503
05-08-2014,24.3007,ICICI_Bluechip,120503
04-08-2014,24.1119,ICICI_Bluechip,120503
01-08-2014,23.9306,ICICI_Bluechip,120503
31-07-2014,24.3442,ICICI_Bluechip,120503
30-07-2014,24.4922,ICICI_Bluechip,120503
28-07-2014,24.379,ICICI_Bluechip,120503
25-07-2014,24.4078,ICICI_Bluechip,120503
24-07-2014,24.3907,ICICI_Bluechip,120503
23-07-2014,24.3382,ICICI_Bluechip,120503
22-07-2014,24.4144,ICICI_Bluechip,120503
21-07-2014,24.3276,ICICI_Bluechip,120503
18-07-2014,24.2664,ICICI_Bluechip,120503
17-07-2014,24.2263,ICICI_Bluechip,120503
16-07-2014,23.901,ICICI_Bluechip,120503
15-07-2014,23.6,ICICI_Bluechip,120503
14-07-2014,23.2051,ICICI_Bluechip,120503
11-07-2014,23.2346,ICICI_Bluechip,120503
10-07-2014,23.5146,ICICI_Bluechip,120503
09-07-2014,23.4313,ICICI_Bluechip,120503
08-07-2014,23.7186,ICICI_Bluechip,120503
07-07-2014,24.275,ICICI_Bluechip,120503
04-07-2014,24.2967,ICICI_Bluechip,120503
03-07-2014,24.1979,ICICI_Bluechip,120503
02-07-2014,24.016,ICICI_Bluechip,120503
01-07-2014,23.6544,ICICI_Bluechip,120503
30-06-2014,23.4051,ICICI_Bluechip,120503
27-06-2014,23.056,ICICI_Bluechip,120503
26-06-2014,22.8592,ICICI_Bluechip,120503
25-06-2014,22.8644,ICICI_Bluechip,120503
24-06-2014,22.868,ICICI_Bluechip,120503
23-06-2014,22.735,ICICI_Bluechip,120503
20-06-2014,22.712,ICICI_Bluechip,120503
19-06-2014,22.8413,ICICI_Bluechip,120503
18-06-2014,22.9573,ICICI_Bluechip,120503
17-06-2014,22.962,ICICI_Bluechip,120503
16-06-2014,22.6519,ICICI_Bluechip,120503
13-06-2014,22.6572,ICICI_Bluechip,120503
12-06-2014,22.9122,ICICI_Bluechip,120503
11-06-2014,22.7528,ICICI_Bluechip,120503
10-06-2014,22.9365,ICICI_Bluechip,120503
09-06-2014,22.7465,ICICI_Bluechip,120503
06-06-2014,22.532,ICICI_Bluechip,120503
05-06-2014,22.3183,ICICI_Bluechip,120503
04-06-2014,22.2,ICICI_Bluechip,120503
03-06-2014,22.1067,ICICI_Bluechip,120503
02-06-2014,21.9387,ICICI_Bluechip,120503
30-05-2014,21.5867,ICICI_Bluechip,120503
29-05-2014,21.443,ICICI_Bluechip,120503
28-05-2014,21.5662,ICICI_Bluechip,120503
27-05-2014,21.5816,ICICI_Bluechip,120503
26-05-2014,21.5244,ICICI_Bluechip,120503
23-05-2014,21.6334,ICICI_Bluechip,120503
22-05-2014,21.4746,ICICI_Bluechip,120503
21-05-2014,21.2438,ICICI_Bluechip,120503
20-05-2014,21.1322,ICICI_Bluechip,120503
19-05-2014,20.9973,ICICI_Bluechip,120503
16-05-2014,20.6892,ICICI_Bluechip,120503
15-05-2014,20.4944,ICICI_Bluechip,120503
14-05-2014,20.4753,ICICI_Bluechip,120503
13-05-2014,20.553,ICICI_Bluechip,120503
12-05-2014,20.4204,ICICI_Bluechip,120503
09-05-2014,20.0994,ICICI_Bluechip,120503
08-05-2014,19.706,ICICI_Bluechip,120503
07-05-2014,19.6396,ICICI_Bluechip,120503
06-05-2014,19.6623,ICICI_Bluechip,120503
05-05-2014,19.615,ICICI_Bluechip,120503
02-05-2014,19.6001,ICICI_Bluechip,120503
30-04-2014,19.5769,ICICI_Bluechip,120503
29-04-2014,19.6588,ICICI_Bluechip,120503
28-04-2014,19.7565,ICICI_Bluechip,120503
25-04-2014,19.6863,ICICI_Bluechip,120503
23-04-2014,19.8523,ICICI_Bluechip,120503
22-04-2014,19.6741,ICICI_Bluechip,120503
21-04-2014,19.5891,ICICI_Bluechip,120503
17-04-2014,19.4383,ICICI_Bluechip,120503
16-04-2014,19.2266,ICICI_Bluechip,120503
15-04-2014,19.4304,ICICI_Bluechip,120503
11-04-2014,19.4665,ICICI_Bluechip,120503
10-04-2014,19.5023,ICICI_Bluechip,120503
09-04-2014,19.4787,ICICI_Bluechip,120503
07-04-2014,19.227,ICICI_Bluechip,120503
04-04-2014,19.2274,ICICI_Bluechip,120503
03-04-2014,19.3331,ICICI_Bluechip,120503
02-04-2014,19.3511,ICICI_Bluechip,120503
01-04-2014,19.2809,ICICI_Bluechip,120503
31-03-2014,19.4192,ICICI_Bluechip,120503
28-03-2014,19.3006,ICICI_Bluechip,120503
27-03-2014,19.1714,ICICI_Bluechip,120503
26-03-2014,19.1321,ICICI_Bluechip,120503
25-03-2014,19.1559,ICICI_Bluechip,120503
24-03-2014,19.0559,ICICI_Bluechip,120503
21-03-2014,18.8267,ICICI_Bluechip,120503
20-03-2014,18.8054,ICICI_Bluechip,120503
19-03-2014,18.8426,ICICI_Bluechip,120503
18-03-2014,18.7905,ICICI_Bluechip,120503
14-03-2014,18.6636,ICICI_Bluechip,120503
13-03-2014,18.6354,ICICI_Bluechip,120503
12-03-2014,18.6535,ICICI_Bluechip,120503
11-03-2014,18.5457,ICICI_Bluechip,120503
10-03-2014,18.5498,ICICI_Bluechip,120503
07-03-2014,18.4912,ICICI_Bluechip,120503
06-03-2014,18.338,ICICI_Bluechip,120503
05-03-2014,18.1757,ICICI_Bluechip,120503
04-03-2014,18.0637,ICICI_Bluechip,120503
03-03-2014,17.9248,ICICI_Bluechip,120503
28-02-2014,17.9986,ICICI_Bluechip,120503
26-02-2014,17.8435,ICICI_Bluechip,120503
25-02-2014,17.7507,ICICI_Bluechip,120503
24-02-2014,17.6829,ICICI_Bluechip,120503
21-02-2014,17.534,ICICI_Bluechip,120503
20-02-2014,17.3602,ICICI_Bluechip,120503
19-02-2014,17.4558,ICICI_Bluechip,120503
18-02-2014,17.3448,ICICI_Bluechip,120503
17-02-2014,17.1245,ICICI_Bluechip,120503
14-02-2014,17.0933,ICICI_Bluechip,120503
13-02-2014,16.9622,ICICI_Bluechip,120503
12-02-2014,17.1504,ICICI_Bluechip,120503
11-02-2014,17.0838,ICICI_Bluechip,120503
10-02-2014,17.0094,ICICI_Bluechip,120503
07-02-2014,17.0349,ICICI_Bluechip,120503
06-02-2014,16.9746,ICICI_Bluechip,120503
05-02-2014,16.9623,ICICI_Bluechip,120503
04-02-2014,16.886,ICICI_Bluechip,120503
03-02-2014,16.8643,ICICI_Bluechip,120503
31-01-2014,16.9655,ICICI_Bluechip,120503
30-01-2014,16.8303,ICICI_Bluechip,120503
29-01-2014,16.9315,ICICI_Bluechip,120503
28-01-2014,16.9029,ICICI_Bluechip,120503
27-01-2014,16.949,ICICI_Bluechip,120503
24-01-2014,17.2293,ICICI_Bluechip,120503
23-01-2014,17.459,ICICI_Bluechip,120503
22-01-2014,17.4253,ICICI_Bluechip,120503
21-01-2014,17.4136,ICICI_Bluechip,120503
20-01-2014,17.432,ICICI_Bluechip,120503
17-01-2014,17.2904,ICICI_Bluechip,120503
16-01-2014,17.5559,ICICI_Bluechip,120503
15-01-2014,17.6156,ICICI_Bluechip,120503
14-01-2014,17.4504,ICICI_Bluechip,120503
13-01-2014,17.4915,ICICI_Bluechip,120503
10-01-2014,17.347,ICICI_Bluechip,120503
09-01-2014,17.3968,ICICI_Bluechip,120503
08-01-2014,17.4401,ICICI_Bluechip,120503
07-01-2014,17.3428,ICICI_Bluechip,120503
06-01-2014,17.3726,ICICI_Bluechip,120503
03-01-2014,17.3062,ICICI_Bluechip,120503
02-01-2014,17.2465,ICICI_Bluechip,120503
01-01-2014,17.4606,ICICI_Bluechip,120503
31-12-2013,17.4279,ICICI_Bluechip,120503
30-12-2013,17.3906,ICICI_Bluechip,120503
27-12-2013,17.4295,ICICI_Bluechip,120503
26-12-2013,17.2918,ICICI_Bluechip,120503
24-12-2013,17.2848,ICICI_Bluechip,120503
23-12-2013,17.3223,ICICI_Bluechip,120503
20-12-2013,17.3408,ICICI_Bluechip,120503
19-12-2013,17.1041,ICICI_Bluechip,120503
18-12-2013,17.1442,ICICI_Bluechip,120503
17-12-2013,16.9528,ICICI_Bluechip,120503
16-12-2013,16.9674,ICICI_Bluechip,120503
13-12-2013,16.9744,ICICI_Bluechip,120503
12-12-2013,17.1221,ICICI_Bluechip,120503
11-12-2013,17.1614,ICICI_Bluechip,120503
10-12-2013,17.1309,ICICI_Bluechip,120503
09-12-2013,17.1451,ICICI_Bluechip,120503
06-12-2013,17.0086,ICICI_Bluechip,120503
05-12-2013,16.979,ICICI_Bluechip,120503
04-12-2013,16.8619,ICICI_Bluechip,120503
03-12-2013,17.0192,ICICI_Bluechip,120503
02-12-2013,17.0194,ICICI_Bluechip,120503
29-11-2013,16.8709,ICICI_Bluechip,120503
28-11-2013,16.7602,ICICI_Bluechip,120503
27-11-2013,16.6986,ICICI_Bluechip,120503
26-11-2013,16.6084,ICICI_Bluechip,120503
25-11-2013,16.5718,ICICI_Bluechip,120503
22-11-2013,16.2897,ICICI_Bluechip,120503
21-11-2013,16.1933,ICICI_Bluechip,120503
20-11-2013,16.444,ICICI_Bluechip,120503
19-11-2013,16.5334,ICICI_Bluechip,120503
18-11-2013,16.5226,ICICI_Bluechip,120503
14-11-2013,16.2613,ICICI_Bluechip,120503
13-11-2013,16.17,ICICI_Bluechip,120503
12-11-2013,16.237,ICICI_Bluechip,120503
11-11-2013,16.24,ICICI_Bluechip,120503
08-11-2013,16.2705,ICICI_Bluechip,120503
07-11-2013,16.3104,ICICI_Bluechip,120503
06-11-2013,16.3485,ICICI_Bluechip,120503
05-11-2013,16.2853,ICICI_Bluechip,120503
01-11-2013,16.2955,ICICI_Bluechip,120503
31-10-2013,16.2736,ICICI_Bluechip,120503
30-10-2013,16.1802,ICICI_Bluechip,120503
29-10-2013,16.1585,ICICI_Bluechip,120503
28-10-2013,15.8194,ICICI_Bluechip,120503
25-10-2013,15.8675,ICICI_Bluechip,120503
24-10-2013,15.9415,ICICI_Bluechip,120503
23-10-2013,15.8677,ICICI_Bluechip,120503
22-10-2013,15.877,ICICI_Bluechip,120503
21-10-2013,15.8894,ICICI_Bluechip,120503
18-10-2013,15.7809,ICICI_Bluechip,120503
17-10-2013,15.5453,ICICI_Bluechip,120503
15-10-2013,15.679,ICICI_Bluechip,120503
14-10-2013,15.7324,ICICI_Bluechip,120503
11-10-2013,15.7415,ICICI_Bluechip,120503
10-10-2013,15.6447,ICICI_Bluechip,120503
09-10-2013,15.6088,ICICI_Bluechip,120503
08-10-2013,15.3869,ICICI_Bluechip,120503
07-10-2013,15.3439,ICICI_Bluechip,120503
04-10-2013,15.2672,ICICI_Bluechip,120503
03-10-2013,15.1916,ICICI_Bluechip,120503
01-10-2013,14.9575,ICICI_Bluechip,120503
30-09-2013,14.8343,ICICI_Bluechip,120503
27-09-2013,14.9389,ICICI_Bluechip,120503
26-09-2013,14.9804,ICICI_Bluechip,120503
25-09-2013,14.9967,ICICI_Bluechip,120503
24-09-2013,15.0645,ICICI_Bluechip,120503
23-09-2013,14.9949,ICICI_Bluechip,120503
20-09-2013,15.2064,ICICI_Bluechip,120503
19-09-2013,15.3962,ICICI_Bluechip,120503
18-09-2013,14.9935,ICICI_Bluechip,120503
17-09-2013,14.9042,ICICI_Bluechip,120503
16-09-2013,14.8783,ICICI_Bluechip,120503
13-09-2013,14.8914,ICICI_Bluechip,120503
12-09-2013,14.8835,ICICI_Bluechip,120503
11-09-2013,14.9458,ICICI_Bluechip,120503
10-09-2013,14.8613,ICICI_Bluechip,120503
06-09-2013,14.4284,ICICI_Bluechip,120503
05-09-2013,14.3129,ICICI_Bluechip,120503
04-09-2013,14.0106,ICICI_Bluechip,120503
03-09-2013,13.9014,ICICI_Bluechip,120503
02-09-2013,14.2365,ICICI_Bluechip,120503
30-08-2013,14.1497,ICICI_Bluechip,120503
29-08-2013,13.8991,ICICI_Bluechip,120503
28-08-2013,13.6318,ICICI_Bluechip,120503
27-08-2013,13.7614,ICICI_Bluechip,120503
26-08-2013,14.1695,ICICI_Bluechip,120503
23-08-2013,14.066,ICICI_Bluechip,120503
22-08-2013,13.8944,ICICI_Bluechip,120503
21-08-2013,13.8249,ICICI_Bluechip,120503
20-08-2013,13.9956,ICICI_Bluechip,120503
19-08-2013,14.102,ICICI_Bluechip,120503
16-08-2013,14.3818,ICICI_Bluechip,120503
14-08-2013,14.803,ICICI_Bluechip,120503
13-08-2013,14.7677,ICICI_Bluechip,120503
12-08-2013,14.5806,ICICI_Bluechip,120503
08-08-2013,14.3894,ICICI_Bluechip,120503
07-08-2013,14.2345,ICICI_Bluechip,120503
06-08-2013,14.3633,ICICI_Bluechip,120503
05-08-2013,14.6753,ICICI_Bluechip,120503
02-08-2013,14.6639,ICICI_Bluechip,120503
01-08-2013,14.7515,ICICI_Bluechip,120503
31-07-2013,14.7567,ICICI_Bluechip,120503
30-07-2013,14.806,ICICI_Bluechip,120503
29-07-2013,14.9306,ICICI_Bluechip,120503
26-07-2013,15.025,ICICI_Bluechip,120503
25-07-2013,15.0259,ICICI_Bluechip,120503
24-07-2013,15.1837,ICICI_Bluechip,120503
23-07-2013,15.3502,ICICI_Bluechip,120503
22-07-2013,15.3172,ICICI_Bluechip,120503
19-07-2013,15.3425,ICICI_Bluechip,120503
18-07-2013,15.4558,ICICI_Bluechip,120503
17-07-2013,15.3551,ICICI_Bluechip,120503
16-07-2013,15.4107,ICICI_Bluechip,120503
15-07-2013,15.661,ICICI_Bluechip,120503
12-07-2013,15.6022,ICICI_Bluechip,120503
11-07-2013,15.4709,ICICI_Bluechip,120503
10-07-2013,15.273,ICICI_Bluechip,120503
09-07-2013,15.2741,ICICI_Bluechip,120503
08-07-2013,15.0639,ICICI_Bluechip,120503
05-07-2013,15.1472,ICICI_Bluechip,120503
04-07-2013,15.0843,ICICI_Bluechip,120503
03-07-2013,14.8874,ICICI_Bluechip,120503
02-07-2013,15.0405,ICICI_Bluechip,120503
01-07-2013,15.0643,ICICI_Bluechip,120503
28-06-2013,14.9322,ICICI_Bluechip,120503
27-06-2013,14.5856,ICICI_Bluechip,120503
26-06-2013,14.4661,ICICI_Bluechip,120503
25-06-2013,14.4939,ICICI_Bluechip,120503
24-06-2013,14.4707,ICICI_Bluechip,120503
21-06-2013,14.7306,ICICI_Bluechip,120503
20-06-2013,14.7284,ICICI_Bluechip,120503
19-06-2013,15.0209,ICICI_Bluechip,120503
18-06-2013,14.9532,ICICI_Bluechip,120503
17-06-2013,14.9613,ICICI_Bluechip,120503
14-06-2013,14.8852,ICICI_Bluechip,120503
13-06-2013,14.6936,ICICI_Bluechip,120503
12-06-2013,14.8527,ICICI_Bluechip,120503
11-06-2013,14.9065,ICICI_Bluechip,120503
10-06-2013,15.1368,ICICI_Bluechip,120503
07-06-2013,15.2015,ICICI_Bluechip,120503
06-06-2013,15.2391,ICICI_Bluechip,120503
05-06-2013,15.2456,ICICI_Bluechip,120503
04-06-2013,15.2142,ICICI_Bluechip,120503
03-06-2013,15.2578,ICICI_Bluechip,120503
31-05-2013,15.4335,ICICI_Bluechip,120503
30-05-2013,15.6604,ICICI_Bluechip,120503
29-05-2013,15.5996,ICICI_Bluechip,120503
28-05-2013,15.5632,ICICI_Bluechip,120503
27-05-2013,15.508,ICICI_Bluechip,120503
24-05-2013,15.3594,ICICI_Bluechip,120503
23-05-2013,15.2194,ICICI_Bluechip,120503
22-05-2013,15.4089,ICICI_Bluechip,120503
21-05-2013,15.4753,ICICI_Bluechip,120503
20-05-2013,15.5963,ICICI_Bluechip,120503
17-05-2013,15.6811,ICICI_Bluechip,120503
16-05-2013,15.5917,ICICI_Bluechip,120503
15-05-2013,15.5617,ICICI_Bluechip,120503
14-05-2013,15.2336,ICICI_Bluechip,120503
13-05-2013,15.1284,ICICI_Bluechip,120503
10-05-2013,15.3358,ICICI_Bluechip,120503
09-05-2013,15.2634,ICICI_Bluechip,120503
08-05-2013,15.3597,ICICI_Bluechip,120503
07-05-2013,15.2704,ICICI_Bluechip,120503
06-05-2013,15.1497,ICICI_Bluechip,120503
03-05-2013,15.0518,ICICI_Bluechip,120503
02-05-2013,15.1032,ICICI_Bluechip,120503
30-04-2013,14.8945,ICICI_Bluechip,120503
29-04-2013,14.8289,ICICI_Bluechip,120503
26-04-2013,14.7058,ICICI_Bluechip,120503
25-04-2013,14.7586,ICICI_Bluechip,120503
23-04-2013,14.5801,ICICI_Bluechip,120503
22-04-2013,14.6259,ICICI_Bluechip,120503
18-04-2013,14.4401,ICICI_Bluechip,120503
17-04-2013,14.267,ICICI_Bluechip,120503
16-04-2013,14.2436,ICICI_Bluechip,120503
15-04-2013,13.985,ICICI_Bluechip,120503
12-04-2013,14.0426,ICICI_Bluechip,120503
11-04-2013,14.0994,ICICI_Bluechip,120503
10-04-2013,13.9826,ICICI_Bluechip,120503
09-04-2013,13.9389,ICICI_Bluechip,120503
08-04-2013,14.0224,ICICI_Bluechip,120503
07-04-2013,0.0,ICICI_Bluechip,120503
05-04-2013,14.0479,ICICI_Bluechip,120503
04-04-2013,14.0601,ICICI_Bluechip,120503
03-04-2013,14.2929,ICICI_Bluechip,120503
02-04-2013,14.3768,ICICI_Bluechip,120503
01-04-2013,14.231,ICICI_Bluechip,120503
28-03-2013,14.1991,ICICI_Bluechip,120503
26-03-2013,14.0945,ICICI_Bluechip,120503
25-03-2013,14.0211,ICICI_Bluechip,120503
22-03-2013,14.0638,ICICI_Bluechip,120503
21-03-2013,14.1287,ICICI_Bluechip,120503
20-03-2013,14.1918,ICICI_Bluechip,120503
19-03-2013,14.3756,ICICI_Bluechip,120503
18-03-2013,14.5716,ICICI_Bluechip,120503
15-03-2013,14.6503,ICICI_Bluechip,120503
14-03-2013,14.6688,ICICI_Bluechip,120503
13-03-2013,14.5384,ICICI_Bluechip,120503
12-03-2013,14.69,ICICI_Bluechip,120503
11-03-2013,14.7309,ICICI_Bluechip,120503
08-03-2013,14.6971,ICICI_Bluechip,120503
07-03-2013,14.4921,ICICI_Bluechip,120503
06-03-2013,14.3669,ICICI_Bluechip,120503
05-03-2013,14.3051,ICICI_Bluechip,120503
04-03-2013,14.1535,ICICI_Bluechip,120503
01-03-2013,14.238,ICICI_Bluechip,120503
28-02-2013,14.1092,ICICI_Bluechip,120503
27-02-2013,14.2879,ICICI_Bluechip,120503
26-02-2013,14.2049,ICICI_Bluechip,120503
25-02-2013,14.401,ICICI_Bluechip,120503
22-02-2013,14.4423,ICICI_Bluechip,120503
21-02-2013,14.4163,ICICI_Bluechip,120503
20-02-2013,14.6159,ICICI_Bluechip,120503
19-02-2013,14.6114,ICICI_Bluechip,120503
18-02-2013,14.4915,ICICI_Bluechip,120503
15-02-2013,14.4666,ICICI_Bluechip,120503
14-02-2013,14.5047,ICICI_Bluechip,120503
13-02-2013,14.6106,ICICI_Bluechip,120503
12-02-2013,14.5546,ICICI_Bluechip,120503
11-02-2013,14.5489,ICICI_Bluechip,120503
08-02-2013,14.6145,ICICI_Bluechip,120503
07-02-2013,14.6822,ICICI_Bluechip,120503
06-02-2013,14.7026,ICICI_Bluechip,120503
05-02-2013,14.6435,ICICI_Bluechip,120503
04-02-2013,14.7065,ICICI_Bluechip,120503
01-02-2013,14.6961,ICICI_Bluechip,120503
31-01-2013,14.7326,ICICI_Bluechip,120503
30-01-2013,14.7706,ICICI_Bluechip,120503
29-01-2013,14.7946,ICICI_Bluechip,120503
28-01-2013,14.7769,ICICI_Bluechip,120503
25-01-2013,14.7695,ICICI_Bluechip,120503
24-01-2013,14.6124,ICICI_Bluechip,120503
23-01-2013,14.6961,ICICI_Bluechip,120503
22-01-2013,14.7072,ICICI_Bluechip,120503
21-01-2013,14.7538,ICICI_Bluechip,120503
18-01-2013,14.7954,ICICI_Bluechip,120503
17-01-2013,14.8214,ICICI_Bluechip,120503
16-01-2013,14.8752,ICICI_Bluechip,120503
15-01-2013,14.9813,ICICI_Bluechip,120503
14-01-2013,14.9767,ICICI_Bluechip,120503
11-01-2013,14.8886,ICICI_Bluechip,120503
10-01-2013,15.0619,ICICI_Bluechip,120503
09-01-2013,15.0517,ICICI_Bluechip,120503
08-01-2013,15.1146,ICICI_Bluechip,120503
07-01-2013,15.0913,ICICI_Bluechip,120503
04-01-2013,15.0702,ICICI_Bluechip,120503
03-01-2013,15.0737,ICICI_Bluechip,120503
02-01-2013,15.0253,ICICI_Bluechip,120503
