date,nav,scheme_name,scheme_code
01-06-2026,104.7025,SBI_Bluechip,119551
29-05-2026,104.657,SBI_Bluechip,119551
27-05-2026,104.5833,SBI_Bluechip,119551
26-05-2026,104.5269,SBI_Bluechip,119551
25-05-2026,104.5215,SBI_Bluechip,119551
22-05-2026,104.3467,SBI_Bluechip,119551
21-05-2026,104.285,SBI_Bluechip,119551
20-05-2026,104.3826,SBI_Bluechip,119551
19-05-2026,104.4216,SBI_Bluechip,119551
18-05-2026,104.3791,SBI_Bluechip,119551
15-05-2026,104.5968,SBI_Bluechip,119551
14-05-2026,104.7318,SBI_Bluechip,119551
13-05-2026,104.7371,SBI_Bluechip,119551
12-05-2026,104.7585,SBI_Bluechip,119551
11-05-2026,104.8053,SBI_Bluechip,119551
08-05-2026,104.8696,SBI_Bluechip,119551
07-05-2026,104.8762,SBI_Bluechip,119551
06-05-2026,104.8043,SBI_Bluechip,119551
05-05-2026,104.6166,SBI_Bluechip,119551
04-05-2026,104.6544,SBI_Bluechip,119551
30-04-2026,104.5706,SBI_Bluechip,119551
29-04-2026,104.6594,SBI_Bluechip,119551
28-04-2026,104.7428,SBI_Bluechip,119551
27-04-2026,104.7771,SBI_Bluechip,119551
24-04-2026,104.7091,SBI_Bluechip,119551
23-04-2026,104.7652,SBI_Bluechip,119551
22-04-2026,104.8473,SBI_Bluechip,119551
21-04-2026,104.847,SBI_Bluechip,119551
20-04-2026,104.8369,SBI_Bluechip,119551
17-04-2026,104.7821,SBI_Bluechip,119551
16-04-2026,104.7959,SBI_Bluechip,119551
15-04-2026,104.7901,SBI_Bluechip,119551
13-04-2026,104.6113,SBI_Bluechip,119551
10-04-2026,104.5956,SBI_Bluechip,119551
09-04-2026,104.515,SBI_Bluechip,119551
08-04-2026,104.3919,SBI_Bluechip,119551
07-04-2026,103.9918,SBI_Bluechip,119551
06-04-2026,103.9142,SBI_Bluechip,119551
02-04-2026,103.8813,SBI_Bluechip,119551
31-03-2026,104.0116,SBI_Bluechip,119551
30-03-2026,103.9921,SBI_Bluechip,119551
27-03-2026,103.9102,SBI_Bluechip,119551
25-03-2026,103.9713,SBI_Bluechip,119551
24-03-2026,103.9816,SBI_Bluechip,119551
23-03-2026,110.6625,SBI_Bluechip,119551
20-03-2026,110.9352,SBI_Bluechip,119551
18-03-2026,110.9985,SBI_Bluechip,119551
17-03-2026,110.9316,SBI_Bluechip,119551
16-03-2026,110.9159,SBI_Bluechip,119551
13-03-2026,110.9287,SBI_Bluechip,119551
12-03-2026,110.9898,SBI_Bluechip,119551
11-03-2026,111.1072,SBI_Bluechip,119551
10-03-2026,111.0484,SBI_Bluechip,119551
09-03-2026,110.9193,SBI_Bluechip,119551
06-03-2026,111.0395,SBI_Bluechip,119551
05-03-2026,111.0534,SBI_Bluechip,119551
04-03-2026,110.9499,SBI_Bluechip,119551
02-03-2026,111.0653,SBI_Bluechip,119551
27-02-2026,111.0261,SBI_Bluechip,119551
26-02-2026,111.0069,SBI_Bluechip,119551
25-02-2026,110.9826,SBI_Bluechip,119551
24-02-2026,110.9394,SBI_Bluechip,119551
23-02-2026,110.8829,SBI_Bluechip,119551
20-02-2026,110.807,SBI_Bluechip,119551
18-02-2026,110.8613,SBI_Bluechip,119551
17-02-2026,110.8682,SBI_Bluechip,119551
16-02-2026,110.8409,SBI_Bluechip,119551
13-02-2026,110.7584,SBI_Bluechip,119551
12-02-2026,110.6309,SBI_Bluechip,119551
11-02-2026,110.5056,SBI_Bluechip,119551
10-02-2026,110.4293,SBI_Bluechip,119551
09-02-2026,110.4233,SBI_Bluechip,119551
06-02-2026,110.4173,SBI_Bluechip,119551
05-02-2026,110.5985,SBI_Bluechip,119551
04-02-2026,110.4477,SBI_Bluechip,119551
03-02-2026,110.296,SBI_Bluechip,119551
02-02-2026,110.1537,SBI_Bluechip,119551
30-01-2026,110.1903,SBI_Bluechip,119551
29-01-2026,110.0922,SBI_Bluechip,119551
28-01-2026,110.0855,SBI_Bluechip,119551
27-01-2026,110.1078,SBI_Bluechip,119551
23-01-2026,110.0766,SBI_Bluechip,119551
22-01-2026,110.0539,SBI_Bluechip,119551
21-01-2026,109.9438,SBI_Bluechip,119551
20-01-2026,109.9385,SBI_Bluechip,119551
19-01-2026,109.9742,SBI_Bluechip,119551
16-01-2026,110.0107,SBI_Bluechip,119551
14-01-2026,110.1286,SBI_Bluechip,119551
13-01-2026,110.1878,SBI_Bluechip,119551
12-01-2026,110.2974,SBI_Bluechip,119551
09-01-2026,110.2327,SBI_Bluechip,119551
08-01-2026,110.2218,SBI_Bluechip,119551
07-01-2026,110.2175,SBI_Bluechip,119551
06-01-2026,110.2647,SBI_Bluechip,119551
05-01-2026,110.2498,SBI_Bluechip,119551
02-01-2026,110.3333,SBI_Bluechip,119551
01-01-2026,110.3493,SBI_Bluechip,119551
31-12-2025,110.3212,SBI_Bluechip,119551
30-12-2025,110.2176,SBI_Bluechip,119551
29-12-2025,110.2799,SBI_Bluechip,119551
26-12-2025,110.2247,SBI_Bluechip,119551
24-12-2025,110.2079,SBI_Bluechip,119551
23-12-2025,109.9954,SBI_Bluechip,119551
22-12-2025,110.0241,SBI_Bluechip,119551
19-12-2025,110.0403,SBI_Bluechip,119551
18-12-2025,110.0195,SBI_Bluechip,119551
17-12-2025,110.0266,SBI_Bluechip,119551
16-12-2025,110.0261,SBI_Bluechip,119551
15-12-2025,109.9944,SBI_Bluechip,119551
12-12-2025,110.0652,SBI_Bluechip,119551
11-12-2025,110.0609,SBI_Bluechip,119551
10-12-2025,110.0466,SBI_Bluechip,119551
09-12-2025,110.1852,SBI_Bluechip,119551
08-12-2025,110.3299,SBI_Bluechip,119551
05-12-2025,110.3373,SBI_Bluechip,119551
04-12-2025,110.235,SBI_Bluechip,119551
03-12-2025,110.2362,SBI_Bluechip,119551
02-12-2025,110.2349,SBI_Bluechip,119551
01-12-2025,110.211,SBI_Bluechip,119551
28-11-2025,110.2615,SBI_Bluechip,119551
27-11-2025,110.2743,SBI_Bluechip,119551
26-11-2025,110.2658,SBI_Bluechip,119551
25-11-2025,110.1924,SBI_Bluechip,119551
24-11-2025,110.1322,SBI_Bluechip,119551
21-11-2025,110.0708,SBI_Bluechip,119551
20-11-2025,110.0882,SBI_Bluechip,119551
19-11-2025,110.0771,SBI_Bluechip,119551
18-11-2025,110.0205,SBI_Bluechip,119551
17-11-2025,109.9756,SBI_Bluechip,119551
14-11-2025,109.9725,SBI_Bluechip,119551
13-11-2025,109.9907,SBI_Bluechip,119551
12-11-2025,109.9947,SBI_Bluechip,119551
11-11-2025,109.961,SBI_Bluechip,119551
10-11-2025,109.925,SBI_Bluechip,119551
07-11-2025,109.8609,SBI_Bluechip,119551
06-11-2025,109.8337,SBI_Bluechip,119551
04-11-2025,109.7941,SBI_Bluechip,119551
03-11-2025,109.7548,SBI_Bluechip,119551
31-10-2025,109.6768,SBI_Bluechip,119551
30-10-2025,109.6521,SBI_Bluechip,119551
29-10-2025,109.6934,SBI_Bluechip,119551
28-10-2025,109.6404,SBI_Bluechip,119551
27-10-2025,109.6125,SBI_Bluechip,119551
24-10-2025,109.5673,SBI_Bluechip,119551
23-10-2025,109.5817,SBI_Bluechip,119551
20-10-2025,109.6155,SBI_Bluechip,119551
17-10-2025,109.5844,SBI_Bluechip,119551
16-10-2025,109.5131,SBI_Bluechip,119551
15-10-2025,109.4754,SBI_Bluechip,119551
14-10-2025,109.4088,SBI_Bluechip,119551
13-10-2025,109.3763,SBI_Bluechip,119551
10-10-2025,109.2852,SBI_Bluechip,119551
09-10-2025,109.2597,SBI_Bluechip,119551
08-10-2025,109.2524,SBI_Bluechip,119551
07-10-2025,109.2045,SBI_Bluechip,119551
06-10-2025,109.0926,SBI_Bluechip,119551
03-10-2025,108.9591,SBI_Bluechip,119551
01-10-2025,108.8285,SBI_Bluechip,119551
30-09-2025,108.7397,SBI_Bluechip,119551
26-09-2025,108.6702,SBI_Bluechip,119551
25-09-2025,108.617,SBI_Bluechip,119551
24-09-2025,108.5859,SBI_Bluechip,119551
23-09-2025,108.5708,SBI_Bluechip,119551
22-09-2025,108.5131,SBI_Bluechip,119551
19-09-2025,108.4428,SBI_Bluechip,119551
18-09-2025,108.4552,SBI_Bluechip,119551
17-09-2025,108.4538,SBI_Bluechip,119551
16-09-2025,108.3787,SBI_Bluechip,119551
15-09-2025,108.3802,SBI_Bluechip,119551
12-09-2025,108.4006,SBI_Bluechip,119551
11-09-2025,108.369,SBI_Bluechip,119551
10-09-2025,108.3574,SBI_Bluechip,119551
09-09-2025,108.3519,SBI_Bluechip,119551
05-09-2025,108.245,SBI_Bluechip,119551
04-09-2025,108.1379,SBI_Bluechip,119551
03-09-2025,108.0471,SBI_Bluechip,119551
02-09-2025,108.0088,SBI_Bluechip,119551
01-09-2025,108.0373,SBI_Bluechip,119551
29-08-2025,108.0297,SBI_Bluechip,119551
28-08-2025,108.066,SBI_Bluechip,119551
26-08-2025,107.9266,SBI_Bluechip,119551
25-08-2025,108.1037,SBI_Bluechip,119551
22-08-2025,108.1096,SBI_Bluechip,119551
21-08-2025,108.0985,SBI_Bluechip,119551
20-08-2025,108.0899,SBI_Bluechip,119551
19-08-2025,108.0083,SBI_Bluechip,119551
18-08-2025,108.1271,SBI_Bluechip,119551
14-08-2025,108.1543,SBI_Bluechip,119551
13-08-2025,107.9901,SBI_Bluechip,119551
12-08-2025,108.049,SBI_Bluechip,119551
11-08-2025,108.2018,SBI_Bluechip,119551
08-08-2025,108.2726,SBI_Bluechip,119551
07-08-2025,108.2611,SBI_Bluechip,119551
06-08-2025,108.2153,SBI_Bluechip,119551
05-08-2025,108.4412,SBI_Bluechip,119551
04-08-2025,108.4355,SBI_Bluechip,119551
01-08-2025,108.2952,SBI_Bluechip,119551
31-07-2025,108.2167,SBI_Bluechip,119551
30-07-2025,108.1757,SBI_Bluechip,119551
29-07-2025,108.1828,SBI_Bluechip,119551
28-07-2025,108.2193,SBI_Bluechip,119551
25-07-2025,108.1982,SBI_Bluechip,119551
24-07-2025,108.2573,SBI_Bluechip,119551
23-07-2025,108.2277,SBI_Bluechip,119551
22-07-2025,108.1979,SBI_Bluechip,119551
21-07-2025,108.1729,SBI_Bluechip,119551
18-07-2025,108.1161,SBI_Bluechip,119551
17-07-2025,108.0272,SBI_Bluechip,119551
16-07-2025,107.9658,SBI_Bluechip,119551
15-07-2025,107.962,SBI_Bluechip,119551
14-07-2025,107.9617,SBI_Bluechip,119551
11-07-2025,107.9125,SBI_Bluechip,119551
10-07-2025,107.8928,SBI_Bluechip,119551
09-07-2025,107.8924,SBI_Bluechip,119551
08-07-2025,107.9198,SBI_Bluechip,119551
07-07-2025,107.9243,SBI_Bluechip,119551
04-07-2025,107.8466,SBI_Bluechip,119551
03-07-2025,107.8552,SBI_Bluechip,119551
02-07-2025,107.7677,SBI_Bluechip,119551
01-07-2025,107.6624,SBI_Bluechip,119551
30-06-2025,107.5767,SBI_Bluechip,119551
27-06-2025,107.4878,SBI_Bluechip,119551
26-06-2025,107.5011,SBI_Bluechip,119551
25-06-2025,107.511,SBI_Bluechip,119551
24-06-2025,107.5733,SBI_Bluechip,119551
23-06-2025,107.4577,SBI_Bluechip,119551
20-06-2025,107.4384,SBI_Bluechip,119551
19-06-2025,107.4465,SBI_Bluechip,119551
18-06-2025,107.5716,SBI_Bluechip,119551
17-06-2025,107.5644,SBI_Bluechip,119551
16-06-2025,107.4387,SBI_Bluechip,119551
13-06-2025,107.3575,SBI_Bluechip,119551
12-06-2025,107.4825,SBI_Bluechip,119551
11-06-2025,107.5439,SBI_Bluechip,119551
10-06-2025,107.6421,SBI_Bluechip,119551
09-06-2025,107.886,SBI_Bluechip,119551
06-06-2025,108.0092,SBI_Bluechip,119551
05-06-2025,107.7812,SBI_Bluechip,119551
04-06-2025,107.7469,SBI_Bluechip,119551
03-06-2025,107.7345,SBI_Bluechip,119551
02-06-2025,107.7103,SBI_Bluechip,119551
30-05-2025,107.657,SBI_Bluechip,119551
29-05-2025,107.6883,SBI_Bluechip,119551
28-05-2025,107.6822,SBI_Bluechip,119551
27-05-2025,107.6329,SBI_Bluechip,119551
26-05-2025,107.6218,SBI_Bluechip,119551
23-05-2025,107.5534,SBI_Bluechip,119551
22-05-2025,107.5193,SBI_Bluechip,119551
21-05-2025,107.4878,SBI_Bluechip,119551
20-05-2025,107.2867,SBI_Bluechip,119551
19-05-2025,107.1766,SBI_Bluechip,119551
16-05-2025,107.0688,SBI_Bluechip,119551
15-05-2025,106.9055,SBI_Bluechip,119551
14-05-2025,106.7901,SBI_Bluechip,119551
13-05-2025,106.6661,SBI_Bluechip,119551
09-05-2025,106.2789,SBI_Bluechip,119551
08-05-2025,106.3466,SBI_Bluechip,119551
07-05-2025,106.5585,SBI_Bluechip,119551
06-05-2025,106.5085,SBI_Bluechip,119551
05-05-2025,106.5451,SBI_Bluechip,119551
02-05-2025,106.4573,SBI_Bluechip,119551
30-04-2025,106.4272,SBI_Bluechip,119551
29-04-2025,106.4231,SBI_Bluechip,119551
28-04-2025,106.3422,SBI_Bluechip,119551
25-04-2025,106.2928,SBI_Bluechip,119551
24-04-2025,106.3431,SBI_Bluechip,119551
23-04-2025,106.3557,SBI_Bluechip,119551
22-04-2025,106.2867,SBI_Bluechip,119551
21-04-2025,106.1959,SBI_Bluechip,119551
17-04-2025,106.0393,SBI_Bluechip,119551
16-04-2025,105.9138,SBI_Bluechip,119551
15-04-2025,105.8256,SBI_Bluechip,119551
11-04-2025,105.7166,SBI_Bluechip,119551
09-04-2025,105.595,SBI_Bluechip,119551
08-04-2025,105.4798,SBI_Bluechip,119551
07-04-2025,105.4895,SBI_Bluechip,119551
04-04-2025,105.4731,SBI_Bluechip,119551
03-04-2025,105.407,SBI_Bluechip,119551
02-04-2025,105.2693,SBI_Bluechip,119551
31-03-2025,104.8517,SBI_Bluechip,119551
28-03-2025,104.798,SBI_Bluechip,119551
27-03-2025,104.5887,SBI_Bluechip,119551
26-03-2025,104.4275,SBI_Bluechip,119551
25-03-2025,104.3152,SBI_Bluechip,119551
24-03-2025,104.2711,SBI_Bluechip,119551
21-03-2025,104.1787,SBI_Bluechip,119551
20-03-2025,104.0851,SBI_Bluechip,119551
19-03-2025,103.9843,SBI_Bluechip,119551
18-03-2025,103.8685,SBI_Bluechip,119551
17-03-2025,103.8183,SBI_Bluechip,119551
13-03-2025,103.7314,SBI_Bluechip,119551
12-03-2025,103.6937,SBI_Bluechip,119551
11-03-2025,103.6633,SBI_Bluechip,119551
10-03-2025,103.6318,SBI_Bluechip,119551
07-03-2025,103.5932,SBI_Bluechip,119551
06-03-2025,103.577,SBI_Bluechip,119551
05-03-2025,103.5156,SBI_Bluechip,119551
04-03-2025,103.4961,SBI_Bluechip,119551
03-03-2025,103.4915,SBI_Bluechip,119551
28-02-2025,103.4542,SBI_Bluechip,119551
27-02-2025,103.475,SBI_Bluechip,119551
25-02-2025,103.5311,SBI_Bluechip,119551
24-02-2025,103.523,SBI_Bluechip,119551
21-02-2025,103.4606,SBI_Bluechip,119551
20-02-2025,103.4473,SBI_Bluechip,119551
18-02-2025,103.428,SBI_Bluechip,119551
17-02-2025,103.4024,SBI_Bluechip,119551
14-02-2025,103.3587,SBI_Bluechip,119551
13-02-2025,103.3413,SBI_Bluechip,119551
12-02-2025,103.3327,SBI_Bluechip,119551
11-02-2025,103.3491,SBI_Bluechip,119551
10-02-2025,103.3119,SBI_Bluechip,119551
07-02-2025,103.2983,SBI_Bluechip,119551
06-02-2025,103.3557,SBI_Bluechip,119551
05-02-2025,103.2887,SBI_Bluechip,119551
04-02-2025,103.2096,SBI_Bluechip,119551
03-02-2025,103.2079,SBI_Bluechip,119551
31-01-2025,103.1194,SBI_Bluechip,119551
30-01-2025,103.0995,SBI_Bluechip,119551
29-01-2025,103.0631,SBI_Bluechip,119551
28-01-2025,103.0551,SBI_Bluechip,119551
27-01-2025,103.0191,SBI_Bluechip,119551
24-01-2025,102.9,SBI_Bluechip,119551
23-01-2025,102.8828,SBI_Bluechip,119551
22-01-2025,102.882,SBI_Bluechip,119551
21-01-2025,102.833,SBI_Bluechip,119551
20-01-2025,102.7722,SBI_Bluechip,119551
17-01-2025,102.6971,SBI_Bluechip,119551
16-01-2025,102.6846,SBI_Bluechip,119551
15-01-2025,102.5547,SBI_Bluechip,119551
14-01-2025,102.5067,SBI_Bluechip,119551
13-01-2025,102.479,SBI_Bluechip,119551
10-01-2025,102.5788,SBI_Bluechip,119551
09-01-2025,102.5669,SBI_Bluechip,119551
08-01-2025,102.5842,SBI_Bluechip,119551
07-01-2025,102.5942,SBI_Bluechip,119551
06-01-2025,102.5428,SBI_Bluechip,119551
03-01-2025,102.4734,SBI_Bluechip,119551
02-01-2025,102.4411,SBI_Bluechip,119551
01-01-2025,102.4373,SBI_Bluechip,119551
31-12-2024,102.4261,SBI_Bluechip,119551
30-12-2024,102.3935,SBI_Bluechip,119551
27-12-2024,102.3377,SBI_Bluechip,119551
26-12-2024,102.3057,SBI_Bluechip,119551
24-12-2024,102.276,SBI_Bluechip,119551
23-12-2024,102.2971,SBI_Bluechip,119551
20-12-2024,102.2299,SBI_Bluechip,119551
19-12-2024,102.2319,SBI_Bluechip,119551
18-12-2024,102.3051,SBI_Bluechip,119551
17-12-2024,102.2788,SBI_Bluechip,119551
16-12-2024,108.8176,SBI_Bluechip,119551
13-12-2024,108.7654,SBI_Bluechip,119551
12-12-2024,108.76,SBI_Bluechip,119551
11-12-2024,108.7714,SBI_Bluechip,119551
10-12-2024,108.7512,SBI_Bluechip,119551
09-12-2024,108.7124,SBI_Bluechip,119551
06-12-2024,108.6492,SBI_Bluechip,119551
05-12-2024,108.7127,SBI_Bluechip,119551
04-12-2024,108.6652,SBI_Bluechip,119551
03-12-2024,108.5772,SBI_Bluechip,119551
02-12-2024,108.547,SBI_Bluechip,119551
29-11-2024,108.3481,SBI_Bluechip,119551
28-11-2024,108.248,SBI_Bluechip,119551
27-11-2024,108.2186,SBI_Bluechip,119551
26-11-2024,108.234,SBI_Bluechip,119551
25-11-2024,108.2199,SBI_Bluechip,119551
22-11-2024,108.1301,SBI_Bluechip,119551
21-11-2024,108.1547,SBI_Bluechip,119551
19-11-2024,108.1459,SBI_Bluechip,119551
18-11-2024,108.1144,SBI_Bluechip,119551
14-11-2024,108.0265,SBI_Bluechip,119551
13-11-2024,108.0513,SBI_Bluechip,119551
12-11-2024,108.0534,SBI_Bluechip,119551
11-11-2024,108.0457,SBI_Bluechip,119551
08-11-2024,107.9884,SBI_Bluechip,119551
07-11-2024,107.9237,SBI_Bluechip,119551
06-11-2024,107.8879,SBI_Bluechip,119551
05-11-2024,107.8874,SBI_Bluechip,119551
04-11-2024,107.8739,SBI_Bluechip,119551
31-10-2024,107.8015,SBI_Bluechip,119551
30-10-2024,107.7881,SBI_Bluechip,119551
29-10-2024,107.725,SBI_Bluechip,119551
28-10-2024,107.6861,SBI_Bluechip,119551
25-10-2024,107.6909,SBI_Bluechip,119551
24-10-2024,107.674,SBI_Bluechip,119551
23-10-2024,107.6336,SBI_Bluechip,119551
22-10-2024,107.5869,SBI_Bluechip,119551
21-10-2024,107.6357,SBI_Bluechip,119551
18-10-2024,107.6158,SBI_Bluechip,119551
17-10-2024,107.6503,SBI_Bluechip,119551
16-10-2024,107.6535,SBI_Bluechip,119551
15-10-2024,107.6534,SBI_Bluechip,119551
14-10-2024,107.6186,SBI_Bluechip,119551
11-10-2024,107.5265,SBI_Bluechip,119551
10-10-2024,107.504,SBI_Bluechip,119551
09-10-2024,107.4772,SBI_Bluechip,119551
08-10-2024,107.3126,SBI_Bluechip,119551
07-10-2024,107.2487,SBI_Bluechip,119551
04-10-2024,107.2257,SBI_Bluechip,119551
03-10-2024,107.3076,SBI_Bluechip,119551
01-10-2024,107.3237,SBI_Bluechip,119551
30-09-2024,107.225,SBI_Bluechip,119551
27-09-2024,107.1769,SBI_Bluechip,119551
26-09-2024,107.1966,SBI_Bluechip,119551
25-09-2024,107.1126,SBI_Bluechip,119551
24-09-2024,107.0466,SBI_Bluechip,119551
23-09-2024,107.0237,SBI_Bluechip,119551
20-09-2024,106.929,SBI_Bluechip,119551
19-09-2024,106.8809,SBI_Bluechip,119551
17-09-2024,106.7639,SBI_Bluechip,119551
16-09-2024,106.7623,SBI_Bluechip,119551
13-09-2024,106.6573,SBI_Bluechip,119551
12-09-2024,106.5827,SBI_Bluechip,119551
11-09-2024,106.5512,SBI_Bluechip,119551
10-09-2024,106.4902,SBI_Bluechip,119551
09-09-2024,106.4667,SBI_Bluechip,119551
06-09-2024,106.4146,SBI_Bluechip,119551
05-09-2024,106.4059,SBI_Bluechip,119551
04-09-2024,106.3754,SBI_Bluechip,119551
03-09-2024,106.3329,SBI_Bluechip,119551
02-09-2024,106.3054,SBI_Bluechip,119551
30-08-2024,106.2668,SBI_Bluechip,119551
29-08-2024,106.2648,SBI_Bluechip,119551
28-08-2024,106.2365,SBI_Bluechip,119551
27-08-2024,106.1953,SBI_Bluechip,119551
26-08-2024,106.1703,SBI_Bluechip,119551
23-08-2024,106.1127,SBI_Bluechip,119551
22-08-2024,106.0858,SBI_Bluechip,119551
21-08-2024,106.0518,SBI_Bluechip,119551
20-08-2024,106.0252,SBI_Bluechip,119551
19-08-2024,105.9818,SBI_Bluechip,119551
16-08-2024,105.9116,SBI_Bluechip,119551
14-08-2024,105.8943,SBI_Bluechip,119551
13-08-2024,105.8532,SBI_Bluechip,119551
12-08-2024,105.8262,SBI_Bluechip,119551
09-08-2024,105.7861,SBI_Bluechip,119551
08-08-2024,105.7637,SBI_Bluechip,119551
07-08-2024,105.7549,SBI_Bluechip,119551
06-08-2024,105.7253,SBI_Bluechip,119551
05-08-2024,105.7262,SBI_Bluechip,119551
02-08-2024,105.5909,SBI_Bluechip,119551
01-08-2024,105.5455,SBI_Bluechip,119551
31-07-2024,105.5109,SBI_Bluechip,119551
30-07-2024,105.5094,SBI_Bluechip,119551
29-07-2024,105.5119,SBI_Bluechip,119551
26-07-2024,105.4135,SBI_Bluechip,119551
25-07-2024,105.3408,SBI_Bluechip,119551
24-07-2024,105.2595,SBI_Bluechip,119551
23-07-2024,105.2253,SBI_Bluechip,119551
22-07-2024,105.223,SBI_Bluechip,119551
19-07-2024,105.1758,SBI_Bluechip,119551
18-07-2024,105.1452,SBI_Bluechip,119551
16-07-2024,105.0855,SBI_Bluechip,119551
15-07-2024,105.0151,SBI_Bluechip,119551
12-07-2024,104.9292,SBI_Bluechip,119551
11-07-2024,104.9227,SBI_Bluechip,119551
10-07-2024,104.9009,SBI_Bluechip,119551
09-07-2024,104.8761,SBI_Bluechip,119551
08-07-2024,104.8485,SBI_Bluechip,119551
05-07-2024,104.7786,SBI_Bluechip,119551
04-07-2024,104.745,SBI_Bluechip,119551
03-07-2024,104.7114,SBI_Bluechip,119551
02-07-2024,104.6724,SBI_Bluechip,119551
01-07-2024,104.6276,SBI_Bluechip,119551
30-06-2024,104.6136,SBI_Bluechip,119551
28-06-2024,104.574,SBI_Bluechip,119551
27-06-2024,104.5382,SBI_Bluechip,119551
26-06-2024,104.5187,SBI_Bluechip,119551
25-06-2024,104.5405,SBI_Bluechip,119551
24-06-2024,117.8708,SBI_Bluechip,119551
21-06-2024,104.4713,SBI_Bluechip,119551
20-06-2024,104.432,SBI_Bluechip,119551
19-06-2024,104.3994,SBI_Bluechip,119551
18-06-2024,104.3524,SBI_Bluechip,119551
14-06-2024,104.2704,SBI_Bluechip,119551
13-06-2024,104.2366,SBI_Bluechip,119551
12-06-2024,104.1778,SBI_Bluechip,119551
11-06-2024,104.1556,SBI_Bluechip,119551
10-06-2024,104.0928,SBI_Bluechip,119551
07-06-2024,104.0351,SBI_Bluechip,119551
06-06-2024,103.9979,SBI_Bluechip,119551
05-06-2024,103.9001,SBI_Bluechip,119551
04-06-2024,103.8414,SBI_Bluechip,119551
03-06-2024,104.0983,SBI_Bluechip,119551
31-05-2024,103.9547,SBI_Bluechip,119551
30-05-2024,103.9279,SBI_Bluechip,119551
29-05-2024,103.8954,SBI_Bluechip,119551
28-05-2024,103.9118,SBI_Bluechip,119551
27-05-2024,103.9153,SBI_Bluechip,119551
24-05-2024,103.871,SBI_Bluechip,119551
22-05-2024,103.7992,SBI_Bluechip,119551
21-05-2024,103.7247,SBI_Bluechip,119551
17-05-2024,103.6086,SBI_Bluechip,119551
16-05-2024,103.618,SBI_Bluechip,119551
15-05-2024,103.5312,SBI_Bluechip,119551
14-05-2024,103.4525,SBI_Bluechip,119551
13-05-2024,103.4188,SBI_Bluechip,119551
10-05-2024,103.3607,SBI_Bluechip,119551
09-05-2024,103.3271,SBI_Bluechip,119551
08-05-2024,103.3191,SBI_Bluechip,119551
07-05-2024,103.3251,SBI_Bluechip,119551
06-05-2024,103.3135,SBI_Bluechip,119551
03-05-2024,103.16,SBI_Bluechip,119551
02-05-2024,103.1097,SBI_Bluechip,119551
30-04-2024,103.0514,SBI_Bluechip,119551
29-04-2024,103.0161,SBI_Bluechip,119551
26-04-2024,102.9593,SBI_Bluechip,119551
25-04-2024,102.9493,SBI_Bluechip,119551
24-04-2024,102.9549,SBI_Bluechip,119551
23-04-2024,102.9532,SBI_Bluechip,119551
22-04-2024,102.8818,SBI_Bluechip,119551
19-04-2024,102.785,SBI_Bluechip,119551
18-04-2024,102.878,SBI_Bluechip,119551
16-04-2024,102.834,SBI_Bluechip,119551
15-04-2024,102.8695,SBI_Bluechip,119551
12-04-2024,102.7853,SBI_Bluechip,119551
10-04-2024,102.8998,SBI_Bluechip,119551
08-04-2024,102.7894,SBI_Bluechip,119551
05-04-2024,102.8278,SBI_Bluechip,119551
04-04-2024,102.831,SBI_Bluechip,119551
03-04-2024,102.7932,SBI_Bluechip,119551
02-04-2024,102.7608,SBI_Bluechip,119551
31-03-2024,102.7632,SBI_Bluechip,119551
28-03-2024,102.7096,SBI_Bluechip,119551
27-03-2024,102.5361,SBI_Bluechip,119551
26-03-2024,110.1903,SBI_Bluechip,119551
22-03-2024,110.1729,SBI_Bluechip,119551
21-03-2024,110.2046,SBI_Bluechip,119551
20-03-2024,110.1485,SBI_Bluechip,119551
19-03-2024,110.114,SBI_Bluechip,119551
18-03-2024,110.144,SBI_Bluechip,119551
15-03-2024,110.1319,SBI_Bluechip,119551
14-03-2024,110.1196,SBI_Bluechip,119551
13-03-2024,110.1303,SBI_Bluechip,119551
12-03-2024,110.1246,SBI_Bluechip,119551
11-03-2024,110.12,SBI_Bluechip,119551
07-03-2024,109.9624,SBI_Bluechip,119551
06-03-2024,109.9177,SBI_Bluechip,119551
05-03-2024,109.8552,SBI_Bluechip,119551
04-03-2024,109.8436,SBI_Bluechip,119551
01-03-2024,109.7834,SBI_Bluechip,119551
29-02-2024,109.7711,SBI_Bluechip,119551
28-02-2024,109.7569,SBI_Bluechip,119551
27-02-2024,109.7147,SBI_Bluechip,119551
26-02-2024,109.7161,SBI_Bluechip,119551
23-02-2024,109.6186,SBI_Bluechip,119551
22-02-2024,109.6091,SBI_Bluechip,119551
21-02-2024,109.5846,SBI_Bluechip,119551
20-02-2024,109.5383,SBI_Bluechip,119551
16-02-2024,109.393,SBI_Bluechip,119551
15-02-2024,109.3771,SBI_Bluechip,119551
14-02-2024,109.2938,SBI_Bluechip,119551
13-02-2024,109.3221,SBI_Bluechip,119551
12-02-2024,109.3183,SBI_Bluechip,119551
09-02-2024,109.2569,SBI_Bluechip,119551
08-02-2024,109.2929,SBI_Bluechip,119551
07-02-2024,109.2938,SBI_Bluechip,119551
06-02-2024,109.2489,SBI_Bluechip,119551
05-02-2024,109.2279,SBI_Bluechip,119551
02-02-2024,109.2484,SBI_Bluechip,119551
01-02-2024,109.1334,SBI_Bluechip,119551
31-01-2024,108.9501,SBI_Bluechip,119551
30-01-2024,108.9094,SBI_Bluechip,119551
29-01-2024,108.8663,SBI_Bluechip,119551
25-01-2024,108.7795,SBI_Bluechip,119551
24-01-2024,108.7584,SBI_Bluechip,119551
23-01-2024,108.756,SBI_Bluechip,119551
19-01-2024,108.6634,SBI_Bluechip,119551
18-01-2024,108.6691,SBI_Bluechip,119551
17-01-2024,108.6641,SBI_Bluechip,119551
16-01-2024,108.6565,SBI_Bluechip,119551
15-01-2024,108.6546,SBI_Bluechip,119551
12-01-2024,108.5277,SBI_Bluechip,119551
11-01-2024,108.4768,SBI_Bluechip,119551
10-01-2024,108.4687,SBI_Bluechip,119551
09-01-2024,108.4351,SBI_Bluechip,119551
08-01-2024,108.4013,SBI_Bluechip,119551
05-01-2024,108.2934,SBI_Bluechip,119551
04-01-2024,108.3068,SBI_Bluechip,119551
03-01-2024,108.3033,SBI_Bluechip,119551
02-01-2024,108.302,SBI_Bluechip,119551
01-01-2024,108.2962,SBI_Bluechip,119551
29-12-2023,108.2404,SBI_Bluechip,119551
28-12-2023,116.2869,SBI_Bluechip,119551
27-12-2023,116.2785,SBI_Bluechip,119551
26-12-2023,116.29,SBI_Bluechip,119551
22-12-2023,116.1862,SBI_Bluechip,119551
21-12-2023,116.1666,SBI_Bluechip,119551
20-12-2023,116.1637,SBI_Bluechip,119551
19-12-2023,116.146,SBI_Bluechip,119551
18-12-2023,116.1498,SBI_Bluechip,119551
15-12-2023,116.0675,SBI_Bluechip,119551
14-12-2023,115.9449,SBI_Bluechip,119551
13-12-2023,115.7767,SBI_Bluechip,119551
12-12-2023,115.7387,SBI_Bluechip,119551
11-12-2023,115.7213,SBI_Bluechip,119551
08-12-2023,115.6975,SBI_Bluechip,119551
07-12-2023,115.7012,SBI_Bluechip,119551
06-12-2023,115.6714,SBI_Bluechip,119551
05-12-2023,115.6087,SBI_Bluechip,119551
04-12-2023,115.5786,SBI_Bluechip,119551
01-12-2023,115.4928,SBI_Bluechip,119551
30-11-2023,115.5118,SBI_Bluechip,119551
29-11-2023,115.5248,SBI_Bluechip,119551
28-11-2023,115.4606,SBI_Bluechip,119551
24-11-2023,115.3487,SBI_Bluechip,119551
23-11-2023,115.3838,SBI_Bluechip,119551
22-11-2023,115.3956,SBI_Bluechip,119551
21-11-2023,115.3462,SBI_Bluechip,119551
20-11-2023,115.4124,SBI_Bluechip,119551
17-11-2023,115.4046,SBI_Bluechip,119551
16-11-2023,115.359,SBI_Bluechip,119551
15-11-2023,115.3184,SBI_Bluechip,119551
13-11-2023,115.1762,SBI_Bluechip,119551
10-11-2023,115.1099,SBI_Bluechip,119551
09-11-2023,115.1482,SBI_Bluechip,119551
08-11-2023,115.097,SBI_Bluechip,119551
07-11-2023,115.0481,SBI_Bluechip,119551
06-11-2023,114.9939,SBI_Bluechip,119551
03-11-2023,114.9185,SBI_Bluechip,119551
02-11-2023,114.8598,SBI_Bluechip,119551
01-11-2023,114.7619,SBI_Bluechip,119551
31-10-2023,114.7532,SBI_Bluechip,119551
30-10-2023,114.7213,SBI_Bluechip,119551
27-10-2023,114.6755,SBI_Bluechip,119551
26-10-2023,114.6543,SBI_Bluechip,119551
25-10-2023,114.6385,SBI_Bluechip,119551
23-10-2023,114.5561,SBI_Bluechip,119551
20-10-2023,114.5203,SBI_Bluechip,119551
19-10-2023,114.5085,SBI_Bluechip,119551
18-10-2023,114.5264,SBI_Bluechip,119551
17-10-2023,114.5336,SBI_Bluechip,119551
16-10-2023,114.515,SBI_Bluechip,119551
13-10-2023,114.4576,SBI_Bluechip,119551
12-10-2023,114.4277,SBI_Bluechip,119551
11-10-2023,114.3772,SBI_Bluechip,119551
10-10-2023,114.2773,SBI_Bluechip,119551
09-10-2023,114.2335,SBI_Bluechip,119551
06-10-2023,114.2282,SBI_Bluechip,119551
05-10-2023,114.5152,SBI_Bluechip,119551
04-10-2023,114.4301,SBI_Bluechip,119551
03-10-2023,114.4257,SBI_Bluechip,119551
29-09-2023,114.3746,SBI_Bluechip,119551
27-09-2023,114.4022,SBI_Bluechip,119551
26-09-2023,114.3858,SBI_Bluechip,119551
25-09-2023,114.3926,SBI_Bluechip,119551
22-09-2023,114.3437,SBI_Bluechip,119551
21-09-2023,114.3346,SBI_Bluechip,119551
20-09-2023,114.3068,SBI_Bluechip,119551
18-09-2023,114.2257,SBI_Bluechip,119551
15-09-2023,114.1634,SBI_Bluechip,119551
14-09-2023,114.2468,SBI_Bluechip,119551
13-09-2023,114.1471,SBI_Bluechip,119551
12-09-2023,114.0096,SBI_Bluechip,119551
11-09-2023,114.0239,SBI_Bluechip,119551
08-09-2023,114.0015,SBI_Bluechip,119551
07-09-2023,114.0437,SBI_Bluechip,119551
06-09-2023,113.9571,SBI_Bluechip,119551
05-09-2023,113.9984,SBI_Bluechip,119551
04-09-2023,113.9843,SBI_Bluechip,119551
01-09-2023,113.9205,SBI_Bluechip,119551
31-08-2023,113.9005,SBI_Bluechip,119551
30-08-2023,113.8834,SBI_Bluechip,119551
29-08-2023,113.8467,SBI_Bluechip,119551
28-08-2023,113.8221,SBI_Bluechip,119551
25-08-2023,113.708,SBI_Bluechip,119551
24-08-2023,113.6982,SBI_Bluechip,119551
23-08-2023,113.6358,SBI_Bluechip,119551
22-08-2023,113.5608,SBI_Bluechip,119551
21-08-2023,113.5726,SBI_Bluechip,119551
18-08-2023,113.5055,SBI_Bluechip,119551
17-08-2023,113.448,SBI_Bluechip,119551
14-08-2023,113.4717,SBI_Bluechip,119551
11-08-2023,113.4328,SBI_Bluechip,119551
10-08-2023,113.4695,SBI_Bluechip,119551
09-08-2023,113.4446,SBI_Bluechip,119551
08-08-2023,113.4097,SBI_Bluechip,119551
07-08-2023,113.4145,SBI_Bluechip,119551
04-08-2023,113.3024,SBI_Bluechip,119551
03-08-2023,113.3366,SBI_Bluechip,119551
02-08-2023,113.371,SBI_Bluechip,119551
01-08-2023,113.3502,SBI_Bluechip,119551
31-07-2023,113.2955,SBI_Bluechip,119551
28-07-2023,113.2233,SBI_Bluechip,119551
27-07-2023,113.302,SBI_Bluechip,119551
26-07-2023,113.25,SBI_Bluechip,119551
25-07-2023,113.2068,SBI_Bluechip,119551
24-07-2023,113.252,SBI_Bluechip,119551
21-07-2023,113.1867,SBI_Bluechip,119551
20-07-2023,113.2135,SBI_Bluechip,119551
19-07-2023,113.185,SBI_Bluechip,119551
18-07-2023,113.1539,SBI_Bluechip,119551
17-07-2023,113.0933,SBI_Bluechip,119551
14-07-2023,113.0224,SBI_Bluechip,119551
13-07-2023,112.9794,SBI_Bluechip,119551
12-07-2023,112.8785,SBI_Bluechip,119551
11-07-2023,112.879,SBI_Bluechip,119551
10-07-2023,112.7947,SBI_Bluechip,119551
07-07-2023,112.7417,SBI_Bluechip,119551
06-07-2023,112.7607,SBI_Bluechip,119551
05-07-2023,112.7734,SBI_Bluechip,119551
04-07-2023,112.7332,SBI_Bluechip,119551
03-07-2023,112.6779,SBI_Bluechip,119551
30-06-2023,112.6635,SBI_Bluechip,119551
28-06-2023,112.6521,SBI_Bluechip,119551
27-06-2023,112.6073,SBI_Bluechip,119551
26-06-2023,112.5988,SBI_Bluechip,119551
23-06-2023,112.5447,SBI_Bluechip,119551
22-06-2023,112.5347,SBI_Bluechip,119551
21-06-2023,112.5483,SBI_Bluechip,119551
20-06-2023,112.5543,SBI_Bluechip,119551
19-06-2023,112.5427,SBI_Bluechip,119551
16-06-2023,112.4688,SBI_Bluechip,119551
15-06-2023,112.4579,SBI_Bluechip,119551
14-06-2023,112.4522,SBI_Bluechip,119551
13-06-2023,112.4564,SBI_Bluechip,119551
12-06-2023,112.4181,SBI_Bluechip,119551
09-06-2023,112.3662,SBI_Bluechip,119551
08-06-2023,112.3995,SBI_Bluechip,119551
07-06-2023,112.4241,SBI_Bluechip,119551
06-06-2023,112.3976,SBI_Bluechip,119551
05-06-2023,112.35,SBI_Bluechip,119551
02-06-2023,112.3136,SBI_Bluechip,119551
01-06-2023,112.3041,SBI_Bluechip,119551
31-05-2023,112.2328,SBI_Bluechip,119551
30-05-2023,112.2149,SBI_Bluechip,119551
29-05-2023,112.1994,SBI_Bluechip,119551
26-05-2023,112.1609,SBI_Bluechip,119551
25-05-2023,112.1468,SBI_Bluechip,119551
24-05-2023,112.1392,SBI_Bluechip,119551
23-05-2023,112.1072,SBI_Bluechip,119551
22-05-2023,112.1196,SBI_Bluechip,119551
19-05-2023,111.9729,SBI_Bluechip,119551
18-05-2023,111.9625,SBI_Bluechip,119551
17-05-2023,111.8786,SBI_Bluechip,119551
16-05-2023,111.8439,SBI_Bluechip,119551
15-05-2023,111.8017,SBI_Bluechip,119551
12-05-2023,111.7357,SBI_Bluechip,119551
11-05-2023,111.6912,SBI_Bluechip,119551
10-05-2023,111.6632,SBI_Bluechip,119551
09-05-2023,111.6494,SBI_Bluechip,119551
08-05-2023,111.6462,SBI_Bluechip,119551
04-05-2023,111.556,SBI_Bluechip,119551
03-05-2023,111.534,SBI_Bluechip,119551
02-05-2023,111.4551,SBI_Bluechip,119551
28-04-2023,111.3814,SBI_Bluechip,119551
27-04-2023,111.3747,SBI_Bluechip,119551
26-04-2023,111.3157,SBI_Bluechip,119551
25-04-2023,111.2845,SBI_Bluechip,119551
24-04-2023,111.2444,SBI_Bluechip,119551
21-04-2023,111.1177,SBI_Bluechip,119551
20-04-2023,111.0695,SBI_Bluechip,119551
19-04-2023,111.0669,SBI_Bluechip,119551
18-04-2023,111.029,SBI_Bluechip,119551
17-04-2023,110.9947,SBI_Bluechip,119551
13-04-2023,110.9273,SBI_Bluechip,119551
12-04-2023,110.9134,SBI_Bluechip,119551
11-04-2023,110.847,SBI_Bluechip,119551
10-04-2023,110.8339,SBI_Bluechip,119551
06-04-2023,110.7692,SBI_Bluechip,119551
05-04-2023,110.5493,SBI_Bluechip,119551
03-04-2023,110.4369,SBI_Bluechip,119551
31-03-2023,110.3887,SBI_Bluechip,119551
29-03-2023,110.2525,SBI_Bluechip,119551
28-03-2023,110.1156,SBI_Bluechip,119551
27-03-2023,110.1469,SBI_Bluechip,119551
24-03-2023,110.0794,SBI_Bluechip,119551
23-03-2023,110.0625,SBI_Bluechip,119551
21-03-2023,109.981,SBI_Bluechip,119551
20-03-2023,109.9509,SBI_Bluechip,119551
17-03-2023,109.8366,SBI_Bluechip,119551
16-03-2023,109.7988,SBI_Bluechip,119551
15-03-2023,109.8123,SBI_Bluechip,119551
14-03-2023,109.7889,SBI_Bluechip,119551
13-03-2023,109.7345,SBI_Bluechip,119551
10-03-2023,109.5769,SBI_Bluechip,119551
09-03-2023,109.541,SBI_Bluechip,119551
08-03-2023,109.5103,SBI_Bluechip,119551
06-03-2023,109.5313,SBI_Bluechip,119551
03-03-2023,109.4874,SBI_Bluechip,119551
02-03-2023,109.447,SBI_Bluechip,119551
01-03-2023,109.43,SBI_Bluechip,119551
28-02-2023,109.4442,SBI_Bluechip,119551
27-02-2023,109.4341,SBI_Bluechip,119551
24-02-2023,109.4234,SBI_Bluechip,119551
23-02-2023,109.409,SBI_Bluechip,119551
22-02-2023,109.3818,SBI_Bluechip,119551
21-02-2023,109.4182,SBI_Bluechip,119551
20-02-2023,109.378,SBI_Bluechip,119551
17-02-2023,109.2924,SBI_Bluechip,119551
16-02-2023,109.3243,SBI_Bluechip,119551
15-02-2023,109.2929,SBI_Bluechip,119551
14-02-2023,109.248,SBI_Bluechip,119551
13-02-2023,109.2826,SBI_Bluechip,119551
10-02-2023,109.2412,SBI_Bluechip,119551
09-02-2023,109.2446,SBI_Bluechip,119551
08-02-2023,109.2472,SBI_Bluechip,119551
07-02-2023,109.2826,SBI_Bluechip,119551
06-02-2023,109.2662,SBI_Bluechip,119551
03-02-2023,109.2425,SBI_Bluechip,119551
02-02-2023,109.2186,SBI_Bluechip,119551
01-02-2023,109.1849,SBI_Bluechip,119551
31-01-2023,109.0678,SBI_Bluechip,119551
30-01-2023,109.0072,SBI_Bluechip,119551
27-01-2023,108.9787,SBI_Bluechip,119551
25-01-2023,108.9962,SBI_Bluechip,119551
24-01-2023,108.9995,SBI_Bluechip,119551
23-01-2023,108.9803,SBI_Bluechip,119551
20-01-2023,108.9335,SBI_Bluechip,119551
19-01-2023,108.9578,SBI_Bluechip,119551
18-01-2023,108.929,SBI_Bluechip,119551
17-01-2023,108.9098,SBI_Bluechip,119551
16-01-2023,108.8945,SBI_Bluechip,119551
13-01-2023,108.8441,SBI_Bluechip,119551
12-01-2023,108.8154,SBI_Bluechip,119551
11-01-2023,108.7682,SBI_Bluechip,119551
10-01-2023,108.7409,SBI_Bluechip,119551
09-01-2023,108.7189,SBI_Bluechip,119551
06-01-2023,108.6235,SBI_Bluechip,119551
05-01-2023,108.6405,SBI_Bluechip,119551
04-01-2023,108.6262,SBI_Bluechip,119551
03-01-2023,108.627,SBI_Bluechip,119551
02-01-2023,108.5922,SBI_Bluechip,119551
30-12-2022,108.5225,SBI_Bluechip,119551
29-12-2022,108.4982,SBI_Bluechip,119551
28-12-2022,108.4921,SBI_Bluechip,119551
27-12-2022,108.472,SBI_Bluechip,119551
26-12-2022,108.4303,SBI_Bluechip,119551
23-12-2022,108.4095,SBI_Bluechip,119551
22-12-2022,108.3903,SBI_Bluechip,119551
21-12-2022,108.3843,SBI_Bluechip,119551
20-12-2022,108.4123,SBI_Bluechip,119551
19-12-2022,108.3837,SBI_Bluechip,119551
16-12-2022,108.3466,SBI_Bluechip,119551
15-12-2022,108.3336,SBI_Bluechip,119551
14-12-2022,108.3488,SBI_Bluechip,119551
13-12-2022,108.2884,SBI_Bluechip,119551
12-12-2022,108.2614,SBI_Bluechip,119551
09-12-2022,108.1868,SBI_Bluechip,119551
08-12-2022,108.1783,SBI_Bluechip,119551
07-12-2022,108.1551,SBI_Bluechip,119551
06-12-2022,108.1762,SBI_Bluechip,119551
05-12-2022,108.1499,SBI_Bluechip,119551
02-12-2022,108.0988,SBI_Bluechip,119551
01-12-2022,108.0832,SBI_Bluechip,119551
30-11-2022,108.0334,SBI_Bluechip,119551
29-11-2022,107.99,SBI_Bluechip,119551
28-11-2022,107.9959,SBI_Bluechip,119551
25-11-2022,107.9066,SBI_Bluechip,119551
24-11-2022,107.8882,SBI_Bluechip,119551
23-11-2022,107.8393,SBI_Bluechip,119551
22-11-2022,107.8369,SBI_Bluechip,119551
21-11-2022,107.8002,SBI_Bluechip,119551
18-11-2022,107.7527,SBI_Bluechip,119551
17-11-2022,107.7346,SBI_Bluechip,119551
16-11-2022,107.7065,SBI_Bluechip,119551
15-11-2022,107.709,SBI_Bluechip,119551
14-11-2022,107.6593,SBI_Bluechip,119551
11-11-2022,107.6105,SBI_Bluechip,119551
10-11-2022,107.5243,SBI_Bluechip,119551
09-11-2022,107.4581,SBI_Bluechip,119551
07-11-2022,107.3633,SBI_Bluechip,119551
04-11-2022,107.307,SBI_Bluechip,119551
03-11-2022,107.2944,SBI_Bluechip,119551
02-11-2022,107.303,SBI_Bluechip,119551
01-11-2022,107.2818,SBI_Bluechip,119551
31-10-2022,107.2729,SBI_Bluechip,119551
28-10-2022,107.2137,SBI_Bluechip,119551
27-10-2022,107.2349,SBI_Bluechip,119551
25-10-2022,107.112,SBI_Bluechip,119551
21-10-2022,106.9649,SBI_Bluechip,119551
20-10-2022,106.9757,SBI_Bluechip,119551
19-10-2022,106.997,SBI_Bluechip,119551
18-10-2022,106.9767,SBI_Bluechip,119551
17-10-2022,106.9437,SBI_Bluechip,119551
14-10-2022,106.7922,SBI_Bluechip,119551
13-10-2022,106.812,SBI_Bluechip,119551
12-10-2022,106.808,SBI_Bluechip,119551
11-10-2022,106.782,SBI_Bluechip,119551
10-10-2022,106.8233,SBI_Bluechip,119551
07-10-2022,106.8408,SBI_Bluechip,119551
06-10-2022,106.8875,SBI_Bluechip,119551
04-10-2022,106.8856,SBI_Bluechip,119551
03-10-2022,106.8261,SBI_Bluechip,119551
30-09-2022,106.7948,SBI_Bluechip,119551
29-09-2022,106.7145,SBI_Bluechip,119551
28-09-2022,106.6485,SBI_Bluechip,119551
27-09-2022,106.6575,SBI_Bluechip,119551
26-09-2022,106.6784,SBI_Bluechip,119551
23-09-2022,106.6333,SBI_Bluechip,119551
22-09-2022,106.7549,SBI_Bluechip,119551
21-09-2022,106.8072,SBI_Bluechip,119551
20-09-2022,106.824,SBI_Bluechip,119551
19-09-2022,106.8748,SBI_Bluechip,119551
16-09-2022,106.8585,SBI_Bluechip,119551
15-09-2022,106.9084,SBI_Bluechip,119551
14-09-2022,106.9625,SBI_Bluechip,119551
13-09-2022,106.9983,SBI_Bluechip,119551
12-09-2022,106.954,SBI_Bluechip,119551
09-09-2022,106.9116,SBI_Bluechip,119551
08-09-2022,106.9005,SBI_Bluechip,119551
07-09-2022,106.8681,SBI_Bluechip,119551
06-09-2022,106.8291,SBI_Bluechip,119551
05-09-2022,106.8191,SBI_Bluechip,119551
02-09-2022,106.7705,SBI_Bluechip,119551
01-09-2022,106.7475,SBI_Bluechip,119551
30-08-2022,106.7038,SBI_Bluechip,119551
29-08-2022,106.6906,SBI_Bluechip,119551
26-08-2022,106.6296,SBI_Bluechip,119551
25-08-2022,106.5824,SBI_Bluechip,119551
24-08-2022,106.599,SBI_Bluechip,119551
23-08-2022,106.5597,SBI_Bluechip,119551
22-08-2022,106.5568,SBI_Bluechip,119551
19-08-2022,106.5072,SBI_Bluechip,119551
18-08-2022,106.5141,SBI_Bluechip,119551
17-08-2022,106.5092,SBI_Bluechip,119551
12-08-2022,106.3294,SBI_Bluechip,119551
11-08-2022,106.3209,SBI_Bluechip,119551
10-08-2022,106.2542,SBI_Bluechip,119551
08-08-2022,106.1541,SBI_Bluechip,119551
05-08-2022,106.1086,SBI_Bluechip,119551
04-08-2022,106.2254,SBI_Bluechip,119551
03-08-2022,106.15,SBI_Bluechip,119551
02-08-2022,106.1993,SBI_Bluechip,119551
01-08-2022,106.1219,SBI_Bluechip,119551
29-07-2022,106.0066,SBI_Bluechip,119551
28-07-2022,105.9484,SBI_Bluechip,119551
27-07-2022,105.9293,SBI_Bluechip,119551
26-07-2022,105.9161,SBI_Bluechip,119551
25-07-2022,105.9141,SBI_Bluechip,119551
22-07-2022,105.8449,SBI_Bluechip,119551
21-07-2022,105.8401,SBI_Bluechip,119551
20-07-2022,105.8304,SBI_Bluechip,119551
19-07-2022,105.7996,SBI_Bluechip,119551
18-07-2022,105.788,SBI_Bluechip,119551
15-07-2022,105.776,SBI_Bluechip,119551
14-07-2022,105.776,SBI_Bluechip,119551
13-07-2022,105.7695,SBI_Bluechip,119551
12-07-2022,105.7093,SBI_Bluechip,119551
11-07-2022,105.672,SBI_Bluechip,119551
08-07-2022,105.6723,SBI_Bluechip,119551
07-07-2022,105.7041,SBI_Bluechip,119551
06-07-2022,105.7065,SBI_Bluechip,119551
05-07-2022,105.5371,SBI_Bluechip,119551
04-07-2022,105.4884,SBI_Bluechip,119551
01-07-2022,105.3963,SBI_Bluechip,119551
30-06-2022,105.3199,SBI_Bluechip,119551
29-06-2022,105.2859,SBI_Bluechip,119551
28-06-2022,105.2771,SBI_Bluechip,119551
27-06-2022,105.2922,SBI_Bluechip,119551
24-06-2022,105.1971,SBI_Bluechip,119551
23-06-2022,105.2106,SBI_Bluechip,119551
22-06-2022,105.1767,SBI_Bluechip,119551
21-06-2022,112.757,SBI_Bluechip,119551
20-06-2022,112.7336,SBI_Bluechip,119551
17-06-2022,112.5783,SBI_Bluechip,119551
16-06-2022,112.5715,SBI_Bluechip,119551
15-06-2022,112.5757,SBI_Bluechip,119551
14-06-2022,112.583,SBI_Bluechip,119551
13-06-2022,112.5985,SBI_Bluechip,119551
10-06-2022,112.6848,SBI_Bluechip,119551
09-06-2022,112.6487,SBI_Bluechip,119551
08-06-2022,112.5902,SBI_Bluechip,119551
07-06-2022,112.4553,SBI_Bluechip,119551
06-06-2022,112.53,SBI_Bluechip,119551
03-06-2022,112.5469,SBI_Bluechip,119551
02-06-2022,112.579,SBI_Bluechip,119551
01-06-2022,112.5519,SBI_Bluechip,119551
31-05-2022,112.6801,SBI_Bluechip,119551
30-05-2022,112.6166,SBI_Bluechip,119551
27-05-2022,112.5875,SBI_Bluechip,119551
26-05-2022,112.5751,SBI_Bluechip,119551
25-05-2022,112.5511,SBI_Bluechip,119551
24-05-2022,112.5432,SBI_Bluechip,119551
23-05-2022,112.5061,SBI_Bluechip,119551
20-05-2022,112.4374,SBI_Bluechip,119551
19-05-2022,112.4539,SBI_Bluechip,119551
18-05-2022,112.4368,SBI_Bluechip,119551
17-05-2022,112.4137,SBI_Bluechip,119551
13-05-2022,112.3647,SBI_Bluechip,119551
12-05-2022,112.433,SBI_Bluechip,119551
11-05-2022,112.3991,SBI_Bluechip,119551
10-05-2022,112.3479,SBI_Bluechip,119551
09-05-2022,112.2672,SBI_Bluechip,119551
06-05-2022,112.244,SBI_Bluechip,119551
05-05-2022,112.3588,SBI_Bluechip,119551
04-05-2022,112.4331,SBI_Bluechip,119551
02-05-2022,113.1319,SBI_Bluechip,119551
29-04-2022,113.0956,SBI_Bluechip,119551
28-04-2022,113.0848,SBI_Bluechip,119551
27-04-2022,113.0954,SBI_Bluechip,119551
26-04-2022,113.0579,SBI_Bluechip,119551
25-04-2022,113.0615,SBI_Bluechip,119551
22-04-2022,112.959,SBI_Bluechip,119551
21-04-2022,112.956,SBI_Bluechip,119551
20-04-2022,112.936,SBI_Bluechip,119551
19-04-2022,112.9046,SBI_Bluechip,119551
18-04-2022,112.8584,SBI_Bluechip,119551
13-04-2022,112.6844,SBI_Bluechip,119551
12-04-2022,112.8405,SBI_Bluechip,119551
11-04-2022,112.8479,SBI_Bluechip,119551
08-04-2022,112.9062,SBI_Bluechip,119551
07-04-2022,113.1825,SBI_Bluechip,119551
06-04-2022,113.1607,SBI_Bluechip,119551
05-04-2022,113.1661,SBI_Bluechip,119551
04-04-2022,113.1171,SBI_Bluechip,119551
31-03-2022,113.0782,SBI_Bluechip,119551
30-03-2022,113.0255,SBI_Bluechip,119551
29-03-2022,112.9912,SBI_Bluechip,119551
28-03-2022,112.9448,SBI_Bluechip,119551
25-03-2022,112.9034,SBI_Bluechip,119551
24-03-2022,112.8542,SBI_Bluechip,119551
23-03-2022,112.8231,SBI_Bluechip,119551
22-03-2022,121.9441,SBI_Bluechip,119551
21-03-2022,121.9474,SBI_Bluechip,119551
17-03-2022,121.8816,SBI_Bluechip,119551
16-03-2022,121.7919,SBI_Bluechip,119551
15-03-2022,121.8177,SBI_Bluechip,119551
14-03-2022,121.7179,SBI_Bluechip,119551
11-03-2022,121.6652,SBI_Bluechip,119551
10-03-2022,121.6699,SBI_Bluechip,119551
09-03-2022,121.6144,SBI_Bluechip,119551
08-03-2022,121.5935,SBI_Bluechip,119551
07-03-2022,121.6023,SBI_Bluechip,119551
04-03-2022,121.6603,SBI_Bluechip,119551
03-03-2022,121.6296,SBI_Bluechip,119551
02-03-2022,121.665,SBI_Bluechip,119551
28-02-2022,121.7348,SBI_Bluechip,119551
25-02-2022,121.7161,SBI_Bluechip,119551
24-02-2022,121.7161,SBI_Bluechip,119551
23-02-2022,121.7264,SBI_Bluechip,119551
22-02-2022,121.6893,SBI_Bluechip,119551
21-02-2022,121.7193,SBI_Bluechip,119551
18-02-2022,121.6824,SBI_Bluechip,119551
17-02-2022,121.6561,SBI_Bluechip,119551
16-02-2022,121.6448,SBI_Bluechip,119551
15-02-2022,121.6181,SBI_Bluechip,119551
14-02-2022,121.6236,SBI_Bluechip,119551
11-02-2022,121.5265,SBI_Bluechip,119551
10-02-2022,121.4458,SBI_Bluechip,119551
09-02-2022,121.2257,SBI_Bluechip,119551
08-02-2022,121.1629,SBI_Bluechip,119551
04-02-2022,121.0091,SBI_Bluechip,119551
03-02-2022,121.0079,SBI_Bluechip,119551
02-02-2022,120.9797,SBI_Bluechip,119551
01-02-2022,121.041,SBI_Bluechip,119551
31-01-2022,121.2264,SBI_Bluechip,119551
28-01-2022,121.1287,SBI_Bluechip,119551
27-01-2022,121.1095,SBI_Bluechip,119551
25-01-2022,121.1535,SBI_Bluechip,119551
24-01-2022,121.1248,SBI_Bluechip,119551
21-01-2022,121.133,SBI_Bluechip,119551
20-01-2022,121.1056,SBI_Bluechip,119551
19-01-2022,121.0829,SBI_Bluechip,119551
18-01-2022,121.0769,SBI_Bluechip,119551
17-01-2022,121.0746,SBI_Bluechip,119551
14-01-2022,121.0906,SBI_Bluechip,119551
13-01-2022,121.0679,SBI_Bluechip,119551
12-01-2022,121.0236,SBI_Bluechip,119551
11-01-2022,120.9723,SBI_Bluechip,119551
10-01-2022,120.9198,SBI_Bluechip,119551
07-01-2022,120.9547,SBI_Bluechip,119551
06-01-2022,120.9577,SBI_Bluechip,119551
05-01-2022,120.9314,SBI_Bluechip,119551
04-01-2022,120.9326,SBI_Bluechip,119551
03-01-2022,120.9791,SBI_Bluechip,119551
31-12-2021,120.9424,SBI_Bluechip,119551
30-12-2021,120.9049,SBI_Bluechip,119551
29-12-2021,120.9039,SBI_Bluechip,119551
28-12-2021,120.8977,SBI_Bluechip,119551
27-12-2021,120.9367,SBI_Bluechip,119551
24-12-2021,120.886,SBI_Bluechip,119551
23-12-2021,120.8813,SBI_Bluechip,119551
22-12-2021,120.8645,SBI_Bluechip,119551
21-12-2021,132.1135,SBI_Bluechip,119551
20-12-2021,132.1983,SBI_Bluechip,119551
17-12-2021,132.2288,SBI_Bluechip,119551
16-12-2021,132.2637,SBI_Bluechip,119551
15-12-2021,132.2563,SBI_Bluechip,119551
14-12-2021,132.2368,SBI_Bluechip,119551
13-12-2021,132.1789,SBI_Bluechip,119551
10-12-2021,132.1656,SBI_Bluechip,119551
09-12-2021,132.162,SBI_Bluechip,119551
08-12-2021,132.1611,SBI_Bluechip,119551
07-12-2021,132.0998,SBI_Bluechip,119551
06-12-2021,132.0903,SBI_Bluechip,119551
03-12-2021,132.0162,SBI_Bluechip,119551
02-12-2021,132.0146,SBI_Bluechip,119551
01-12-2021,131.9697,SBI_Bluechip,119551
30-11-2021,131.9668,SBI_Bluechip,119551
29-11-2021,131.9194,SBI_Bluechip,119551
26-11-2021,131.8818,SBI_Bluechip,119551
25-11-2021,131.8704,SBI_Bluechip,119551
24-11-2021,131.8645,SBI_Bluechip,119551
23-11-2021,131.8686,SBI_Bluechip,119551
22-11-2021,131.858,SBI_Bluechip,119551
18-11-2021,131.7944,SBI_Bluechip,119551
17-11-2021,131.7489,SBI_Bluechip,119551
16-11-2021,131.7479,SBI_Bluechip,119551
15-11-2021,131.7417,SBI_Bluechip,119551
12-11-2021,131.6894,SBI_Bluechip,119551
11-11-2021,131.6866,SBI_Bluechip,119551
10-11-2021,131.659,SBI_Bluechip,119551
09-11-2021,131.6599,SBI_Bluechip,119551
08-11-2021,131.6163,SBI_Bluechip,119551
03-11-2021,131.4386,SBI_Bluechip,119551
02-11-2021,131.3907,SBI_Bluechip,119551
01-11-2021,131.3951,SBI_Bluechip,119551
29-10-2021,131.3687,SBI_Bluechip,119551
28-10-2021,131.396,SBI_Bluechip,119551
27-10-2021,131.4254,SBI_Bluechip,119551
26-10-2021,131.4286,SBI_Bluechip,119551
25-10-2021,131.5009,SBI_Bluechip,119551
22-10-2021,131.4697,SBI_Bluechip,119551
21-10-2021,131.4413,SBI_Bluechip,119551
20-10-2021,131.3437,SBI_Bluechip,119551
18-10-2021,131.3686,SBI_Bluechip,119551
14-10-2021,131.3603,SBI_Bluechip,119551
13-10-2021,131.3582,SBI_Bluechip,119551
12-10-2021,131.2981,SBI_Bluechip,119551
11-10-2021,131.2562,SBI_Bluechip,119551
08-10-2021,131.2335,SBI_Bluechip,119551
07-10-2021,131.2265,SBI_Bluechip,119551
06-10-2021,131.2459,SBI_Bluechip,119551
05-10-2021,131.2616,SBI_Bluechip,119551
04-10-2021,131.3094,SBI_Bluechip,119551
01-10-2021,131.2393,SBI_Bluechip,119551
30-09-2021,131.2526,SBI_Bluechip,119551
29-09-2021,131.2328,SBI_Bluechip,119551
28-09-2021,131.3044,SBI_Bluechip,119551
27-09-2021,131.258,SBI_Bluechip,119551
24-09-2021,131.2694,SBI_Bluechip,119551
23-09-2021,131.3554,SBI_Bluechip,119551
22-09-2021,131.3513,SBI_Bluechip,119551
21-09-2021,131.3316,SBI_Bluechip,119551
20-09-2021,131.3222,SBI_Bluechip,119551
17-09-2021,131.2591,SBI_Bluechip,119551
16-09-2021,131.2345,SBI_Bluechip,119551
15-09-2021,131.1996,SBI_Bluechip,119551
14-09-2021,144.1251,SBI_Bluechip,119551
13-09-2021,144.1118,SBI_Bluechip,119551
09-09-2021,144.0574,SBI_Bluechip,119551
08-09-2021,144.0275,SBI_Bluechip,119551
07-09-2021,144.0042,SBI_Bluechip,119551
06-09-2021,144.0148,SBI_Bluechip,119551
03-09-2021,143.9699,SBI_Bluechip,119551
02-09-2021,143.9444,SBI_Bluechip,119551
01-09-2021,143.8746,SBI_Bluechip,119551
31-08-2021,143.7984,SBI_Bluechip,119551
30-08-2021,143.7535,SBI_Bluechip,119551
27-08-2021,143.6277,SBI_Bluechip,119551
26-08-2021,143.5893,SBI_Bluechip,119551
25-08-2021,143.5853,SBI_Bluechip,119551
24-08-2021,143.5629,SBI_Bluechip,119551
23-08-2021,143.5597,SBI_Bluechip,119551
20-08-2021,143.5164,SBI_Bluechip,119551
18-08-2021,143.4818,SBI_Bluechip,119551
17-08-2021,143.3696,SBI_Bluechip,119551
13-08-2021,143.2392,SBI_Bluechip,119551
12-08-2021,143.136,SBI_Bluechip,119551
11-08-2021,143.0625,SBI_Bluechip,119551
10-08-2021,143.0486,SBI_Bluechip,119551
09-08-2021,142.9661,SBI_Bluechip,119551
06-08-2021,142.91,SBI_Bluechip,119551
05-08-2021,143.021,SBI_Bluechip,119551
04-08-2021,142.9647,SBI_Bluechip,119551
03-08-2021,142.9404,SBI_Bluechip,119551
02-08-2021,142.9005,SBI_Bluechip,119551
30-07-2021,142.839,SBI_Bluechip,119551
29-07-2021,142.8184,SBI_Bluechip,119551
28-07-2021,142.8006,SBI_Bluechip,119551
27-07-2021,142.7747,SBI_Bluechip,119551
26-07-2021,142.719,SBI_Bluechip,119551
23-07-2021,142.6218,SBI_Bluechip,119551
22-07-2021,142.6239,SBI_Bluechip,119551
20-07-2021,142.6213,SBI_Bluechip,119551
19-07-2021,142.5654,SBI_Bluechip,119551
16-07-2021,142.5092,SBI_Bluechip,119551
15-07-2021,142.3806,SBI_Bluechip,119551
14-07-2021,142.2968,SBI_Bluechip,119551
13-07-2021,142.2948,SBI_Bluechip,119551
12-07-2021,142.1602,SBI_Bluechip,119551
09-07-2021,142.2029,SBI_Bluechip,119551
08-07-2021,142.1696,SBI_Bluechip,119551
07-07-2021,142.0218,SBI_Bluechip,119551
06-07-2021,141.942,SBI_Bluechip,119551
05-07-2021,142.0229,SBI_Bluechip,119551
02-07-2021,141.9245,SBI_Bluechip,119551
01-07-2021,141.9515,SBI_Bluechip,119551
30-06-2021,141.9021,SBI_Bluechip,119551
29-06-2021,155.1137,SBI_Bluechip,119551
28-06-2021,155.1258,SBI_Bluechip,119551
25-06-2021,155.1462,SBI_Bluechip,119551
24-06-2021,155.1814,SBI_Bluechip,119551
23-06-2021,155.1573,SBI_Bluechip,119551
22-06-2021,155.1506,SBI_Bluechip,119551
21-06-2021,155.1952,SBI_Bluechip,119551
18-06-2021,155.1221,SBI_Bluechip,119551
17-06-2021,155.0726,SBI_Bluechip,119551
16-06-2021,155.0843,SBI_Bluechip,119551
15-06-2021,155.2961,SBI_Bluechip,119551
14-06-2021,155.429,SBI_Bluechip,119551
11-06-2021,155.3755,SBI_Bluechip,119551
10-06-2021,155.3161,SBI_Bluechip,119551
09-06-2021,155.2699,SBI_Bluechip,119551
08-06-2021,155.1383,SBI_Bluechip,119551
07-06-2021,155.1117,SBI_Bluechip,119551
04-06-2021,154.9869,SBI_Bluechip,119551
03-06-2021,154.9384,SBI_Bluechip,119551
02-06-2021,154.8632,SBI_Bluechip,119551
01-06-2021,154.8506,SBI_Bluechip,119551
31-05-2021,154.8591,SBI_Bluechip,119551
28-05-2021,154.8325,SBI_Bluechip,119551
27-05-2021,154.8336,SBI_Bluechip,119551
25-05-2021,154.783,SBI_Bluechip,119551
24-05-2021,154.7069,SBI_Bluechip,119551
21-05-2021,154.6417,SBI_Bluechip,119551
20-05-2021,154.6073,SBI_Bluechip,119551
19-05-2021,154.599,SBI_Bluechip,119551
18-05-2021,154.4638,SBI_Bluechip,119551
17-05-2021,154.4002,SBI_Bluechip,119551
14-05-2021,154.3309,SBI_Bluechip,119551
12-05-2021,154.3311,SBI_Bluechip,119551
11-05-2021,154.341,SBI_Bluechip,119551
10-05-2021,154.2372,SBI_Bluechip,119551
07-05-2021,154.1903,SBI_Bluechip,119551
06-05-2021,154.1495,SBI_Bluechip,119551
05-05-2021,154.1232,SBI_Bluechip,119551
04-05-2021,154.0742,SBI_Bluechip,119551
03-05-2021,154.0501,SBI_Bluechip,119551
30-04-2021,153.951,SBI_Bluechip,119551
29-04-2021,153.8646,SBI_Bluechip,119551
28-04-2021,153.8557,SBI_Bluechip,119551
27-04-2021,153.7634,SBI_Bluechip,119551
26-04-2021,153.6353,SBI_Bluechip,119551
23-04-2021,153.459,SBI_Bluechip,119551
22-04-2021,153.3766,SBI_Bluechip,119551
20-04-2021,153.322,SBI_Bluechip,119551
19-04-2021,153.2788,SBI_Bluechip,119551
16-04-2021,153.1445,SBI_Bluechip,119551
15-04-2021,153.2182,SBI_Bluechip,119551
12-04-2021,153.3259,SBI_Bluechip,119551
09-04-2021,153.2609,SBI_Bluechip,119551
08-04-2021,153.1697,SBI_Bluechip,119551
07-04-2021,153.1454,SBI_Bluechip,119551
06-04-2021,153.2101,SBI_Bluechip,119551
05-04-2021,153.0069,SBI_Bluechip,119551
31-03-2021,152.7457,SBI_Bluechip,119551
30-03-2021,152.6579,SBI_Bluechip,119551
26-03-2021,152.5344,SBI_Bluechip,119551
25-03-2021,152.4514,SBI_Bluechip,119551
24-03-2021,152.3847,SBI_Bluechip,119551
23-03-2021,152.2243,SBI_Bluechip,119551
22-03-2021,151.8479,SBI_Bluechip,119551
19-03-2021,151.6387,SBI_Bluechip,119551
18-03-2021,151.3901,SBI_Bluechip,119551
17-03-2021,151.3473,SBI_Bluechip,119551
16-03-2021,151.3172,SBI_Bluechip,119551
15-03-2021,151.3381,SBI_Bluechip,119551
12-03-2021,151.6323,SBI_Bluechip,119551
10-03-2021,151.712,SBI_Bluechip,119551
09-03-2021,151.7148,SBI_Bluechip,119551
08-03-2021,151.7216,SBI_Bluechip,119551
05-03-2021,151.6682,SBI_Bluechip,119551
04-03-2021,151.6971,SBI_Bluechip,119551
03-03-2021,151.6682,SBI_Bluechip,119551
02-03-2021,151.6292,SBI_Bluechip,119551
01-03-2021,151.5474,SBI_Bluechip,119551
26-02-2021,151.4836,SBI_Bluechip,119551
25-02-2021,159.5286,SBI_Bluechip,119551
24-02-2021,159.5155,SBI_Bluechip,119551
23-02-2021,159.4945,SBI_Bluechip,119551
22-02-2021,159.5796,SBI_Bluechip,119551
18-02-2021,159.7964,SBI_Bluechip,119551
17-02-2021,159.8489,SBI_Bluechip,119551
16-02-2021,159.8868,SBI_Bluechip,119551
15-02-2021,159.817,SBI_Bluechip,119551
12-02-2021,159.745,SBI_Bluechip,119551
11-02-2021,159.676,SBI_Bluechip,119551
10-02-2021,159.5324,SBI_Bluechip,119551
09-02-2021,159.5233,SBI_Bluechip,119551
08-02-2021,159.6672,SBI_Bluechip,119551
05-02-2021,159.5631,SBI_Bluechip,119551
04-02-2021,159.7473,SBI_Bluechip,119551
03-02-2021,159.7469,SBI_Bluechip,119551
02-02-2021,159.6745,SBI_Bluechip,119551
01-02-2021,160.0612,SBI_Bluechip,119551
29-01-2021,160.5977,SBI_Bluechip,119551
28-01-2021,160.5833,SBI_Bluechip,119551
27-01-2021,160.5509,SBI_Bluechip,119551
25-01-2021,160.5232,SBI_Bluechip,119551
22-01-2021,160.4748,SBI_Bluechip,119551
21-01-2021,160.5205,SBI_Bluechip,119551
20-01-2021,160.4846,SBI_Bluechip,119551
19-01-2021,160.3918,SBI_Bluechip,119551
18-01-2021,160.3776,SBI_Bluechip,119551
15-01-2021,160.6112,SBI_Bluechip,119551
14-01-2021,160.6885,SBI_Bluechip,119551
13-01-2021,160.9046,SBI_Bluechip,119551
12-01-2021,160.9495,SBI_Bluechip,119551
11-01-2021,161.1259,SBI_Bluechip,119551
08-01-2021,161.3775,SBI_Bluechip,119551
07-01-2021,161.2821,SBI_Bluechip,119551
06-01-2021,161.2295,SBI_Bluechip,119551
05-01-2021,161.2313,SBI_Bluechip,119551
04-01-2021,161.0439,SBI_Bluechip,119551
01-01-2021,160.8997,SBI_Bluechip,119551
31-12-2020,160.8071,SBI_Bluechip,119551
30-12-2020,160.7819,SBI_Bluechip,119551
29-12-2020,160.7133,SBI_Bluechip,119551
28-12-2020,160.6676,SBI_Bluechip,119551
24-12-2020,160.516,SBI_Bluechip,119551
23-12-2020,160.4658,SBI_Bluechip,119551
22-12-2020,160.403,SBI_Bluechip,119551
21-12-2020,160.3923,SBI_Bluechip,119551
18-12-2020,160.4386,SBI_Bluechip,119551
17-12-2020,160.4015,SBI_Bluechip,119551
16-12-2020,160.3832,SBI_Bluechip,119551
15-12-2020,160.3865,SBI_Bluechip,119551
14-12-2020,160.3316,SBI_Bluechip,119551
11-12-2020,160.2922,SBI_Bluechip,119551
10-12-2020,160.344,SBI_Bluechip,119551
09-12-2020,160.3147,SBI_Bluechip,119551
08-12-2020,160.3514,SBI_Bluechip,119551
07-12-2020,160.3502,SBI_Bluechip,119551
04-12-2020,160.3103,SBI_Bluechip,119551
03-12-2020,160.1281,SBI_Bluechip,119551
02-12-2020,160.1204,SBI_Bluechip,119551
01-12-2020,160.2519,SBI_Bluechip,119551
27-11-2020,160.2778,SBI_Bluechip,119551
26-11-2020,160.2708,SBI_Bluechip,119551
25-11-2020,160.1039,SBI_Bluechip,119551
24-11-2020,159.983,SBI_Bluechip,119551
23-11-2020,159.9304,SBI_Bluechip,119551
20-11-2020,159.8527,SBI_Bluechip,119551
19-11-2020,159.7636,SBI_Bluechip,119551
18-11-2020,159.5898,SBI_Bluechip,119551
17-11-2020,159.5333,SBI_Bluechip,119551
13-11-2020,159.4146,SBI_Bluechip,119551
12-11-2020,159.3624,SBI_Bluechip,119551
11-11-2020,159.2531,SBI_Bluechip,119551
10-11-2020,159.229,SBI_Bluechip,119551
09-11-2020,159.2568,SBI_Bluechip,119551
06-11-2020,159.2468,SBI_Bluechip,119551
05-11-2020,159.1355,SBI_Bluechip,119551
04-11-2020,158.9374,SBI_Bluechip,119551
03-11-2020,158.9366,SBI_Bluechip,119551
02-11-2020,158.9295,SBI_Bluechip,119551
29-10-2020,158.8367,SBI_Bluechip,119551
28-10-2020,158.857,SBI_Bluechip,119551
27-10-2020,158.8713,SBI_Bluechip,119551
26-10-2020,158.8975,SBI_Bluechip,119551
23-10-2020,158.6936,SBI_Bluechip,119551
22-10-2020,158.5705,SBI_Bluechip,119551
21-10-2020,158.5983,SBI_Bluechip,119551
20-10-2020,158.5896,SBI_Bluechip,119551
19-10-2020,158.4601,SBI_Bluechip,119551
16-10-2020,158.3327,SBI_Bluechip,119551
15-10-2020,158.3381,SBI_Bluechip,119551
14-10-2020,158.1982,SBI_Bluechip,119551
13-10-2020,158.0762,SBI_Bluechip,119551
12-10-2020,157.882,SBI_Bluechip,119551
09-10-2020,157.7498,SBI_Bluechip,119551
08-10-2020,157.086,SBI_Bluechip,119551
07-10-2020,156.9459,SBI_Bluechip,119551
06-10-2020,156.8394,SBI_Bluechip,119551
05-10-2020,156.763,SBI_Bluechip,119551
01-10-2020,156.6388,SBI_Bluechip,119551
30-09-2020,156.4483,SBI_Bluechip,119551
29-09-2020,156.3187,SBI_Bluechip,119551
28-09-2020,156.3511,SBI_Bluechip,119551
25-09-2020,156.3293,SBI_Bluechip,119551
24-09-2020,156.37,SBI_Bluechip,119551
23-09-2020,156.4026,SBI_Bluechip,119551
22-09-2020,156.3459,SBI_Bluechip,119551
21-09-2020,156.2995,SBI_Bluechip,119551
18-09-2020,156.2039,SBI_Bluechip,119551
17-09-2020,156.1649,SBI_Bluechip,119551
16-09-2020,156.1146,SBI_Bluechip,119551
15-09-2020,156.0004,SBI_Bluechip,119551
14-09-2020,156.1284,SBI_Bluechip,119551
11-09-2020,156.1152,SBI_Bluechip,119551
10-09-2020,156.1513,SBI_Bluechip,119551
09-09-2020,156.2123,SBI_Bluechip,119551
08-09-2020,156.1916,SBI_Bluechip,119551
07-09-2020,156.5535,SBI_Bluechip,119551
04-09-2020,156.774,SBI_Bluechip,119551
03-09-2020,156.7417,SBI_Bluechip,119551
02-09-2020,156.5163,SBI_Bluechip,119551
01-09-2020,156.4621,SBI_Bluechip,119551
31-08-2020,155.7972,SBI_Bluechip,119551
28-08-2020,155.1542,SBI_Bluechip,119551
27-08-2020,155.293,SBI_Bluechip,119551
26-08-2020,155.3989,SBI_Bluechip,119551
25-08-2020,155.4841,SBI_Bluechip,119551
24-08-2020,155.3393,SBI_Bluechip,119551
21-08-2020,155.6426,SBI_Bluechip,119551
20-08-2020,156.1183,SBI_Bluechip,119551
19-08-2020,156.0408,SBI_Bluechip,119551
18-08-2020,156.0848,SBI_Bluechip,119551
17-08-2020,156.1178,SBI_Bluechip,119551
14-08-2020,156.1109,SBI_Bluechip,119551
13-08-2020,156.2204,SBI_Bluechip,119551
12-08-2020,156.1023,SBI_Bluechip,119551
11-08-2020,156.1703,SBI_Bluechip,119551
10-08-2020,156.1579,SBI_Bluechip,119551
07-08-2020,156.1963,SBI_Bluechip,119551
06-08-2020,156.273,SBI_Bluechip,119551
05-08-2020,156.4515,SBI_Bluechip,119551
04-08-2020,156.4151,SBI_Bluechip,119551
03-08-2020,156.3569,SBI_Bluechip,119551
31-07-2020,156.2908,SBI_Bluechip,119551
30-07-2020,156.1385,SBI_Bluechip,119551
29-07-2020,156.0698,SBI_Bluechip,119551
28-07-2020,156.0234,SBI_Bluechip,119551
27-07-2020,156.1419,SBI_Bluechip,119551
24-07-2020,156.2363,SBI_Bluechip,119551
23-07-2020,156.2261,SBI_Bluechip,119551
22-07-2020,156.1462,SBI_Bluechip,119551
21-07-2020,156.218,SBI_Bluechip,119551
20-07-2020,156.312,SBI_Bluechip,119551
17-07-2020,156.2261,SBI_Bluechip,119551
16-07-2020,156.1683,SBI_Bluechip,119551
15-07-2020,156.1332,SBI_Bluechip,119551
14-07-2020,155.9369,SBI_Bluechip,119551
13-07-2020,156.0307,SBI_Bluechip,119551
10-07-2020,155.929,SBI_Bluechip,119551
09-07-2020,155.6112,SBI_Bluechip,119551
08-07-2020,155.4959,SBI_Bluechip,119551
07-07-2020,155.2208,SBI_Bluechip,119551
06-07-2020,154.9799,SBI_Bluechip,119551
03-07-2020,154.7628,SBI_Bluechip,119551
02-07-2020,154.6381,SBI_Bluechip,119551
01-07-2020,154.4707,SBI_Bluechip,119551
30-06-2020,154.3407,SBI_Bluechip,119551
29-06-2020,154.1954,SBI_Bluechip,119551
26-06-2020,154.0384,SBI_Bluechip,119551
25-06-2020,153.8658,SBI_Bluechip,119551
24-06-2020,153.6871,SBI_Bluechip,119551
23-06-2020,153.6661,SBI_Bluechip,119551
22-06-2020,153.438,SBI_Bluechip,119551
19-06-2020,153.2792,SBI_Bluechip,119551
18-06-2020,152.9942,SBI_Bluechip,119551
17-06-2020,152.6873,SBI_Bluechip,119551
16-06-2020,152.463,SBI_Bluechip,119551
15-06-2020,152.2922,SBI_Bluechip,119551
12-06-2020,152.1202,SBI_Bluechip,119551
11-06-2020,152.0797,SBI_Bluechip,119551
10-06-2020,151.9285,SBI_Bluechip,119551
09-06-2020,151.8323,SBI_Bluechip,119551
08-06-2020,151.7545,SBI_Bluechip,119551
05-06-2020,151.7947,SBI_Bluechip,119551
04-06-2020,151.7144,SBI_Bluechip,119551
03-06-2020,151.7291,SBI_Bluechip,119551
02-06-2020,151.5887,SBI_Bluechip,119551
01-06-2020,151.7027,SBI_Bluechip,119551
29-05-2020,151.8458,SBI_Bluechip,119551
28-05-2020,151.8499,SBI_Bluechip,119551
27-05-2020,151.8831,SBI_Bluechip,119551
26-05-2020,151.9123,SBI_Bluechip,119551
22-05-2020,151.835,SBI_Bluechip,119551
21-05-2020,151.1568,SBI_Bluechip,119551
20-05-2020,151.0347,SBI_Bluechip,119551
19-05-2020,150.8998,SBI_Bluechip,119551
18-05-2020,150.7375,SBI_Bluechip,119551
15-05-2020,150.5483,SBI_Bluechip,119551
14-05-2020,150.5497,SBI_Bluechip,119551
13-05-2020,150.1633,SBI_Bluechip,119551
12-05-2020,149.9687,SBI_Bluechip,119551
11-05-2020,149.6699,SBI_Bluechip,119551
08-05-2020,150.1326,SBI_Bluechip,119551
06-05-2020,149.8549,SBI_Bluechip,119551
05-05-2020,149.4229,SBI_Bluechip,119551
04-05-2020,149.0855,SBI_Bluechip,119551
30-04-2020,148.6556,SBI_Bluechip,119551
29-04-2020,148.549,SBI_Bluechip,119551
28-04-2020,148.5148,SBI_Bluechip,119551
27-04-2020,148.6922,SBI_Bluechip,119551
24-04-2020,148.6647,SBI_Bluechip,119551
23-04-2020,149.5527,SBI_Bluechip,119551
22-04-2020,149.0793,SBI_Bluechip,119551
21-04-2020,149.0212,SBI_Bluechip,119551
20-04-2020,148.7201,SBI_Bluechip,119551
17-04-2020,147.947,SBI_Bluechip,119551
16-04-2020,147.1239,SBI_Bluechip,119551
15-04-2020,146.8633,SBI_Bluechip,119551
13-04-2020,146.5785,SBI_Bluechip,119551
09-04-2020,146.4196,SBI_Bluechip,119551
08-04-2020,146.4112,SBI_Bluechip,119551
07-04-2020,147.1769,SBI_Bluechip,119551
03-04-2020,147.8815,SBI_Bluechip,119551
31-03-2020,148.1709,SBI_Bluechip,119551
30-03-2020,147.6988,SBI_Bluechip,119551
27-03-2020,147.851,SBI_Bluechip,119551
26-03-2020,144.1796,SBI_Bluechip,119551
24-03-2020,143.8304,SBI_Bluechip,119551
23-03-2020,143.7194,SBI_Bluechip,119551
20-03-2020,144.6272,SBI_Bluechip,119551
19-03-2020,143.9765,SBI_Bluechip,119551
18-03-2020,145.1779,SBI_Bluechip,119551
17-03-2020,145.7796,SBI_Bluechip,119551
16-03-2020,146.3857,SBI_Bluechip,119551
13-03-2020,146.4248,SBI_Bluechip,119551
12-03-2020,147.1302,SBI_Bluechip,119551
11-03-2020,147.9299,SBI_Bluechip,119551
09-03-2020,148.1911,SBI_Bluechip,119551
06-03-2020,148.22,SBI_Bluechip,119551
05-03-2020,148.039,SBI_Bluechip,119551
04-03-2020,148.0648,SBI_Bluechip,119551
03-03-2020,147.6457,SBI_Bluechip,119551
02-03-2020,147.6198,SBI_Bluechip,119551
28-02-2020,147.542,SBI_Bluechip,119551
27-02-2020,147.6783,SBI_Bluechip,119551
26-02-2020,147.7681,SBI_Bluechip,119551
25-02-2020,157.0423,SBI_Bluechip,119551
24-02-2020,157.1105,SBI_Bluechip,119551
20-02-2020,156.9353,SBI_Bluechip,119551
18-02-2020,156.9444,SBI_Bluechip,119551
17-02-2020,157.0124,SBI_Bluechip,119551
14-02-2020,156.828,SBI_Bluechip,119551
13-02-2020,156.7233,SBI_Bluechip,119551
12-02-2020,156.5516,SBI_Bluechip,119551
11-02-2020,156.5581,SBI_Bluechip,119551
10-02-2020,156.5138,SBI_Bluechip,119551
07-02-2020,156.3627,SBI_Bluechip,119551
06-02-2020,155.9182,SBI_Bluechip,119551
05-02-2020,155.3768,SBI_Bluechip,119551
04-02-2020,155.3587,SBI_Bluechip,119551
03-02-2020,155.2432,SBI_Bluechip,119551
31-01-2020,154.9392,SBI_Bluechip,119551
30-01-2020,154.9146,SBI_Bluechip,119551
29-01-2020,154.8904,SBI_Bluechip,119551
28-01-2020,154.9202,SBI_Bluechip,119551
27-01-2020,154.8703,SBI_Bluechip,119551
24-01-2020,154.749,SBI_Bluechip,119551
23-01-2020,154.6714,SBI_Bluechip,119551
22-01-2020,154.5903,SBI_Bluechip,119551
21-01-2020,154.4776,SBI_Bluechip,119551
20-01-2020,154.4228,SBI_Bluechip,119551
17-01-2020,154.3249,SBI_Bluechip,119551
16-01-2020,154.2713,SBI_Bluechip,119551
15-01-2020,154.1889,SBI_Bluechip,119551
14-01-2020,154.1151,SBI_Bluechip,119551
13-01-2020,154.2362,SBI_Bluechip,119551
10-01-2020,154.1672,SBI_Bluechip,119551
09-01-2020,154.2202,SBI_Bluechip,119551
08-01-2020,154.127,SBI_Bluechip,119551
07-01-2020,154.0751,SBI_Bluechip,119551
06-01-2020,154.0036,SBI_Bluechip,119551
03-01-2020,154.0323,SBI_Bluechip,119551
02-01-2020,153.8742,SBI_Bluechip,119551
01-01-2020,153.8193,SBI_Bluechip,119551
31-12-2019,153.7054,SBI_Bluechip,119551
30-12-2019,153.701,SBI_Bluechip,119551
27-12-2019,153.6346,SBI_Bluechip,119551
26-12-2019,153.5576,SBI_Bluechip,119551
24-12-2019,153.5626,SBI_Bluechip,119551
23-12-2019,153.5537,SBI_Bluechip,119551
20-12-2019,153.4572,SBI_Bluechip,119551
19-12-2019,153.1526,SBI_Bluechip,119551
18-12-2019,153.1337,SBI_Bluechip,119551
17-12-2019,153.0346,SBI_Bluechip,119551
16-12-2019,152.9814,SBI_Bluechip,119551
13-12-2019,152.8576,SBI_Bluechip,119551
12-12-2019,152.9682,SBI_Bluechip,119551
11-12-2019,152.9832,SBI_Bluechip,119551
10-12-2019,153.0738,SBI_Bluechip,119551
09-12-2019,153.1183,SBI_Bluechip,119551
06-12-2019,153.1405,SBI_Bluechip,119551
05-12-2019,153.2483,SBI_Bluechip,119551
04-12-2019,153.7405,SBI_Bluechip,119551
03-12-2019,153.6259,SBI_Bluechip,119551
02-12-2019,153.6046,SBI_Bluechip,119551
29-11-2019,153.5381,SBI_Bluechip,119551
28-11-2019,153.4934,SBI_Bluechip,119551
27-11-2019,153.3903,SBI_Bluechip,119551
26-11-2019,153.3485,SBI_Bluechip,119551
25-11-2019,153.296,SBI_Bluechip,119551
22-11-2019,153.1436,SBI_Bluechip,119551
21-11-2019,153.0927,SBI_Bluechip,119551
20-11-2019,153.0708,SBI_Bluechip,119551
19-11-2019,152.9853,SBI_Bluechip,119551
18-11-2019,152.9316,SBI_Bluechip,119551
15-11-2019,152.7979,SBI_Bluechip,119551
14-11-2019,152.6957,SBI_Bluechip,119551
13-11-2019,152.5581,SBI_Bluechip,119551
11-11-2019,152.4214,SBI_Bluechip,119551
08-11-2019,152.3985,SBI_Bluechip,119551
07-11-2019,152.4911,SBI_Bluechip,119551
06-11-2019,152.4607,SBI_Bluechip,119551
05-11-2019,152.4692,SBI_Bluechip,119551
04-11-2019,152.4901,SBI_Bluechip,119551
01-11-2019,152.4285,SBI_Bluechip,119551
31-10-2019,152.3324,SBI_Bluechip,119551
30-10-2019,152.1072,SBI_Bluechip,119551
29-10-2019,151.965,SBI_Bluechip,119551
25-10-2019,151.8433,SBI_Bluechip,119551
24-10-2019,151.7896,SBI_Bluechip,119551
23-10-2019,151.6974,SBI_Bluechip,119551
22-10-2019,151.5632,SBI_Bluechip,119551
18-10-2019,151.4029,SBI_Bluechip,119551
17-10-2019,151.266,SBI_Bluechip,119551
16-10-2019,151.2289,SBI_Bluechip,119551
15-10-2019,151.1294,SBI_Bluechip,119551
14-10-2019,151.0676,SBI_Bluechip,119551
11-10-2019,150.938,SBI_Bluechip,119551
10-10-2019,150.8965,SBI_Bluechip,119551
09-10-2019,150.861,SBI_Bluechip,119551
07-10-2019,150.8064,SBI_Bluechip,119551
04-10-2019,150.7287,SBI_Bluechip,119551
03-10-2019,150.7936,SBI_Bluechip,119551
01-10-2019,150.5812,SBI_Bluechip,119551
30-09-2019,150.4539,SBI_Bluechip,119551
27-09-2019,150.2231,SBI_Bluechip,119551
26-09-2019,150.2039,SBI_Bluechip,119551
25-09-2019,150.1731,SBI_Bluechip,119551
24-09-2019,150.1503,SBI_Bluechip,119551
23-09-2019,150.1778,SBI_Bluechip,119551
20-09-2019,150.0993,SBI_Bluechip,119551
19-09-2019,150.6828,SBI_Bluechip,119551
18-09-2019,150.6191,SBI_Bluechip,119551
17-09-2019,150.3688,SBI_Bluechip,119551
16-09-2019,150.4476,SBI_Bluechip,119551
13-09-2019,150.4937,SBI_Bluechip,119551
12-09-2019,150.3828,SBI_Bluechip,119551
11-09-2019,150.4797,SBI_Bluechip,119551
09-09-2019,150.5778,SBI_Bluechip,119551
06-09-2019,150.3414,SBI_Bluechip,119551
05-09-2019,150.4076,SBI_Bluechip,119551
04-09-2019,150.4906,SBI_Bluechip,119551
03-09-2019,150.4088,SBI_Bluechip,119551
30-08-2019,150.1076,SBI_Bluechip,119551
29-08-2019,150.0625,SBI_Bluechip,119551
28-08-2019,150.1914,SBI_Bluechip,119551
27-08-2019,150.2496,SBI_Bluechip,119551
26-08-2019,150.2418,SBI_Bluechip,119551
23-08-2019,149.9347,SBI_Bluechip,119551
22-08-2019,149.8404,SBI_Bluechip,119551
21-08-2019,149.6765,SBI_Bluechip,119551
20-08-2019,149.4864,SBI_Bluechip,119551
19-08-2019,149.373,SBI_Bluechip,119551
16-08-2019,149.3311,SBI_Bluechip,119551
14-08-2019,149.0809,SBI_Bluechip,119551
13-08-2019,149.4511,SBI_Bluechip,119551
09-08-2019,149.4248,SBI_Bluechip,119551
08-08-2019,149.6843,SBI_Bluechip,119551
07-08-2019,149.5577,SBI_Bluechip,119551
06-08-2019,149.4147,SBI_Bluechip,119551
05-08-2019,149.2155,SBI_Bluechip,119551
02-08-2019,149.3724,SBI_Bluechip,119551
01-08-2019,149.0367,SBI_Bluechip,119551
31-07-2019,149.0512,SBI_Bluechip,119551
30-07-2019,148.892,SBI_Bluechip,119551
29-07-2019,148.7487,SBI_Bluechip,119551
26-07-2019,148.3704,SBI_Bluechip,119551
25-07-2019,148.3413,SBI_Bluechip,119551
24-07-2019,148.6858,SBI_Bluechip,119551
23-07-2019,148.6097,SBI_Bluechip,119551
22-07-2019,148.7174,SBI_Bluechip,119551
19-07-2019,148.8542,SBI_Bluechip,119551
18-07-2019,148.8109,SBI_Bluechip,119551
17-07-2019,148.8778,SBI_Bluechip,119551
16-07-2019,148.9102,SBI_Bluechip,119551
15-07-2019,148.5678,SBI_Bluechip,119551
12-07-2019,148.2944,SBI_Bluechip,119551
11-07-2019,148.2166,SBI_Bluechip,119551
10-07-2019,148.0034,SBI_Bluechip,119551
09-07-2019,147.8228,SBI_Bluechip,119551
08-07-2019,147.8277,SBI_Bluechip,119551
05-07-2019,147.2972,SBI_Bluechip,119551
04-07-2019,146.9134,SBI_Bluechip,119551
03-07-2019,146.678,SBI_Bluechip,119551
02-07-2019,146.4817,SBI_Bluechip,119551
01-07-2019,146.3903,SBI_Bluechip,119551
28-06-2019,146.3797,SBI_Bluechip,119551
27-06-2019,146.3061,SBI_Bluechip,119551
26-06-2019,146.2151,SBI_Bluechip,119551
25-06-2019,146.3663,SBI_Bluechip,119551
24-06-2019,146.4771,SBI_Bluechip,119551
21-06-2019,146.4745,SBI_Bluechip,119551
20-06-2019,146.6796,SBI_Bluechip,119551
19-06-2019,146.5025,SBI_Bluechip,119551
18-06-2019,146.4654,SBI_Bluechip,119551
17-06-2019,146.1223,SBI_Bluechip,119551
14-06-2019,146.087,SBI_Bluechip,119551
13-06-2019,145.8517,SBI_Bluechip,119551
12-06-2019,145.775,SBI_Bluechip,119551
11-06-2019,145.6404,SBI_Bluechip,119551
10-06-2019,145.5955,SBI_Bluechip,119551
07-06-2019,145.8035,SBI_Bluechip,119551
06-06-2019,146.0295,SBI_Bluechip,119551
04-06-2019,145.6843,SBI_Bluechip,119551
03-06-2019,145.7548,SBI_Bluechip,119551
31-05-2019,145.5041,SBI_Bluechip,119551
30-05-2019,145.1312,SBI_Bluechip,119551
29-05-2019,145.1587,SBI_Bluechip,119551
28-05-2019,145.1418,SBI_Bluechip,119551
27-05-2019,145.0011,SBI_Bluechip,119551
24-05-2019,144.51,SBI_Bluechip,119551
23-05-2019,144.3538,SBI_Bluechip,119551
22-05-2019,144.0646,SBI_Bluechip,119551
21-05-2019,144.0003,SBI_Bluechip,119551
20-05-2019,143.9976,SBI_Bluechip,119551
17-05-2019,143.6887,SBI_Bluechip,119551
16-05-2019,143.5546,SBI_Bluechip,119551
15-05-2019,143.5038,SBI_Bluechip,119551
14-05-2019,143.4783,SBI_Bluechip,119551
13-05-2019,143.3346,SBI_Bluechip,119551
10-05-2019,143.2079,SBI_Bluechip,119551
09-05-2019,143.18,SBI_Bluechip,119551
08-05-2019,143.1504,SBI_Bluechip,119551
07-05-2019,143.0787,SBI_Bluechip,119551
06-05-2019,143.0201,SBI_Bluechip,119551
03-05-2019,142.9162,SBI_Bluechip,119551
02-05-2019,142.9669,SBI_Bluechip,119551
30-04-2019,142.9462,SBI_Bluechip,119551
26-04-2019,142.8116,SBI_Bluechip,119551
25-04-2019,142.7254,SBI_Bluechip,119551
24-04-2019,142.817,SBI_Bluechip,119551
23-04-2019,142.717,SBI_Bluechip,119551
22-04-2019,142.7099,SBI_Bluechip,119551
18-04-2019,142.8003,SBI_Bluechip,119551
16-04-2019,142.7755,SBI_Bluechip,119551
15-04-2019,142.7628,SBI_Bluechip,119551
12-04-2019,142.8054,SBI_Bluechip,119551
11-04-2019,142.8471,SBI_Bluechip,119551
10-04-2019,142.9046,SBI_Bluechip,119551
09-04-2019,142.8298,SBI_Bluechip,119551
08-04-2019,142.8229,SBI_Bluechip,119551
05-04-2019,142.9577,SBI_Bluechip,119551
04-04-2019,143.0993,SBI_Bluechip,119551
03-04-2019,143.216,SBI_Bluechip,119551
02-04-2019,143.2454,SBI_Bluechip,119551
29-03-2019,142.8143,SBI_Bluechip,119551
28-03-2019,142.444,SBI_Bluechip,119551
27-03-2019,142.4266,SBI_Bluechip,119551
26-03-2019,142.4063,SBI_Bluechip,119551
25-03-2019,142.4171,SBI_Bluechip,119551
22-03-2019,152.9006,SBI_Bluechip,119551
20-03-2019,152.7699,SBI_Bluechip,119551
19-03-2019,152.7005,SBI_Bluechip,119551
18-03-2019,152.7412,SBI_Bluechip,119551
15-03-2019,152.5838,SBI_Bluechip,119551
14-03-2019,152.4552,SBI_Bluechip,119551
13-03-2019,152.2831,SBI_Bluechip,119551
12-03-2019,152.2662,SBI_Bluechip,119551
11-03-2019,152.1524,SBI_Bluechip,119551
08-03-2019,151.9735,SBI_Bluechip,119551
07-03-2019,151.8551,SBI_Bluechip,119551
06-03-2019,151.7285,SBI_Bluechip,119551
05-03-2019,151.6357,SBI_Bluechip,119551
01-03-2019,151.443,SBI_Bluechip,119551
28-02-2019,151.357,SBI_Bluechip,119551
27-02-2019,151.2991,SBI_Bluechip,119551
26-02-2019,151.362,SBI_Bluechip,119551
25-02-2019,151.3599,SBI_Bluechip,119551
22-02-2019,151.2599,SBI_Bluechip,119551
21-02-2019,151.2293,SBI_Bluechip,119551
20-02-2019,151.2149,SBI_Bluechip,119551
18-02-2019,151.131,SBI_Bluechip,119551
15-02-2019,151.1932,SBI_Bluechip,119551
14-02-2019,151.2698,SBI_Bluechip,119551
13-02-2019,151.3451,SBI_Bluechip,119551
12-02-2019,151.05,SBI_Bluechip,119551
11-02-2019,151.0908,SBI_Bluechip,119551
08-02-2019,151.009,SBI_Bluechip,119551
07-02-2019,150.9077,SBI_Bluechip,119551
06-02-2019,150.6666,SBI_Bluechip,119551
05-02-2019,150.5966,SBI_Bluechip,119551
04-02-2019,150.5633,SBI_Bluechip,119551
01-02-2019,150.5492,SBI_Bluechip,119551
31-01-2019,150.7049,SBI_Bluechip,119551
30-01-2019,150.6693,SBI_Bluechip,119551
29-01-2019,150.6845,SBI_Bluechip,119551
28-01-2019,150.6576,SBI_Bluechip,119551
25-01-2019,150.5547,SBI_Bluechip,119551
24-01-2019,150.5348,SBI_Bluechip,119551
23-01-2019,150.5101,SBI_Bluechip,119551
22-01-2019,150.5028,SBI_Bluechip,119551
21-01-2019,150.3954,SBI_Bluechip,119551
18-01-2019,150.4759,SBI_Bluechip,119551
17-01-2019,150.4768,SBI_Bluechip,119551
16-01-2019,150.4555,SBI_Bluechip,119551
15-01-2019,150.4854,SBI_Bluechip,119551
14-01-2019,150.456,SBI_Bluechip,119551
11-01-2019,150.2791,SBI_Bluechip,119551
10-01-2019,150.1803,SBI_Bluechip,119551
09-01-2019,150.1373,SBI_Bluechip,119551
08-01-2019,150.0955,SBI_Bluechip,119551
07-01-2019,149.9279,SBI_Bluechip,119551
04-01-2019,149.8954,SBI_Bluechip,119551
03-01-2019,149.8859,SBI_Bluechip,119551
02-01-2019,149.9431,SBI_Bluechip,119551
01-01-2019,149.8452,SBI_Bluechip,119551
31-12-2018,149.9206,SBI_Bluechip,119551
28-12-2018,149.7844,SBI_Bluechip,119551
27-12-2018,149.9247,SBI_Bluechip,119551
26-12-2018,149.8596,SBI_Bluechip,119551
24-12-2018,149.6544,SBI_Bluechip,119551
21-12-2018,149.563,SBI_Bluechip,119551
20-12-2018,149.5464,SBI_Bluechip,119551
19-12-2018,149.5278,SBI_Bluechip,119551
18-12-2018,149.195,SBI_Bluechip,119551
17-12-2018,149.0283,SBI_Bluechip,119551
14-12-2018,148.9564,SBI_Bluechip,119551
13-12-2018,149.0154,SBI_Bluechip,119551
12-12-2018,149.0278,SBI_Bluechip,119551
11-12-2018,148.8009,SBI_Bluechip,119551
10-12-2018,148.7642,SBI_Bluechip,119551
07-12-2018,149.0015,SBI_Bluechip,119551
06-12-2018,149.0535,SBI_Bluechip,119551
05-12-2018,148.846,SBI_Bluechip,119551
04-12-2018,148.5429,SBI_Bluechip,119551
03-12-2018,148.4128,SBI_Bluechip,119551
30-11-2018,148.3579,SBI_Bluechip,119551
29-11-2018,148.2735,SBI_Bluechip,119551
28-11-2018,148.1433,SBI_Bluechip,119551
27-11-2018,147.9633,SBI_Bluechip,119551
26-11-2018,147.9388,SBI_Bluechip,119551
22-11-2018,147.8603,SBI_Bluechip,119551
20-11-2018,147.635,SBI_Bluechip,119551
19-11-2018,147.5923,SBI_Bluechip,119551
16-11-2018,147.4611,SBI_Bluechip,119551
15-11-2018,147.5302,SBI_Bluechip,119551
14-11-2018,147.492,SBI_Bluechip,119551
13-11-2018,147.3771,SBI_Bluechip,119551
12-11-2018,147.2561,SBI_Bluechip,119551
09-11-2018,147.2208,SBI_Bluechip,119551
06-11-2018,147.0712,SBI_Bluechip,119551
05-11-2018,147.0216,SBI_Bluechip,119551
02-11-2018,146.9597,SBI_Bluechip,119551
01-11-2018,146.8128,SBI_Bluechip,119551
31-10-2018,146.7339,SBI_Bluechip,119551
30-10-2018,146.7452,SBI_Bluechip,119551
29-10-2018,146.7445,SBI_Bluechip,119551
26-10-2018,146.59,SBI_Bluechip,119551
25-10-2018,146.6004,SBI_Bluechip,119551
24-10-2018,146.6004,SBI_Bluechip,119551
23-10-2018,146.5481,SBI_Bluechip,119551
22-10-2018,146.5009,SBI_Bluechip,119551
19-10-2018,146.4328,SBI_Bluechip,119551
17-10-2018,146.3738,SBI_Bluechip,119551
16-10-2018,146.3846,SBI_Bluechip,119551
15-10-2018,146.2801,SBI_Bluechip,119551
12-10-2018,146.0817,SBI_Bluechip,119551
11-10-2018,146.0455,SBI_Bluechip,119551
10-10-2018,145.9908,SBI_Bluechip,119551
09-10-2018,145.9393,SBI_Bluechip,119551
08-10-2018,146.0791,SBI_Bluechip,119551
05-10-2018,145.947,SBI_Bluechip,119551
04-10-2018,145.5923,SBI_Bluechip,119551
03-10-2018,145.7273,SBI_Bluechip,119551
01-10-2018,145.82,SBI_Bluechip,119551
28-09-2018,145.6347,SBI_Bluechip,119551
27-09-2018,145.5014,SBI_Bluechip,119551
26-09-2018,145.1397,SBI_Bluechip,119551
25-09-2018,145.0404,SBI_Bluechip,119551
24-09-2018,145.129,SBI_Bluechip,119551
21-09-2018,145.2703,SBI_Bluechip,119551
19-09-2018,145.2511,SBI_Bluechip,119551
18-09-2018,145.1769,SBI_Bluechip,119551
17-09-2018,145.1591,SBI_Bluechip,119551
14-09-2018,145.0718,SBI_Bluechip,119551
12-09-2018,144.9921,SBI_Bluechip,119551
11-09-2018,144.9724,SBI_Bluechip,119551
10-09-2018,145.0029,SBI_Bluechip,119551
07-09-2018,145.1503,SBI_Bluechip,119551
06-09-2018,145.0798,SBI_Bluechip,119551
05-09-2018,145.064,SBI_Bluechip,119551
04-09-2018,145.091,SBI_Bluechip,119551
03-09-2018,145.1981,SBI_Bluechip,119551
31-08-2018,145.157,SBI_Bluechip,119551
30-08-2018,145.153,SBI_Bluechip,119551
29-08-2018,145.1777,SBI_Bluechip,119551
28-08-2018,145.1743,SBI_Bluechip,119551
27-08-2018,145.1487,SBI_Bluechip,119551
24-08-2018,145.0713,SBI_Bluechip,119551
23-08-2018,145.063,SBI_Bluechip,119551
21-08-2018,145.0737,SBI_Bluechip,119551
20-08-2018,145.0363,SBI_Bluechip,119551
16-08-2018,144.8889,SBI_Bluechip,119551
14-08-2018,144.8983,SBI_Bluechip,119551
13-08-2018,144.8638,SBI_Bluechip,119551
10-08-2018,144.8834,SBI_Bluechip,119551
09-08-2018,144.8547,SBI_Bluechip,119551
08-08-2018,144.7751,SBI_Bluechip,119551
07-08-2018,144.736,SBI_Bluechip,119551
06-08-2018,144.7287,SBI_Bluechip,119551
03-08-2018,144.6829,SBI_Bluechip,119551
02-08-2018,144.717,SBI_Bluechip,119551
01-08-2018,144.6898,SBI_Bluechip,119551
31-07-2018,144.5473,SBI_Bluechip,119551
30-07-2018,144.4708,SBI_Bluechip,119551
27-07-2018,144.3967,SBI_Bluechip,119551
26-07-2018,144.3561,SBI_Bluechip,119551
25-07-2018,144.2857,SBI_Bluechip,119551
24-07-2018,144.2543,SBI_Bluechip,119551
23-07-2018,144.2217,SBI_Bluechip,119551
20-07-2018,144.1651,SBI_Bluechip,119551
19-07-2018,144.1604,SBI_Bluechip,119551
18-07-2018,144.1784,SBI_Bluechip,119551
17-07-2018,144.1534,SBI_Bluechip,119551
16-07-2018,144.0332,SBI_Bluechip,119551
13-07-2018,143.9932,SBI_Bluechip,119551
12-07-2018,143.9137,SBI_Bluechip,119551
11-07-2018,143.7636,SBI_Bluechip,119551
10-07-2018,143.7153,SBI_Bluechip,119551
09-07-2018,143.6666,SBI_Bluechip,119551
06-07-2018,143.5656,SBI_Bluechip,119551
05-07-2018,143.5272,SBI_Bluechip,119551
04-07-2018,143.5283,SBI_Bluechip,119551
03-07-2018,143.418,SBI_Bluechip,119551
02-07-2018,143.3715,SBI_Bluechip,119551
29-06-2018,143.2428,SBI_Bluechip,119551
28-06-2018,143.195,SBI_Bluechip,119551
27-06-2018,143.2581,SBI_Bluechip,119551
26-06-2018,143.3068,SBI_Bluechip,119551
25-06-2018,143.2898,SBI_Bluechip,119551
22-06-2018,143.2155,SBI_Bluechip,119551
21-06-2018,143.2127,SBI_Bluechip,119551
20-06-2018,143.0785,SBI_Bluechip,119551
19-06-2018,142.9936,SBI_Bluechip,119551
18-06-2018,142.9393,SBI_Bluechip,119551
15-06-2018,142.7832,SBI_Bluechip,119551
14-06-2018,142.6874,SBI_Bluechip,119551
13-06-2018,142.5907,SBI_Bluechip,119551
12-06-2018,142.4837,SBI_Bluechip,119551
11-06-2018,142.4551,SBI_Bluechip,119551
08-06-2018,142.4035,SBI_Bluechip,119551
07-06-2018,142.2812,SBI_Bluechip,119551
06-06-2018,142.3972,SBI_Bluechip,119551
05-06-2018,142.4665,SBI_Bluechip,119551
04-06-2018,142.3998,SBI_Bluechip,119551
01-06-2018,142.3674,SBI_Bluechip,119551
31-05-2018,142.42,SBI_Bluechip,119551
30-05-2018,142.5296,SBI_Bluechip,119551
29-05-2018,142.4726,SBI_Bluechip,119551
28-05-2018,142.4224,SBI_Bluechip,119551
25-05-2018,142.2487,SBI_Bluechip,119551
24-05-2018,142.1165,SBI_Bluechip,119551
23-05-2018,142.1357,SBI_Bluechip,119551
22-05-2018,142.1472,SBI_Bluechip,119551
21-05-2018,142.1174,SBI_Bluechip,119551
18-05-2018,142.0857,SBI_Bluechip,119551
17-05-2018,141.9005,SBI_Bluechip,119551
16-05-2018,141.9575,SBI_Bluechip,119551
15-05-2018,142.0914,SBI_Bluechip,119551
14-05-2018,142.2398,SBI_Bluechip,119551
11-05-2018,142.2857,SBI_Bluechip,119551
10-05-2018,142.3077,SBI_Bluechip,119551
09-05-2018,142.3563,SBI_Bluechip,119551
08-05-2018,142.5187,SBI_Bluechip,119551
07-05-2018,142.4808,SBI_Bluechip,119551
04-05-2018,142.3165,SBI_Bluechip,119551
03-05-2018,142.3179,SBI_Bluechip,119551
02-05-2018,142.3015,SBI_Bluechip,119551
27-04-2018,142.0784,SBI_Bluechip,119551
26-04-2018,142.1109,SBI_Bluechip,119551
25-04-2018,142.2185,SBI_Bluechip,119551
24-04-2018,142.3569,SBI_Bluechip,119551
23-04-2018,142.3797,SBI_Bluechip,119551
20-04-2018,142.3818,SBI_Bluechip,119551
19-04-2018,142.5817,SBI_Bluechip,119551
18-04-2018,142.8035,SBI_Bluechip,119551
17-04-2018,142.9028,SBI_Bluechip,119551
16-04-2018,142.9083,SBI_Bluechip,119551
13-04-2018,142.8596,SBI_Bluechip,119551
12-04-2018,142.8123,SBI_Bluechip,119551
11-04-2018,142.7892,SBI_Bluechip,119551
10-04-2018,142.9838,SBI_Bluechip,119551
09-04-2018,143.1851,SBI_Bluechip,119551
06-04-2018,143.1533,SBI_Bluechip,119551
05-04-2018,143.1275,SBI_Bluechip,119551
04-04-2018,142.7382,SBI_Bluechip,119551
03-04-2018,142.7428,SBI_Bluechip,119551
28-03-2018,142.4392,SBI_Bluechip,119551
27-03-2018,142.3556,SBI_Bluechip,119551
26-03-2018,141.858,SBI_Bluechip,119551
23-03-2018,141.8272,SBI_Bluechip,119551
22-03-2018,141.7848,SBI_Bluechip,119551
21-03-2018,141.7391,SBI_Bluechip,119551
20-03-2018,141.7269,SBI_Bluechip,119551
19-03-2018,141.7148,SBI_Bluechip,119551
16-03-2018,141.6912,SBI_Bluechip,119551
15-03-2018,141.4873,SBI_Bluechip,119551
14-03-2018,141.3686,SBI_Bluechip,119551
13-03-2018,141.3517,SBI_Bluechip,119551
12-03-2018,141.271,SBI_Bluechip,119551
09-03-2018,141.0964,SBI_Bluechip,119551
08-03-2018,141.0882,SBI_Bluechip,119551
07-03-2018,140.9803,SBI_Bluechip,119551
06-03-2018,140.77,SBI_Bluechip,119551
05-03-2018,140.7265,SBI_Bluechip,119551
01-03-2018,140.6243,SBI_Bluechip,119551
28-02-2018,140.6412,SBI_Bluechip,119551
27-02-2018,140.649,SBI_Bluechip,119551
26-02-2018,149.9922,SBI_Bluechip,119551
23-02-2018,149.9491,SBI_Bluechip,119551
22-02-2018,149.8158,SBI_Bluechip,119551
21-02-2018,149.9303,SBI_Bluechip,119551
20-02-2018,149.9696,SBI_Bluechip,119551
16-02-2018,150.0015,SBI_Bluechip,119551
15-02-2018,149.9765,SBI_Bluechip,119551
14-02-2018,150.0741,SBI_Bluechip,119551
12-02-2018,149.9962,SBI_Bluechip,119551
09-02-2018,149.9118,SBI_Bluechip,119551
08-02-2018,149.8999,SBI_Bluechip,119551
07-02-2018,149.7571,SBI_Bluechip,119551
06-02-2018,149.6109,SBI_Bluechip,119551
05-02-2018,149.5419,SBI_Bluechip,119551
02-02-2018,149.4766,SBI_Bluechip,119551
01-02-2018,149.4309,SBI_Bluechip,119551
31-01-2018,149.7354,SBI_Bluechip,119551
30-01-2018,149.6944,SBI_Bluechip,119551
29-01-2018,149.7264,SBI_Bluechip,119551
25-01-2018,149.7498,SBI_Bluechip,119551
24-01-2018,149.783,SBI_Bluechip,119551
23-01-2018,149.8059,SBI_Bluechip,119551
22-01-2018,149.6942,SBI_Bluechip,119551
19-01-2018,149.6247,SBI_Bluechip,119551
18-01-2018,149.6057,SBI_Bluechip,119551
17-01-2018,149.6553,SBI_Bluechip,119551
16-01-2018,149.44,SBI_Bluechip,119551
15-01-2018,149.6009,SBI_Bluechip,119551
12-01-2018,149.4891,SBI_Bluechip,119551
11-01-2018,149.4769,SBI_Bluechip,119551
10-01-2018,149.4919,SBI_Bluechip,119551
09-01-2018,149.6376,SBI_Bluechip,119551
08-01-2018,149.663,SBI_Bluechip,119551
05-01-2018,149.6129,SBI_Bluechip,119551
04-01-2018,149.4562,SBI_Bluechip,119551
03-01-2018,149.5011,SBI_Bluechip,119551
02-01-2018,149.4785,SBI_Bluechip,119551
01-01-2018,149.4635,SBI_Bluechip,119551
29-12-2017,149.4545,SBI_Bluechip,119551
28-12-2017,149.1113,SBI_Bluechip,119551
27-12-2017,149.3157,SBI_Bluechip,119551
26-12-2017,149.2864,SBI_Bluechip,119551
22-12-2017,149.2793,SBI_Bluechip,119551
21-12-2017,149.3699,SBI_Bluechip,119551
20-12-2017,149.4474,SBI_Bluechip,119551
19-12-2017,149.559,SBI_Bluechip,119551
18-12-2017,149.5292,SBI_Bluechip,119551
15-12-2017,149.4853,SBI_Bluechip,119551
14-12-2017,149.5076,SBI_Bluechip,119551
13-12-2017,149.4922,SBI_Bluechip,119551
12-12-2017,149.544,SBI_Bluechip,119551
11-12-2017,149.5962,SBI_Bluechip,119551
08-12-2017,149.6701,SBI_Bluechip,119551
07-12-2017,149.6687,SBI_Bluechip,119551
06-12-2017,149.6636,SBI_Bluechip,119551
05-12-2017,149.6015,SBI_Bluechip,119551
04-12-2017,149.5704,SBI_Bluechip,119551
30-11-2017,149.4913,SBI_Bluechip,119551
29-11-2017,149.4737,SBI_Bluechip,119551
28-11-2017,149.4371,SBI_Bluechip,119551
27-11-2017,149.4131,SBI_Bluechip,119551
24-11-2017,149.3708,SBI_Bluechip,119551
23-11-2017,149.3581,SBI_Bluechip,119551
22-11-2017,149.4299,SBI_Bluechip,119551
21-11-2017,149.5741,SBI_Bluechip,119551
20-11-2017,149.5677,SBI_Bluechip,119551
17-11-2017,149.2227,SBI_Bluechip,119551
16-11-2017,149.1355,SBI_Bluechip,119551
15-11-2017,149.2653,SBI_Bluechip,119551
14-11-2017,149.2009,SBI_Bluechip,119551
13-11-2017,149.3946,SBI_Bluechip,119551
10-11-2017,149.3439,SBI_Bluechip,119551
09-11-2017,149.335,SBI_Bluechip,119551
08-11-2017,149.2964,SBI_Bluechip,119551
07-11-2017,149.2845,SBI_Bluechip,119551
06-11-2017,149.3344,SBI_Bluechip,119551
03-11-2017,149.2935,SBI_Bluechip,119551
02-11-2017,149.2423,SBI_Bluechip,119551
01-11-2017,149.1872,SBI_Bluechip,119551
31-10-2017,149.166,SBI_Bluechip,119551
30-10-2017,149.1095,SBI_Bluechip,119551
27-10-2017,149.116,SBI_Bluechip,119551
26-10-2017,149.1089,SBI_Bluechip,119551
25-10-2017,149.0757,SBI_Bluechip,119551
24-10-2017,149.0872,SBI_Bluechip,119551
23-10-2017,149.0299,SBI_Bluechip,119551
18-10-2017,148.9933,SBI_Bluechip,119551
17-10-2017,148.9725,SBI_Bluechip,119551
16-10-2017,148.9557,SBI_Bluechip,119551
13-10-2017,148.8495,SBI_Bluechip,119551
12-10-2017,148.7248,SBI_Bluechip,119551
11-10-2017,148.6958,SBI_Bluechip,119551
10-10-2017,148.6506,SBI_Bluechip,119551
09-10-2017,148.6113,SBI_Bluechip,119551
06-10-2017,148.5744,SBI_Bluechip,119551
05-10-2017,148.5783,SBI_Bluechip,119551
04-10-2017,148.6351,SBI_Bluechip,119551
03-10-2017,148.7205,SBI_Bluechip,119551
29-09-2017,148.491,SBI_Bluechip,119551
28-09-2017,148.4835,SBI_Bluechip,119551
27-09-2017,148.3767,SBI_Bluechip,119551
26-09-2017,148.362,SBI_Bluechip,119551
25-09-2017,148.4371,SBI_Bluechip,119551
22-09-2017,148.2649,SBI_Bluechip,119551
21-09-2017,148.2842,SBI_Bluechip,119551
20-09-2017,148.5343,SBI_Bluechip,119551
19-09-2017,148.4897,SBI_Bluechip,119551
18-09-2017,148.4466,SBI_Bluechip,119551
15-09-2017,148.4365,SBI_Bluechip,119551
14-09-2017,148.4631,SBI_Bluechip,119551
13-09-2017,148.4446,SBI_Bluechip,119551
12-09-2017,148.48,SBI_Bluechip,119551
11-09-2017,148.5133,SBI_Bluechip,119551
08-09-2017,148.4706,SBI_Bluechip,119551
07-09-2017,148.4821,SBI_Bluechip,119551
06-09-2017,148.4973,SBI_Bluechip,119551
05-09-2017,148.4461,SBI_Bluechip,119551
04-09-2017,148.4419,SBI_Bluechip,119551
01-09-2017,148.359,SBI_Bluechip,119551
31-08-2017,148.181,SBI_Bluechip,119551
30-08-2017,148.1091,SBI_Bluechip,119551
29-08-2017,148.0933,SBI_Bluechip,119551
28-08-2017,148.0222,SBI_Bluechip,119551
24-08-2017,147.945,SBI_Bluechip,119551
23-08-2017,147.9146,SBI_Bluechip,119551
22-08-2017,147.9018,SBI_Bluechip,119551
21-08-2017,147.903,SBI_Bluechip,119551
18-08-2017,147.8182,SBI_Bluechip,119551
16-08-2017,147.7053,SBI_Bluechip,119551
14-08-2017,147.7087,SBI_Bluechip,119551
11-08-2017,147.6561,SBI_Bluechip,119551
10-08-2017,147.6744,SBI_Bluechip,119551
09-08-2017,147.7244,SBI_Bluechip,119551
08-08-2017,147.7057,SBI_Bluechip,119551
07-08-2017,147.6821,SBI_Bluechip,119551
04-08-2017,147.6495,SBI_Bluechip,119551
03-08-2017,147.6212,SBI_Bluechip,119551
02-08-2017,147.3359,SBI_Bluechip,119551
01-08-2017,147.2654,SBI_Bluechip,119551
31-07-2017,147.1981,SBI_Bluechip,119551
28-07-2017,147.1604,SBI_Bluechip,119551
27-07-2017,147.1708,SBI_Bluechip,119551
26-07-2017,147.0997,SBI_Bluechip,119551
25-07-2017,147.1373,SBI_Bluechip,119551
24-07-2017,147.1328,SBI_Bluechip,119551
21-07-2017,146.9821,SBI_Bluechip,119551
20-07-2017,146.8157,SBI_Bluechip,119551
19-07-2017,146.7668,SBI_Bluechip,119551
18-07-2017,146.6789,SBI_Bluechip,119551
17-07-2017,146.6141,SBI_Bluechip,119551
14-07-2017,146.4802,SBI_Bluechip,119551
13-07-2017,146.4568,SBI_Bluechip,119551
12-07-2017,146.3824,SBI_Bluechip,119551
11-07-2017,146.3105,SBI_Bluechip,119551
10-07-2017,146.2443,SBI_Bluechip,119551
07-07-2017,145.9888,SBI_Bluechip,119551
06-07-2017,145.9371,SBI_Bluechip,119551
05-07-2017,145.8498,SBI_Bluechip,119551
04-07-2017,145.7582,SBI_Bluechip,119551
03-07-2017,145.6663,SBI_Bluechip,119551
30-06-2017,145.8394,SBI_Bluechip,119551
29-06-2017,145.8476,SBI_Bluechip,119551
28-06-2017,145.8491,SBI_Bluechip,119551
27-06-2017,145.9449,SBI_Bluechip,119551
23-06-2017,145.8813,SBI_Bluechip,119551
22-06-2017,145.8735,SBI_Bluechip,119551
21-06-2017,145.8889,SBI_Bluechip,119551
20-06-2017,145.8016,SBI_Bluechip,119551
19-06-2017,145.7742,SBI_Bluechip,119551
16-06-2017,145.6798,SBI_Bluechip,119551
15-06-2017,145.6979,SBI_Bluechip,119551
14-06-2017,145.6607,SBI_Bluechip,119551
13-06-2017,145.6403,SBI_Bluechip,119551
12-06-2017,145.5341,SBI_Bluechip,119551
09-06-2017,145.4447,SBI_Bluechip,119551
08-06-2017,145.3316,SBI_Bluechip,119551
07-06-2017,144.9507,SBI_Bluechip,119551
06-06-2017,144.5701,SBI_Bluechip,119551
05-06-2017,144.5409,SBI_Bluechip,119551
02-06-2017,144.495,SBI_Bluechip,119551
01-06-2017,144.4377,SBI_Bluechip,119551
31-05-2017,144.2526,SBI_Bluechip,119551
30-05-2017,144.1695,SBI_Bluechip,119551
29-05-2017,144.139,SBI_Bluechip,119551
26-05-2017,144.139,SBI_Bluechip,119551
25-05-2017,144.0182,SBI_Bluechip,119551
24-05-2017,143.9093,SBI_Bluechip,119551
23-05-2017,143.8682,SBI_Bluechip,119551
22-05-2017,143.7899,SBI_Bluechip,119551
19-05-2017,143.6111,SBI_Bluechip,119551
18-05-2017,143.5992,SBI_Bluechip,119551
17-05-2017,143.5683,SBI_Bluechip,119551
16-05-2017,143.5436,SBI_Bluechip,119551
15-05-2017,143.5718,SBI_Bluechip,119551
12-05-2017,143.191,SBI_Bluechip,119551
11-05-2017,143.0782,SBI_Bluechip,119551
09-05-2017,143.0225,SBI_Bluechip,119551
08-05-2017,143.0171,SBI_Bluechip,119551
05-05-2017,142.8881,SBI_Bluechip,119551
04-05-2017,142.781,SBI_Bluechip,119551
03-05-2017,142.7804,SBI_Bluechip,119551
02-05-2017,142.7261,SBI_Bluechip,119551
28-04-2017,142.7091,SBI_Bluechip,119551
27-04-2017,142.7118,SBI_Bluechip,119551
26-04-2017,142.7088,SBI_Bluechip,119551
25-04-2017,142.8376,SBI_Bluechip,119551
24-04-2017,142.7063,SBI_Bluechip,119551
21-04-2017,142.6345,SBI_Bluechip,119551
20-04-2017,142.7991,SBI_Bluechip,119551
19-04-2017,142.7966,SBI_Bluechip,119551
18-04-2017,142.6525,SBI_Bluechip,119551
17-04-2017,142.6317,SBI_Bluechip,119551
13-04-2017,142.5844,SBI_Bluechip,119551
12-04-2017,142.4196,SBI_Bluechip,119551
11-04-2017,142.2557,SBI_Bluechip,119551
10-04-2017,142.0721,SBI_Bluechip,119551
07-04-2017,141.9749,SBI_Bluechip,119551
06-04-2017,142.0344,SBI_Bluechip,119551
05-04-2017,142.456,SBI_Bluechip,119551
03-04-2017,142.491,SBI_Bluechip,119551
31-03-2017,142.3365,SBI_Bluechip,119551
30-03-2017,142.2701,SBI_Bluechip,119551
29-03-2017,142.1405,SBI_Bluechip,119551
27-03-2017,142.1702,SBI_Bluechip,119551
24-03-2017,141.7796,SBI_Bluechip,119551
23-03-2017,141.7341,SBI_Bluechip,119551
22-03-2017,141.6441,SBI_Bluechip,119551
21-03-2017,141.1567,SBI_Bluechip,119551
20-03-2017,141.0427,SBI_Bluechip,119551
17-03-2017,141.0134,SBI_Bluechip,119551
16-03-2017,141.011,SBI_Bluechip,119551
15-03-2017,140.8803,SBI_Bluechip,119551
14-03-2017,140.4476,SBI_Bluechip,119551
10-03-2017,140.3602,SBI_Bluechip,119551
09-03-2017,140.5925,SBI_Bluechip,119551
08-03-2017,140.6217,SBI_Bluechip,119551
07-03-2017,140.6715,SBI_Bluechip,119551
06-03-2017,140.7214,SBI_Bluechip,119551
03-03-2017,140.8939,SBI_Bluechip,119551
02-03-2017,140.6931,SBI_Bluechip,119551
01-03-2017,140.6291,SBI_Bluechip,119551
28-02-2017,140.8785,SBI_Bluechip,119551
27-02-2017,140.8612,SBI_Bluechip,119551
23-02-2017,140.656,SBI_Bluechip,119551
22-02-2017,140.5482,SBI_Bluechip,119551
20-02-2017,140.7201,SBI_Bluechip,119551
17-02-2017,140.8544,SBI_Bluechip,119551
16-02-2017,140.855,SBI_Bluechip,119551
15-02-2017,140.7425,SBI_Bluechip,119551
14-02-2017,140.6769,SBI_Bluechip,119551
13-02-2017,140.7741,SBI_Bluechip,119551
10-02-2017,140.6958,SBI_Bluechip,119551
09-02-2017,140.3961,SBI_Bluechip,119551
08-02-2017,141.0498,SBI_Bluechip,119551
07-02-2017,142.8426,SBI_Bluechip,119551
06-02-2017,142.8673,SBI_Bluechip,119551
03-02-2017,142.8411,SBI_Bluechip,119551
02-02-2017,142.8498,SBI_Bluechip,119551
01-02-2017,142.708,SBI_Bluechip,119551
31-01-2017,142.6513,SBI_Bluechip,119551
30-01-2017,142.6424,SBI_Bluechip,119551
27-01-2017,142.5803,SBI_Bluechip,119551
25-01-2017,142.5021,SBI_Bluechip,119551
24-01-2017,142.4236,SBI_Bluechip,119551
23-01-2017,142.362,SBI_Bluechip,119551
20-01-2017,142.294,SBI_Bluechip,119551
19-01-2017,142.2584,SBI_Bluechip,119551
18-01-2017,142.3467,SBI_Bluechip,119551
17-01-2017,142.4058,SBI_Bluechip,119551
16-01-2017,142.3247,SBI_Bluechip,119551
13-01-2017,142.3455,SBI_Bluechip,119551
12-01-2017,142.4383,SBI_Bluechip,119551
11-01-2017,142.2559,SBI_Bluechip,119551
10-01-2017,142.2226,SBI_Bluechip,119551
09-01-2017,142.1957,SBI_Bluechip,119551
06-01-2017,142.1645,SBI_Bluechip,119551
05-01-2017,142.1662,SBI_Bluechip,119551
04-01-2017,142.1884,SBI_Bluechip,119551
03-01-2017,141.8637,SBI_Bluechip,119551
02-01-2017,142.0128,SBI_Bluechip,119551
30-12-2016,141.0653,SBI_Bluechip,119551
29-12-2016,140.8539,SBI_Bluechip,119551
28-12-2016,140.4799,SBI_Bluechip,119551
27-12-2016,140.4635,SBI_Bluechip,119551
26-12-2016,140.5763,SBI_Bluechip,119551
23-12-2016,140.754,SBI_Bluechip,119551
22-12-2016,140.8922,SBI_Bluechip,119551
21-12-2016,141.1187,SBI_Bluechip,119551
20-12-2016,141.0514,SBI_Bluechip,119551
19-12-2016,140.9731,SBI_Bluechip,119551
16-12-2016,140.9144,SBI_Bluechip,119551
15-12-2016,140.9543,SBI_Bluechip,119551
14-12-2016,141.4995,SBI_Bluechip,119551
13-12-2016,141.4149,SBI_Bluechip,119551
09-12-2016,141.2674,SBI_Bluechip,119551
08-12-2016,141.328,SBI_Bluechip,119551
07-12-2016,141.4759,SBI_Bluechip,119551
06-12-2016,142.7747,SBI_Bluechip,119551
05-12-2016,142.6727,SBI_Bluechip,119551
02-12-2016,142.5539,SBI_Bluechip,119551
01-12-2016,142.6678,SBI_Bluechip,119551
30-11-2016,142.5417,SBI_Bluechip,119551
29-11-2016,142.2212,SBI_Bluechip,119551
28-11-2016,142.3286,SBI_Bluechip,119551
25-11-2016,142.7966,SBI_Bluechip,119551
24-11-2016,142.9418,SBI_Bluechip,119551
23-11-2016,142.3794,SBI_Bluechip,119551
22-11-2016,142.0614,SBI_Bluechip,119551
21-11-2016,142.0013,SBI_Bluechip,119551
18-11-2016,141.2116,SBI_Bluechip,119551
17-11-2016,141.2957,SBI_Bluechip,119551
16-11-2016,141.2151,SBI_Bluechip,119551
15-11-2016,140.6312,SBI_Bluechip,119551
11-11-2016,139.5813,SBI_Bluechip,119551
10-11-2016,139.7669,SBI_Bluechip,119551
09-11-2016,139.5353,SBI_Bluechip,119551
08-11-2016,139.0289,SBI_Bluechip,119551
07-11-2016,138.9342,SBI_Bluechip,119551
04-11-2016,138.8435,SBI_Bluechip,119551
03-11-2016,138.9047,SBI_Bluechip,119551
02-11-2016,138.9201,SBI_Bluechip,119551
01-11-2016,138.9285,SBI_Bluechip,119551
28-10-2016,138.9002,SBI_Bluechip,119551
27-10-2016,138.8932,SBI_Bluechip,119551
26-10-2016,138.9324,SBI_Bluechip,119551
25-10-2016,138.917,SBI_Bluechip,119551
24-10-2016,138.9892,SBI_Bluechip,119551
21-10-2016,138.9252,SBI_Bluechip,119551
20-10-2016,138.92,SBI_Bluechip,119551
19-10-2016,138.9686,SBI_Bluechip,119551
18-10-2016,138.9771,SBI_Bluechip,119551
17-10-2016,138.8696,SBI_Bluechip,119551
14-10-2016,138.8584,SBI_Bluechip,119551
13-10-2016,138.9711,SBI_Bluechip,119551
10-10-2016,139.0035,SBI_Bluechip,119551
07-10-2016,138.7764,SBI_Bluechip,119551
06-10-2016,138.8924,SBI_Bluechip,119551
05-10-2016,138.9268,SBI_Bluechip,119551
04-10-2016,138.5007,SBI_Bluechip,119551
03-10-2016,138.2415,SBI_Bluechip,119551
30-09-2016,137.8665,SBI_Bluechip,119551
29-09-2016,137.7307,SBI_Bluechip,119551
28-09-2016,138.0284,SBI_Bluechip,119551
27-09-2016,137.947,SBI_Bluechip,119551
26-09-2016,137.8324,SBI_Bluechip,119551
23-09-2016,137.5601,SBI_Bluechip,119551
22-09-2016,137.4241,SBI_Bluechip,119551
21-09-2016,137.097,SBI_Bluechip,119551
20-09-2016,136.9986,SBI_Bluechip,119551
19-09-2016,137.0139,SBI_Bluechip,119551
16-09-2016,136.971,SBI_Bluechip,119551
15-09-2016,136.8926,SBI_Bluechip,119551
14-09-2016,136.8219,SBI_Bluechip,119551
12-09-2016,136.85,SBI_Bluechip,119551
09-09-2016,136.9063,SBI_Bluechip,119551
08-09-2016,136.8589,SBI_Bluechip,119551
07-09-2016,136.7979,SBI_Bluechip,119551
06-09-2016,136.541,SBI_Bluechip,119551
02-09-2016,136.3517,SBI_Bluechip,119551
01-09-2016,136.3584,SBI_Bluechip,119551
31-08-2016,136.3515,SBI_Bluechip,119551
30-08-2016,136.312,SBI_Bluechip,119551
29-08-2016,136.2205,SBI_Bluechip,119551
26-08-2016,136.0743,SBI_Bluechip,119551
25-08-2016,136.0296,SBI_Bluechip,119551
24-08-2016,135.9112,SBI_Bluechip,119551
23-08-2016,135.7506,SBI_Bluechip,119551
22-08-2016,135.7183,SBI_Bluechip,119551
19-08-2016,135.8687,SBI_Bluechip,119551
18-08-2016,135.7343,SBI_Bluechip,119551
16-08-2016,135.8902,SBI_Bluechip,119551
12-08-2016,135.8182,SBI_Bluechip,119551
11-08-2016,135.8291,SBI_Bluechip,119551
10-08-2016,135.5838,SBI_Bluechip,119551
09-08-2016,135.3606,SBI_Bluechip,119551
08-08-2016,135.0387,SBI_Bluechip,119551
05-08-2016,134.9377,SBI_Bluechip,119551
04-08-2016,134.8655,SBI_Bluechip,119551
03-08-2016,134.7377,SBI_Bluechip,119551
02-08-2016,134.8488,SBI_Bluechip,119551
01-08-2016,134.9712,SBI_Bluechip,119551
29-07-2016,134.7325,SBI_Bluechip,119551
28-07-2016,134.5985,SBI_Bluechip,119551
27-07-2016,134.1788,SBI_Bluechip,119551
26-07-2016,134.1531,SBI_Bluechip,119551
25-07-2016,134.0989,SBI_Bluechip,119551
22-07-2016,133.9622,SBI_Bluechip,119551
21-07-2016,133.8544,SBI_Bluechip,119551
20-07-2016,133.7495,SBI_Bluechip,119551
19-07-2016,133.6134,SBI_Bluechip,119551
18-07-2016,133.4825,SBI_Bluechip,119551
15-07-2016,133.4658,SBI_Bluechip,119551
14-07-2016,133.3927,SBI_Bluechip,119551
13-07-2016,133.3212,SBI_Bluechip,119551
12-07-2016,133.0156,SBI_Bluechip,119551
11-07-2016,132.6835,SBI_Bluechip,119551
08-07-2016,132.5679,SBI_Bluechip,119551
07-07-2016,132.5112,SBI_Bluechip,119551
05-07-2016,132.3858,SBI_Bluechip,119551
04-07-2016,132.1492,SBI_Bluechip,119551
01-07-2016,132.0459,SBI_Bluechip,119551
30-06-2016,131.8646,SBI_Bluechip,119551
29-06-2016,131.8008,SBI_Bluechip,119551
28-06-2016,131.7077,SBI_Bluechip,119551
27-06-2016,131.6653,SBI_Bluechip,119551
24-06-2016,131.4875,SBI_Bluechip,119551
23-06-2016,131.4681,SBI_Bluechip,119551
22-06-2016,131.4024,SBI_Bluechip,119551
21-06-2016,131.3168,SBI_Bluechip,119551
20-06-2016,131.2455,SBI_Bluechip,119551
17-06-2016,131.1983,SBI_Bluechip,119551
16-06-2016,131.1648,SBI_Bluechip,119551
15-06-2016,131.088,SBI_Bluechip,119551
14-06-2016,131.0472,SBI_Bluechip,119551
13-06-2016,131.0126,SBI_Bluechip,119551
10-06-2016,131.0328,SBI_Bluechip,119551
09-06-2016,131.006,SBI_Bluechip,119551
08-06-2016,130.9713,SBI_Bluechip,119551
07-06-2016,130.9498,SBI_Bluechip,119551
06-06-2016,130.9418,SBI_Bluechip,119551
03-06-2016,130.8097,SBI_Bluechip,119551
02-06-2016,130.7746,SBI_Bluechip,119551
01-06-2016,130.7344,SBI_Bluechip,119551
31-05-2016,130.7549,SBI_Bluechip,119551
30-05-2016,130.7441,SBI_Bluechip,119551
27-05-2016,130.6615,SBI_Bluechip,119551
26-05-2016,130.6326,SBI_Bluechip,119551
25-05-2016,130.6325,SBI_Bluechip,119551
24-05-2016,130.6043,SBI_Bluechip,119551
23-05-2016,130.5755,SBI_Bluechip,119551
20-05-2016,130.4614,SBI_Bluechip,119551
19-05-2016,130.4821,SBI_Bluechip,119551
18-05-2016,130.4225,SBI_Bluechip,119551
17-05-2016,130.4413,SBI_Bluechip,119551
16-05-2016,130.426,SBI_Bluechip,119551
13-05-2016,130.3528,SBI_Bluechip,119551
12-05-2016,130.371,SBI_Bluechip,119551
11-05-2016,130.3016,SBI_Bluechip,119551
10-05-2016,130.2617,SBI_Bluechip,119551
09-05-2016,130.2163,SBI_Bluechip,119551
06-05-2016,130.0972,SBI_Bluechip,119551
05-05-2016,130.0702,SBI_Bluechip,119551
04-05-2016,130.0353,SBI_Bluechip,119551
03-05-2016,129.9719,SBI_Bluechip,119551
02-05-2016,129.9765,SBI_Bluechip,119551
29-04-2016,129.9119,SBI_Bluechip,119551
28-04-2016,129.8405,SBI_Bluechip,119551
27-04-2016,129.7993,SBI_Bluechip,119551
26-04-2016,129.7797,SBI_Bluechip,119551
25-04-2016,129.7723,SBI_Bluechip,119551
22-04-2016,129.7155,SBI_Bluechip,119551
21-04-2016,129.6356,SBI_Bluechip,119551
20-04-2016,129.7601,SBI_Bluechip,119551
18-04-2016,129.752,SBI_Bluechip,119551
13-04-2016,129.5595,SBI_Bluechip,119551
12-04-2016,129.6858,SBI_Bluechip,119551
11-04-2016,129.6038,SBI_Bluechip,119551
07-04-2016,129.3494,SBI_Bluechip,119551
06-04-2016,129.1903,SBI_Bluechip,119551
05-04-2016,129.0831,SBI_Bluechip,119551
04-04-2016,129.038,SBI_Bluechip,119551
31-03-2016,128.5789,SBI_Bluechip,119551
30-03-2016,128.2653,SBI_Bluechip,119551
29-03-2016,128.2341,SBI_Bluechip,119551
28-03-2016,128.3103,SBI_Bluechip,119551
23-03-2016,128.0675,SBI_Bluechip,119551
22-03-2016,128.0579,SBI_Bluechip,119551
21-03-2016,128.0543,SBI_Bluechip,119551
18-03-2016,127.7673,SBI_Bluechip,119551
17-03-2016,127.7124,SBI_Bluechip,119551
16-03-2016,127.3719,SBI_Bluechip,119551
15-03-2016,127.1887,SBI_Bluechip,119551
14-03-2016,127.0352,SBI_Bluechip,119551
11-03-2016,126.7653,SBI_Bluechip,119551
10-03-2016,126.723,SBI_Bluechip,119551
09-03-2016,126.6695,SBI_Bluechip,119551
08-03-2016,126.6189,SBI_Bluechip,119551
04-03-2016,126.4923,SBI_Bluechip,119551
03-03-2016,126.2671,SBI_Bluechip,119551
02-03-2016,126.329,SBI_Bluechip,119551
01-03-2016,126.3215,SBI_Bluechip,119551
29-02-2016,126.2203,SBI_Bluechip,119551
26-02-2016,125.1214,SBI_Bluechip,119551
25-02-2016,124.949,SBI_Bluechip,119551
24-02-2016,125.2591,SBI_Bluechip,119551
23-02-2016,125.3408,SBI_Bluechip,119551
22-02-2016,125.6262,SBI_Bluechip,119551
18-02-2016,125.6948,SBI_Bluechip,119551
17-02-2016,125.6237,SBI_Bluechip,119551
16-02-2016,125.7149,SBI_Bluechip,119551
15-02-2016,125.8746,SBI_Bluechip,119551
12-02-2016,125.9254,SBI_Bluechip,119551
11-02-2016,125.9517,SBI_Bluechip,119551
10-02-2016,125.9592,SBI_Bluechip,119551
09-02-2016,125.937,SBI_Bluechip,119551
08-02-2016,125.9596,SBI_Bluechip,119551
05-02-2016,125.9207,SBI_Bluechip,119551
04-02-2016,125.8428,SBI_Bluechip,119551
03-02-2016,125.7466,SBI_Bluechip,119551
02-02-2016,125.809,SBI_Bluechip,119551
01-02-2016,125.9933,SBI_Bluechip,119551
29-01-2016,125.9632,SBI_Bluechip,119551
28-01-2016,125.8512,SBI_Bluechip,119551
27-01-2016,125.8925,SBI_Bluechip,119551
25-01-2016,125.8071,SBI_Bluechip,119551
22-01-2016,125.8176,SBI_Bluechip,119551
21-01-2016,125.8865,SBI_Bluechip,119551
20-01-2016,125.7354,SBI_Bluechip,119551
19-01-2016,125.6369,SBI_Bluechip,119551
18-01-2016,125.4931,SBI_Bluechip,119551
15-01-2016,125.4498,SBI_Bluechip,119551
14-01-2016,125.5527,SBI_Bluechip,119551
13-01-2016,125.6079,SBI_Bluechip,119551
12-01-2016,125.6591,SBI_Bluechip,119551
11-01-2016,125.7259,SBI_Bluechip,119551
08-01-2016,125.7146,SBI_Bluechip,119551
07-01-2016,125.6648,SBI_Bluechip,119551
06-01-2016,125.5842,SBI_Bluechip,119551
05-01-2016,125.538,SBI_Bluechip,119551
04-01-2016,125.4695,SBI_Bluechip,119551
01-01-2016,125.3359,SBI_Bluechip,119551
31-12-2015,125.202,SBI_Bluechip,119551
30-12-2015,125.18,SBI_Bluechip,119551
29-12-2015,125.097,SBI_Bluechip,119551
28-12-2015,125.1004,SBI_Bluechip,119551
23-12-2015,125.0151,SBI_Bluechip,119551
22-12-2015,124.8958,SBI_Bluechip,119551
21-12-2015,124.826,SBI_Bluechip,119551
18-12-2015,124.8784,SBI_Bluechip,119551
17-12-2015,124.9378,SBI_Bluechip,119551
16-12-2015,124.852,SBI_Bluechip,119551
15-12-2015,124.6736,SBI_Bluechip,119551
14-12-2015,124.6657,SBI_Bluechip,119551
11-12-2015,124.7011,SBI_Bluechip,119551
10-12-2015,124.6787,SBI_Bluechip,119551
09-12-2015,124.6578,SBI_Bluechip,119551
08-12-2015,124.6356,SBI_Bluechip,119551
07-12-2015,124.7185,SBI_Bluechip,119551
04-12-2015,124.672,SBI_Bluechip,119551
03-12-2015,124.7928,SBI_Bluechip,119551
02-12-2015,124.6293,SBI_Bluechip,119551
01-12-2015,124.6288,SBI_Bluechip,119551
30-11-2015,124.4419,SBI_Bluechip,119551
27-11-2015,124.423,SBI_Bluechip,119551
26-11-2015,124.5172,SBI_Bluechip,119551
24-11-2015,124.5215,SBI_Bluechip,119551
23-11-2015,124.4523,SBI_Bluechip,119551
20-11-2015,124.4288,SBI_Bluechip,119551
19-11-2015,124.5005,SBI_Bluechip,119551
18-11-2015,124.4731,SBI_Bluechip,119551
17-11-2015,124.471,SBI_Bluechip,119551
16-11-2015,124.5039,SBI_Bluechip,119551
13-11-2015,124.4146,SBI_Bluechip,119551
10-11-2015,124.236,SBI_Bluechip,119551
09-11-2015,124.1346,SBI_Bluechip,119551
06-11-2015,124.1927,SBI_Bluechip,119551
05-11-2015,124.1902,SBI_Bluechip,119551
04-11-2015,124.2333,SBI_Bluechip,119551
03-11-2015,124.2894,SBI_Bluechip,119551
02-11-2015,124.2771,SBI_Bluechip,119551
30-10-2015,124.1571,SBI_Bluechip,119551
29-10-2015,124.1596,SBI_Bluechip,119551
28-10-2015,124.2162,SBI_Bluechip,119551
27-10-2015,124.1443,SBI_Bluechip,119551
26-10-2015,124.0884,SBI_Bluechip,119551
23-10-2015,124.1065,SBI_Bluechip,119551
21-10-2015,124.0459,SBI_Bluechip,119551
20-10-2015,124.0561,SBI_Bluechip,119551
19-10-2015,124.0158,SBI_Bluechip,119551
16-10-2015,123.9423,SBI_Bluechip,119551
15-10-2015,123.9272,SBI_Bluechip,119551
14-10-2015,123.8612,SBI_Bluechip,119551
13-10-2015,123.7951,SBI_Bluechip,119551
12-10-2015,123.7532,SBI_Bluechip,119551
09-10-2015,123.8076,SBI_Bluechip,119551
08-10-2015,123.7508,SBI_Bluechip,119551
07-10-2015,123.6703,SBI_Bluechip,119551
06-10-2015,123.7049,SBI_Bluechip,119551
05-10-2015,123.7102,SBI_Bluechip,119551
01-10-2015,123.4236,SBI_Bluechip,119551
30-09-2015,123.4889,SBI_Bluechip,119551
29-09-2015,123.1053,SBI_Bluechip,119551
28-09-2015,122.4558,SBI_Bluechip,119551
24-09-2015,122.3672,SBI_Bluechip,119551
23-09-2015,122.3206,SBI_Bluechip,119551
22-09-2015,122.3174,SBI_Bluechip,119551
21-09-2015,122.338,SBI_Bluechip,119551
18-09-2015,122.2648,SBI_Bluechip,119551
16-09-2015,121.9789,SBI_Bluechip,119551
15-09-2015,121.9858,SBI_Bluechip,119551
14-09-2015,121.9531,SBI_Bluechip,119551
11-09-2015,121.8402,SBI_Bluechip,119551
10-09-2015,121.8109,SBI_Bluechip,119551
09-09-2015,121.8833,SBI_Bluechip,119551
08-09-2015,121.8281,SBI_Bluechip,119551
07-09-2015,121.7402,SBI_Bluechip,119551
04-09-2015,121.7976,SBI_Bluechip,119551
03-09-2015,121.8344,SBI_Bluechip,119551
02-09-2015,121.8592,SBI_Bluechip,119551
01-09-2015,121.8545,SBI_Bluechip,119551
31-08-2015,121.7255,SBI_Bluechip,119551
28-08-2015,121.688,SBI_Bluechip,119551
27-08-2015,121.6848,SBI_Bluechip,119551
26-08-2015,121.5738,SBI_Bluechip,119551
25-08-2015,121.4763,SBI_Bluechip,119551
24-08-2015,121.2877,SBI_Bluechip,119551
21-08-2015,121.5475,SBI_Bluechip,119551
20-08-2015,121.6568,SBI_Bluechip,119551
19-08-2015,121.6068,SBI_Bluechip,119551
17-08-2015,121.5407,SBI_Bluechip,119551
14-08-2015,121.4723,SBI_Bluechip,119551
13-08-2015,121.3935,SBI_Bluechip,119551
12-08-2015,121.1846,SBI_Bluechip,119551
11-08-2015,121.1502,SBI_Bluechip,119551
10-08-2015,121.1234,SBI_Bluechip,119551
07-08-2015,120.9962,SBI_Bluechip,119551
06-08-2015,120.9792,SBI_Bluechip,119551
05-08-2015,120.864,SBI_Bluechip,119551
04-08-2015,120.8481,SBI_Bluechip,119551
03-08-2015,120.9192,SBI_Bluechip,119551
31-07-2015,120.858,SBI_Bluechip,119551
30-07-2015,120.7773,SBI_Bluechip,119551
29-07-2015,120.7768,SBI_Bluechip,119551
28-07-2015,120.7053,SBI_Bluechip,119551
27-07-2015,120.5074,SBI_Bluechip,119551
24-07-2015,120.411,SBI_Bluechip,119551
23-07-2015,120.4142,SBI_Bluechip,119551
22-07-2015,120.3286,SBI_Bluechip,119551
21-07-2015,120.2742,SBI_Bluechip,119551
20-07-2015,120.227,SBI_Bluechip,119551
17-07-2015,120.1974,SBI_Bluechip,119551
16-07-2015,120.1474,SBI_Bluechip,119551
15-07-2015,120.1371,SBI_Bluechip,119551
14-07-2015,120.0999,SBI_Bluechip,119551
13-07-2015,119.9544,SBI_Bluechip,119551
10-07-2015,120.1484,SBI_Bluechip,119551
09-07-2015,120.0964,SBI_Bluechip,119551
08-07-2015,120.0759,SBI_Bluechip,119551
07-07-2015,120.0419,SBI_Bluechip,119551
06-07-2015,120.0581,SBI_Bluechip,119551
03-07-2015,119.8612,SBI_Bluechip,119551
02-07-2015,119.7538,SBI_Bluechip,119551
01-07-2015,119.6428,SBI_Bluechip,119551
30-06-2015,119.4628,SBI_Bluechip,119551
29-06-2015,119.3389,SBI_Bluechip,119551
26-06-2015,119.5192,SBI_Bluechip,119551
25-06-2015,119.4568,SBI_Bluechip,119551
24-06-2015,119.586,SBI_Bluechip,119551
23-06-2015,119.7242,SBI_Bluechip,119551
22-06-2015,119.7631,SBI_Bluechip,119551
19-06-2015,119.761,SBI_Bluechip,119551
18-06-2015,119.5056,SBI_Bluechip,119551
17-06-2015,119.1569,SBI_Bluechip,119551
16-06-2015,118.9396,SBI_Bluechip,119551
15-06-2015,119.029,SBI_Bluechip,119551
12-06-2015,118.8557,SBI_Bluechip,119551
11-06-2015,118.8986,SBI_Bluechip,119551
10-06-2015,119.091,SBI_Bluechip,119551
09-06-2015,119.1989,SBI_Bluechip,119551
08-06-2015,119.0629,SBI_Bluechip,119551
05-06-2015,119.0347,SBI_Bluechip,119551
04-06-2015,118.9151,SBI_Bluechip,119551
03-06-2015,119.0994,SBI_Bluechip,119551
02-06-2015,119.1982,SBI_Bluechip,119551
01-06-2015,119.5416,SBI_Bluechip,119551
29-05-2015,119.4459,SBI_Bluechip,119551
28-05-2015,119.3367,SBI_Bluechip,119551
27-05-2015,119.2361,SBI_Bluechip,119551
26-05-2015,119.1981,SBI_Bluechip,119551
25-05-2015,119.2195,SBI_Bluechip,119551
22-05-2015,119.1641,SBI_Bluechip,119551
21-05-2015,119.0962,SBI_Bluechip,119551
20-05-2015,119.0625,SBI_Bluechip,119551
19-05-2015,119.0042,SBI_Bluechip,119551
18-05-2015,118.8277,SBI_Bluechip,119551
15-05-2015,118.638,SBI_Bluechip,119551
14-05-2015,118.5984,SBI_Bluechip,119551
13-05-2015,118.5796,SBI_Bluechip,119551
12-05-2015,118.5949,SBI_Bluechip,119551
11-05-2015,118.671,SBI_Bluechip,119551
08-05-2015,118.3858,SBI_Bluechip,119551
07-05-2015,118.376,SBI_Bluechip,119551
06-05-2015,118.6148,SBI_Bluechip,119551
05-05-2015,118.7349,SBI_Bluechip,119551
30-04-2015,118.6387,SBI_Bluechip,119551
29-04-2015,118.7676,SBI_Bluechip,119551
28-04-2015,118.8214,SBI_Bluechip,119551
27-04-2015,118.7981,SBI_Bluechip,119551
24-04-2015,118.7424,SBI_Bluechip,119551
23-04-2015,118.7552,SBI_Bluechip,119551
22-04-2015,118.7833,SBI_Bluechip,119551
21-04-2015,118.7199,SBI_Bluechip,119551
20-04-2015,118.6696,SBI_Bluechip,119551
17-04-2015,118.6016,SBI_Bluechip,119551
16-04-2015,118.6022,SBI_Bluechip,119551
15-04-2015,118.5848,SBI_Bluechip,119551
13-04-2015,118.5303,SBI_Bluechip,119551
10-04-2015,118.4427,SBI_Bluechip,119551
09-04-2015,118.4202,SBI_Bluechip,119551
08-04-2015,118.3201,SBI_Bluechip,119551
07-04-2015,118.3426,SBI_Bluechip,119551
06-04-2015,118.3359,SBI_Bluechip,119551
31-03-2015,118.0538,SBI_Bluechip,119551
30-03-2015,117.8781,SBI_Bluechip,119551
27-03-2015,117.7888,SBI_Bluechip,119551
26-03-2015,117.7366,SBI_Bluechip,119551
25-03-2015,117.721,SBI_Bluechip,119551
24-03-2015,117.7014,SBI_Bluechip,119551
23-03-2015,117.6634,SBI_Bluechip,119551
20-03-2015,117.6167,SBI_Bluechip,119551
19-03-2015,117.5422,SBI_Bluechip,119551
18-03-2015,117.4713,SBI_Bluechip,119551
17-03-2015,117.4812,SBI_Bluechip,119551
16-03-2015,117.4257,SBI_Bluechip,119551
13-03-2015,117.3557,SBI_Bluechip,119551
12-03-2015,117.4767,SBI_Bluechip,119551
11-03-2015,117.412,SBI_Bluechip,119551
10-03-2015,117.4224,SBI_Bluechip,119551
09-03-2015,117.449,SBI_Bluechip,119551
05-03-2015,117.4822,SBI_Bluechip,119551
04-03-2015,117.4492,SBI_Bluechip,119551
03-03-2015,117.2102,SBI_Bluechip,119551
02-03-2015,117.2585,SBI_Bluechip,119551
27-02-2015,117.1873,SBI_Bluechip,119551
26-02-2015,117.1316,SBI_Bluechip,119551
25-02-2015,117.136,SBI_Bluechip,119551
24-02-2015,117.0714,SBI_Bluechip,119551
23-02-2015,116.9984,SBI_Bluechip,119551
20-02-2015,116.9274,SBI_Bluechip,119551
18-02-2015,116.8588,SBI_Bluechip,119551
16-02-2015,116.8223,SBI_Bluechip,119551
13-02-2015,116.7452,SBI_Bluechip,119551
12-02-2015,116.6546,SBI_Bluechip,119551
11-02-2015,116.669,SBI_Bluechip,119551
10-02-2015,116.6639,SBI_Bluechip,119551
09-02-2015,116.6428,SBI_Bluechip,119551
06-02-2015,116.6382,SBI_Bluechip,119551
05-02-2015,116.6397,SBI_Bluechip,119551
04-02-2015,116.6401,SBI_Bluechip,119551
03-02-2015,116.6952,SBI_Bluechip,119551
02-02-2015,116.7716,SBI_Bluechip,119551
30-01-2015,116.5922,SBI_Bluechip,119551
29-01-2015,116.583,SBI_Bluechip,119551
28-01-2015,116.5474,SBI_Bluechip,119551
27-01-2015,116.4896,SBI_Bluechip,119551
23-01-2015,116.4146,SBI_Bluechip,119551
22-01-2015,116.3811,SBI_Bluechip,119551
21-01-2015,116.3456,SBI_Bluechip,119551
20-01-2015,116.2527,SBI_Bluechip,119551
19-01-2015,116.243,SBI_Bluechip,119551
16-01-2015,116.1579,SBI_Bluechip,119551
15-01-2015,115.9938,SBI_Bluechip,119551
14-01-2015,115.6112,SBI_Bluechip,119551
13-01-2015,115.5874,SBI_Bluechip,119551
12-01-2015,115.4215,SBI_Bluechip,119551
09-01-2015,115.2179,SBI_Bluechip,119551
08-01-2015,115.1534,SBI_Bluechip,119551
07-01-2015,115.0964,SBI_Bluechip,119551
06-01-2015,115.0098,SBI_Bluechip,119551
05-01-2015,115.0697,SBI_Bluechip,119551
02-01-2015,115.0298,SBI_Bluechip,119551
01-01-2015,115.0622,SBI_Bluechip,119551
31-12-2014,115.0256,SBI_Bluechip,119551
30-12-2014,114.9108,SBI_Bluechip,119551
29-12-2014,114.7535,SBI_Bluechip,119551
26-12-2014,114.5973,SBI_Bluechip,119551
24-12-2014,114.5759,SBI_Bluechip,119551
23-12-2014,114.6022,SBI_Bluechip,119551
22-12-2014,114.5061,SBI_Bluechip,119551
19-12-2014,114.4116,SBI_Bluechip,119551
18-12-2014,114.4956,SBI_Bluechip,119551
17-12-2014,114.3381,SBI_Bluechip,119551
16-12-2014,114.3427,SBI_Bluechip,119551
15-12-2014,114.8848,SBI_Bluechip,119551
12-12-2014,114.7909,SBI_Bluechip,119551
11-12-2014,114.6519,SBI_Bluechip,119551
10-12-2014,114.5532,SBI_Bluechip,119551
09-12-2014,114.6075,SBI_Bluechip,119551
08-12-2014,114.5229,SBI_Bluechip,119551
05-12-2014,114.4292,SBI_Bluechip,119551
04-12-2014,114.375,SBI_Bluechip,119551
03-12-2014,114.3739,SBI_Bluechip,119551
02-12-2014,114.3339,SBI_Bluechip,119551
01-12-2014,114.0367,SBI_Bluechip,119551
28-11-2014,113.8838,SBI_Bluechip,119551
27-11-2014,113.6867,SBI_Bluechip,119551
26-11-2014,113.6632,SBI_Bluechip,119551
25-11-2014,113.6379,SBI_Bluechip,119551
24-11-2014,113.5794,SBI_Bluechip,119551
21-11-2014,113.5065,SBI_Bluechip,119551
20-11-2014,113.4823,SBI_Bluechip,119551
19-11-2014,113.4418,SBI_Bluechip,119551
18-11-2014,113.4102,SBI_Bluechip,119551
17-11-2014,113.3374,SBI_Bluechip,119551
14-11-2014,113.1821,SBI_Bluechip,119551
13-11-2014,113.1662,SBI_Bluechip,119551
12-11-2014,113.2863,SBI_Bluechip,119551
11-11-2014,113.233,SBI_Bluechip,119551
10-11-2014,113.2158,SBI_Bluechip,119551
07-11-2014,113.0631,SBI_Bluechip,119551
05-11-2014,113.0,SBI_Bluechip,119551
03-11-2014,112.7413,SBI_Bluechip,119551
31-10-2014,112.549,SBI_Bluechip,119551
30-10-2014,112.3874,SBI_Bluechip,119551
29-10-2014,112.2563,SBI_Bluechip,119551
28-10-2014,112.18,SBI_Bluechip,119551
27-10-2014,112.0815,SBI_Bluechip,119551
22-10-2014,111.8628,SBI_Bluechip,119551
21-10-2014,111.7859,SBI_Bluechip,119551
20-10-2014,111.6753,SBI_Bluechip,119551
17-10-2014,111.5184,SBI_Bluechip,119551
16-10-2014,111.4989,SBI_Bluechip,119551
14-10-2014,111.3032,SBI_Bluechip,119551
13-10-2014,111.165,SBI_Bluechip,119551
10-10-2014,111.0732,SBI_Bluechip,119551
09-10-2014,110.9422,SBI_Bluechip,119551
08-10-2014,110.9817,SBI_Bluechip,119551
07-10-2014,110.878,SBI_Bluechip,119551
01-10-2014,110.6379,SBI_Bluechip,119551
30-09-2014,110.6084,SBI_Bluechip,119551
29-09-2014,110.6058,SBI_Bluechip,119551
26-09-2014,110.5813,SBI_Bluechip,119551
25-09-2014,110.4443,SBI_Bluechip,119551
24-09-2014,110.4004,SBI_Bluechip,119551
23-09-2014,110.361,SBI_Bluechip,119551
22-09-2014,110.3306,SBI_Bluechip,119551
19-09-2014,110.2016,SBI_Bluechip,119551
18-09-2014,110.1537,SBI_Bluechip,119551
17-09-2014,110.0495,SBI_Bluechip,119551
16-09-2014,109.9902,SBI_Bluechip,119551
15-09-2014,109.9641,SBI_Bluechip,119551
12-09-2014,109.8922,SBI_Bluechip,119551
11-09-2014,109.8546,SBI_Bluechip,119551
10-09-2014,109.8244,SBI_Bluechip,119551
09-09-2014,109.721,SBI_Bluechip,119551
08-09-2014,109.8163,SBI_Bluechip,119551
05-09-2014,109.6985,SBI_Bluechip,119551
04-09-2014,109.6473,SBI_Bluechip,119551
03-09-2014,109.6166,SBI_Bluechip,119551
02-09-2014,109.5448,SBI_Bluechip,119551
01-09-2014,109.5116,SBI_Bluechip,119551
28-08-2014,109.3934,SBI_Bluechip,119551
27-08-2014,109.3655,SBI_Bluechip,119551
26-08-2014,109.2961,SBI_Bluechip,119551
25-08-2014,109.2596,SBI_Bluechip,119551
22-08-2014,109.2192,SBI_Bluechip,119551
21-08-2014,109.1791,SBI_Bluechip,119551
20-08-2014,109.199,SBI_Bluechip,119551
19-08-2014,109.1381,SBI_Bluechip,119551
14-08-2014,108.9888,SBI_Bluechip,119551
13-08-2014,108.9453,SBI_Bluechip,119551
12-08-2014,108.8541,SBI_Bluechip,119551
11-08-2014,108.8297,SBI_Bluechip,119551
08-08-2014,108.7279,SBI_Bluechip,119551
07-08-2014,108.7486,SBI_Bluechip,119551
06-08-2014,108.6927,SBI_Bluechip,119551
05-08-2014,108.7745,SBI_Bluechip,119551
04-08-2014,108.8673,SBI_Bluechip,119551
01-08-2014,108.7849,SBI_Bluechip,119551
31-07-2014,108.8084,SBI_Bluechip,119551
30-07-2014,108.7581,SBI_Bluechip,119551
28-07-2014,108.7696,SBI_Bluechip,119551
25-07-2014,108.7179,SBI_Bluechip,119551
24-07-2014,108.6962,SBI_Bluechip,119551
23-07-2014,108.5746,SBI_Bluechip,119551
22-07-2014,108.4712,SBI_Bluechip,119551
21-07-2014,108.3794,SBI_Bluechip,119551
18-07-2014,108.2555,SBI_Bluechip,119551
17-07-2014,108.2175,SBI_Bluechip,119551
16-07-2014,108.1362,SBI_Bluechip,119551
15-07-2014,108.0604,SBI_Bluechip,119551
14-07-2014,107.9854,SBI_Bluechip,119551
11-07-2014,108.1137,SBI_Bluechip,119551
10-07-2014,108.4249,SBI_Bluechip,119551
09-07-2014,108.4151,SBI_Bluechip,119551
08-07-2014,108.3878,SBI_Bluechip,119551
07-07-2014,108.3898,SBI_Bluechip,119551
04-07-2014,108.3324,SBI_Bluechip,119551
03-07-2014,108.2774,SBI_Bluechip,119551
02-07-2014,108.251,SBI_Bluechip,119551
30-06-2014,108.1211,SBI_Bluechip,119551
27-06-2014,108.0211,SBI_Bluechip,119551
26-06-2014,108.0195,SBI_Bluechip,119551
25-06-2014,107.9552,SBI_Bluechip,119551
24-06-2014,107.9086,SBI_Bluechip,119551
23-06-2014,107.8791,SBI_Bluechip,119551
20-06-2014,107.8502,SBI_Bluechip,119551
19-06-2014,107.9016,SBI_Bluechip,119551
18-06-2014,107.9489,SBI_Bluechip,119551
17-06-2014,107.9426,SBI_Bluechip,119551
16-06-2014,107.9536,SBI_Bluechip,119551
13-06-2014,107.976,SBI_Bluechip,119551
12-06-2014,107.9228,SBI_Bluechip,119551
11-06-2014,107.8761,SBI_Bluechip,119551
10-06-2014,107.878,SBI_Bluechip,119551
09-06-2014,107.8767,SBI_Bluechip,119551
06-06-2014,107.7408,SBI_Bluechip,119551
05-06-2014,107.6529,SBI_Bluechip,119551
04-06-2014,107.5222,SBI_Bluechip,119551
03-06-2014,107.4231,SBI_Bluechip,119551
02-06-2014,107.236,SBI_Bluechip,119551
30-05-2014,107.1905,SBI_Bluechip,119551
29-05-2014,107.1021,SBI_Bluechip,119551
28-05-2014,107.0496,SBI_Bluechip,119551
27-05-2014,107.0365,SBI_Bluechip,119551
26-05-2014,106.9784,SBI_Bluechip,119551
23-05-2014,106.9316,SBI_Bluechip,119551
22-05-2014,106.7537,SBI_Bluechip,119551
21-05-2014,106.6686,SBI_Bluechip,119551
20-05-2014,106.5899,SBI_Bluechip,119551
19-05-2014,106.5839,SBI_Bluechip,119551
16-05-2014,106.578,SBI_Bluechip,119551
15-05-2014,106.371,SBI_Bluechip,119551
13-05-2014,106.2773,SBI_Bluechip,119551
12-05-2014,106.283,SBI_Bluechip,119551
09-05-2014,106.1508,SBI_Bluechip,119551
08-05-2014,106.0486,SBI_Bluechip,119551
07-05-2014,106.0297,SBI_Bluechip,119551
06-05-2014,106.009,SBI_Bluechip,119551
05-05-2014,105.9859,SBI_Bluechip,119551
02-05-2014,105.7909,SBI_Bluechip,119551
30-04-2014,105.6958,SBI_Bluechip,119551
29-04-2014,105.6008,SBI_Bluechip,119551
28-04-2014,105.5157,SBI_Bluechip,119551
25-04-2014,105.4519,SBI_Bluechip,119551
23-04-2014,105.3895,SBI_Bluechip,119551
22-04-2014,105.3231,SBI_Bluechip,119551
21-04-2014,105.1503,SBI_Bluechip,119551
17-04-2014,104.9728,SBI_Bluechip,119551
16-04-2014,104.979,SBI_Bluechip,119551
15-04-2014,104.8973,SBI_Bluechip,119551
11-04-2014,104.7961,SBI_Bluechip,119551
10-04-2014,104.7079,SBI_Bluechip,119551
09-04-2014,104.6926,SBI_Bluechip,119551
07-04-2014,104.6708,SBI_Bluechip,119551
04-04-2014,104.6173,SBI_Bluechip,119551
03-04-2014,104.6613,SBI_Bluechip,119551
02-04-2014,104.6459,SBI_Bluechip,119551
31-03-2014,104.7403,SBI_Bluechip,119551
28-03-2014,104.6408,SBI_Bluechip,119551
27-03-2014,104.4245,SBI_Bluechip,119551
26-03-2014,104.3934,SBI_Bluechip,119551
25-03-2014,104.4319,SBI_Bluechip,119551
24-03-2014,104.3035,SBI_Bluechip,119551
21-03-2014,104.2069,SBI_Bluechip,119551
20-03-2014,104.0972,SBI_Bluechip,119551
19-03-2014,104.0916,SBI_Bluechip,119551
18-03-2014,104.0619,SBI_Bluechip,119551
14-03-2014,103.9564,SBI_Bluechip,119551
13-03-2014,103.9202,SBI_Bluechip,119551
12-03-2014,103.8563,SBI_Bluechip,119551
11-03-2014,103.8533,SBI_Bluechip,119551
10-03-2014,103.746,SBI_Bluechip,119551
07-03-2014,103.6353,SBI_Bluechip,119551
06-03-2014,103.5859,SBI_Bluechip,119551
05-03-2014,103.5515,SBI_Bluechip,119551
04-03-2014,103.4922,SBI_Bluechip,119551
03-03-2014,103.4879,SBI_Bluechip,119551
28-02-2014,103.7646,SBI_Bluechip,119551
26-02-2014,103.7081,SBI_Bluechip,119551
25-02-2014,103.687,SBI_Bluechip,119551
24-02-2014,103.6626,SBI_Bluechip,119551
21-02-2014,103.5927,SBI_Bluechip,119551
20-02-2014,103.5667,SBI_Bluechip,119551
18-02-2014,103.5059,SBI_Bluechip,119551
17-02-2014,103.4821,SBI_Bluechip,119551
14-02-2014,103.785,SBI_Bluechip,119551
13-02-2014,103.7594,SBI_Bluechip,119551
12-02-2014,103.7487,SBI_Bluechip,119551
11-02-2014,103.7273,SBI_Bluechip,119551
10-02-2014,103.7039,SBI_Bluechip,119551
07-02-2014,103.6364,SBI_Bluechip,119551
06-02-2014,103.6157,SBI_Bluechip,119551
05-02-2014,103.5806,SBI_Bluechip,119551
04-02-2014,103.5533,SBI_Bluechip,119551
03-02-2014,103.5223,SBI_Bluechip,119551
31-01-2014,103.4429,SBI_Bluechip,119551
30-01-2014,103.4259,SBI_Bluechip,119551
29-01-2014,103.4118,SBI_Bluechip,119551
28-01-2014,103.6757,SBI_Bluechip,119551
27-01-2014,103.6718,SBI_Bluechip,119551
24-01-2014,103.6008,SBI_Bluechip,119551
23-01-2014,103.5792,SBI_Bluechip,119551
22-01-2014,103.5532,SBI_Bluechip,119551
21-01-2014,103.5305,SBI_Bluechip,119551
20-01-2014,103.4895,SBI_Bluechip,119551
17-01-2014,103.4134,SBI_Bluechip,119551
16-01-2014,103.3942,SBI_Bluechip,119551
15-01-2014,103.7752,SBI_Bluechip,119551
13-01-2014,103.721,SBI_Bluechip,119551
10-01-2014,103.6477,SBI_Bluechip,119551
09-01-2014,103.5989,SBI_Bluechip,119551
08-01-2014,103.5945,SBI_Bluechip,119551
07-01-2014,103.5881,SBI_Bluechip,119551
06-01-2014,103.5815,SBI_Bluechip,119551
03-01-2014,103.506,SBI_Bluechip,119551
02-01-2014,103.4808,SBI_Bluechip,119551
01-01-2014,103.446,SBI_Bluechip,119551
31-12-2013,103.3941,SBI_Bluechip,119551
30-12-2013,103.6429,SBI_Bluechip,119551
27-12-2013,103.5893,SBI_Bluechip,119551
26-12-2013,103.5763,SBI_Bluechip,119551
24-12-2013,103.534,SBI_Bluechip,119551
23-12-2013,103.5236,SBI_Bluechip,119551
20-12-2013,103.4584,SBI_Bluechip,119551
19-12-2013,103.4336,SBI_Bluechip,119551
18-12-2013,103.4075,SBI_Bluechip,119551
17-12-2013,103.3699,SBI_Bluechip,119551
16-12-2013,103.8019,SBI_Bluechip,119551
13-12-2013,103.7247,SBI_Bluechip,119551
12-12-2013,103.7351,SBI_Bluechip,119551
11-12-2013,103.6643,SBI_Bluechip,119551
10-12-2013,103.6308,SBI_Bluechip,119551
09-12-2013,103.618,SBI_Bluechip,119551
06-12-2013,103.5593,SBI_Bluechip,119551
05-12-2013,103.5545,SBI_Bluechip,119551
04-12-2013,103.4962,SBI_Bluechip,119551
03-12-2013,103.4693,SBI_Bluechip,119551
02-12-2013,103.4284,SBI_Bluechip,119551
29-11-2013,103.3436,SBI_Bluechip,119551
28-11-2013,103.7346,SBI_Bluechip,119551
27-11-2013,103.7259,SBI_Bluechip,119551
26-11-2013,103.6402,SBI_Bluechip,119551
25-11-2013,103.6001,SBI_Bluechip,119551
22-11-2013,103.5041,SBI_Bluechip,119551
21-11-2013,103.474,SBI_Bluechip,119551
20-11-2013,103.4681,SBI_Bluechip,119551
19-11-2013,103.4355,SBI_Bluechip,119551
18-11-2013,103.396,SBI_Bluechip,119551
14-11-2013,103.6701,SBI_Bluechip,119551
13-11-2013,103.6314,SBI_Bluechip,119551
12-11-2013,103.6068,SBI_Bluechip,119551
11-11-2013,103.5975,SBI_Bluechip,119551
08-11-2013,103.5326,SBI_Bluechip,119551
07-11-2013,103.5073,SBI_Bluechip,119551
06-11-2013,103.5239,SBI_Bluechip,119551
05-11-2013,103.4962,SBI_Bluechip,119551
01-11-2013,103.3966,SBI_Bluechip,119551
31-10-2013,103.3858,SBI_Bluechip,119551
30-10-2013,103.3571,SBI_Bluechip,119551
29-10-2013,103.332,SBI_Bluechip,119551
28-10-2013,103.6375,SBI_Bluechip,119551
25-10-2013,103.5569,SBI_Bluechip,119551
24-10-2013,103.5248,SBI_Bluechip,119551
23-10-2013,103.4986,SBI_Bluechip,119551
22-10-2013,103.4859,SBI_Bluechip,119551
21-10-2013,103.4516,SBI_Bluechip,119551
18-10-2013,103.3672,SBI_Bluechip,119551
17-10-2013,103.3326,SBI_Bluechip,119551
15-10-2013,103.2589,SBI_Bluechip,119551
14-10-2013,103.8303,SBI_Bluechip,119551
11-10-2013,103.7572,SBI_Bluechip,119551
10-10-2013,103.7396,SBI_Bluechip,119551
09-10-2013,103.7191,SBI_Bluechip,119551
08-10-2013,103.7122,SBI_Bluechip,119551
07-10-2013,103.5211,SBI_Bluechip,119551
04-10-2013,103.4092,SBI_Bluechip,119551
03-10-2013,103.3443,SBI_Bluechip,119551
01-10-2013,103.2655,SBI_Bluechip,119551
30-09-2013,103.7595,SBI_Bluechip,119551
27-09-2013,103.724,SBI_Bluechip,119551
26-09-2013,103.6866,SBI_Bluechip,119551
25-09-2013,103.6534,SBI_Bluechip,119551
24-09-2013,103.6,SBI_Bluechip,119551
23-09-2013,103.594,SBI_Bluechip,119551
20-09-2013,103.5346,SBI_Bluechip,119551
19-09-2013,103.4545,SBI_Bluechip,119551
18-09-2013,103.3108,SBI_Bluechip,119551
17-09-2013,103.2261,SBI_Bluechip,119551
16-09-2013,103.8949,SBI_Bluechip,119551
13-09-2013,103.8036,SBI_Bluechip,119551
12-09-2013,103.7831,SBI_Bluechip,119551
11-09-2013,103.7462,SBI_Bluechip,119551
10-09-2013,103.7133,SBI_Bluechip,119551
06-09-2013,103.5778,SBI_Bluechip,119551
05-09-2013,103.5445,SBI_Bluechip,119551
04-09-2013,103.4408,SBI_Bluechip,119551
03-09-2013,103.3815,SBI_Bluechip,119551
02-09-2013,103.3253,SBI_Bluechip,119551
30-08-2013,103.214,SBI_Bluechip,119551
29-08-2013,103.1588,SBI_Bluechip,119551
28-08-2013,103.4713,SBI_Bluechip,119551
27-08-2013,103.4881,SBI_Bluechip,119551
26-08-2013,103.4776,SBI_Bluechip,119551
23-08-2013,103.3768,SBI_Bluechip,119551
22-08-2013,103.3345,SBI_Bluechip,119551
21-08-2013,103.3135,SBI_Bluechip,119551
20-08-2013,103.2086,SBI_Bluechip,119551
19-08-2013,103.207,SBI_Bluechip,119551
16-08-2013,103.1558,SBI_Bluechip,119551
14-08-2013,103.364,SBI_Bluechip,119551
13-08-2013,103.3152,SBI_Bluechip,119551
12-08-2013,103.2958,SBI_Bluechip,119551
08-08-2013,103.2116,SBI_Bluechip,119551
07-08-2013,103.1785,SBI_Bluechip,119551
06-08-2013,103.1471,SBI_Bluechip,119551
05-08-2013,103.1389,SBI_Bluechip,119551
02-08-2013,103.0101,SBI_Bluechip,119551
01-08-2013,102.9596,SBI_Bluechip,119551
31-07-2013,102.9055,SBI_Bluechip,119551
30-07-2013,102.8875,SBI_Bluechip,119551
29-07-2013,102.8554,SBI_Bluechip,119551
26-07-2013,102.7573,SBI_Bluechip,119551
25-07-2013,102.6991,SBI_Bluechip,119551
24-07-2013,102.6244,SBI_Bluechip,119551
23-07-2013,102.8344,SBI_Bluechip,119551
22-07-2013,102.9274,SBI_Bluechip,119551
19-07-2013,102.8672,SBI_Bluechip,119551
18-07-2013,102.8496,SBI_Bluechip,119551
17-07-2013,102.7023,SBI_Bluechip,119551
16-07-2013,102.6046,SBI_Bluechip,119551
15-07-2013,103.4995,SBI_Bluechip,119551
12-07-2013,103.4314,SBI_Bluechip,119551
11-07-2013,103.4083,SBI_Bluechip,119551
10-07-2013,103.3886,SBI_Bluechip,119551
09-07-2013,103.368,SBI_Bluechip,119551
08-07-2013,103.3431,SBI_Bluechip,119551
05-07-2013,103.2854,SBI_Bluechip,119551
04-07-2013,103.265,SBI_Bluechip,119551
03-07-2013,103.2267,SBI_Bluechip,119551
02-07-2013,103.2075,SBI_Bluechip,119551
28-06-2013,103.4072,SBI_Bluechip,119551
27-06-2013,103.3957,SBI_Bluechip,119551
26-06-2013,103.3772,SBI_Bluechip,119551
25-06-2013,103.3595,SBI_Bluechip,119551
24-06-2013,103.3469,SBI_Bluechip,119551
21-06-2013,103.2992,SBI_Bluechip,119551
20-06-2013,103.2642,SBI_Bluechip,119551
19-06-2013,103.2602,SBI_Bluechip,119551
18-06-2013,103.221,SBI_Bluechip,119551
17-06-2013,103.154,SBI_Bluechip,119551
14-06-2013,103.4267,SBI_Bluechip,119551
13-06-2013,103.4056,SBI_Bluechip,119551
12-06-2013,103.3913,SBI_Bluechip,119551
11-06-2013,103.3832,SBI_Bluechip,119551
10-06-2013,103.3704,SBI_Bluechip,119551
07-06-2013,103.3194,SBI_Bluechip,119551
06-06-2013,103.2957,SBI_Bluechip,119551
05-06-2013,103.2598,SBI_Bluechip,119551
04-06-2013,103.225,SBI_Bluechip,119551
03-06-2013,103.1984,SBI_Bluechip,119551
31-05-2013,103.1296,SBI_Bluechip,119551
30-05-2013,103.1152,SBI_Bluechip,119551
29-05-2013,103.0877,SBI_Bluechip,119551
28-05-2013,103.3617,SBI_Bluechip,119551
27-05-2013,103.349,SBI_Bluechip,119551
24-05-2013,103.2834,SBI_Bluechip,119551
23-05-2013,103.2705,SBI_Bluechip,119551
22-05-2013,103.2698,SBI_Bluechip,119551
21-05-2013,103.2444,SBI_Bluechip,119551
20-05-2013,103.2356,SBI_Bluechip,119551
17-05-2013,103.1745,SBI_Bluechip,119551
16-05-2013,103.141,SBI_Bluechip,119551
15-05-2013,103.113,SBI_Bluechip,119551
14-05-2013,103.5159,SBI_Bluechip,119551
13-05-2013,103.4824,SBI_Bluechip,119551
10-05-2013,103.4157,SBI_Bluechip,119551
09-05-2013,103.3949,SBI_Bluechip,119551
08-05-2013,103.3404,SBI_Bluechip,119551
07-05-2013,103.3087,SBI_Bluechip,119551
06-05-2013,103.2821,SBI_Bluechip,119551
03-05-2013,103.2082,SBI_Bluechip,119551
02-05-2013,103.2057,SBI_Bluechip,119551
30-04-2013,103.0655,SBI_Bluechip,119551
29-04-2013,103.3845,SBI_Bluechip,119551
26-04-2013,103.3139,SBI_Bluechip,119551
25-04-2013,103.2947,SBI_Bluechip,119551
23-04-2013,103.2481,SBI_Bluechip,119551
22-04-2013,103.216,SBI_Bluechip,119551
18-04-2013,103.1589,SBI_Bluechip,119551
17-04-2013,103.0866,SBI_Bluechip,119551
16-04-2013,103.0719,SBI_Bluechip,119551
15-04-2013,103.6711,SBI_Bluechip,119551
12-04-2013,103.5704,SBI_Bluechip,119551
10-04-2013,103.4653,SBI_Bluechip,119551
09-04-2013,103.4716,SBI_Bluechip,119551
08-04-2013,103.462,SBI_Bluechip,119551
05-04-2013,103.4164,SBI_Bluechip,119551
04-04-2013,103.4096,SBI_Bluechip,119551
03-04-2013,103.3274,SBI_Bluechip,119551
02-04-2013,103.2626,SBI_Bluechip,119551
28-03-2013,103.2633,SBI_Bluechip,119551
26-03-2013,103.2285,SBI_Bluechip,119551
25-03-2013,103.2114,SBI_Bluechip,119551
22-03-2013,103.1891,SBI_Bluechip,119551
21-03-2013,103.157,SBI_Bluechip,119551
20-03-2013,103.1016,SBI_Bluechip,119551
19-03-2013,103.0632,SBI_Bluechip,119551
18-03-2013,103.0355,SBI_Bluechip,119551
15-03-2013,102.9975,SBI_Bluechip,119551
14-03-2013,103.34,SBI_Bluechip,119551
13-03-2013,103.2884,SBI_Bluechip,119551
12-03-2013,103.251,SBI_Bluechip,119551
11-03-2013,103.2199,SBI_Bluechip,119551
08-03-2013,103.1462,SBI_Bluechip,119551
07-03-2013,103.129,SBI_Bluechip,119551
06-03-2013,103.1012,SBI_Bluechip,119551
05-03-2013,103.0786,SBI_Bluechip,119551
04-03-2013,103.0478,SBI_Bluechip,119551
01-03-2013,102.9714,SBI_Bluechip,119551
28-02-2013,103.254,SBI_Bluechip,119551
27-02-2013,103.2322,SBI_Bluechip,119551
26-02-2013,103.2097,SBI_Bluechip,119551
25-02-2013,103.1919,SBI_Bluechip,119551
22-02-2013,103.1226,SBI_Bluechip,119551
21-02-2013,103.0965,SBI_Bluechip,119551
20-02-2013,103.0725,SBI_Bluechip,119551
18-02-2013,103.0229,SBI_Bluechip,119551
15-02-2013,102.9522,SBI_Bluechip,119551
14-02-2013,103.2937,SBI_Bluechip,119551
13-02-2013,103.2745,SBI_Bluechip,119551
12-02-2013,103.2523,SBI_Bluechip,119551
11-02-2013,103.2303,SBI_Bluechip,119551
08-02-2013,103.1594,SBI_Bluechip,119551
07-02-2013,103.1356,SBI_Bluechip,119551
06-02-2013,103.1119,SBI_Bluechip,119551
05-02-2013,103.0886,SBI_Bluechip,119551
04-02-2013,103.0659,SBI_Bluechip,119551
01-02-2013,102.9976,SBI_Bluechip,119551
31-01-2013,102.9778,SBI_Bluechip,119551
30-01-2013,102.959,SBI_Bluechip,119551
29-01-2013,102.9384,SBI_Bluechip,119551
28-01-2013,103.2351,SBI_Bluechip,119551
24-01-2013,103.1411,SBI_Bluechip,119551
23-01-2013,103.1145,SBI_Bluechip,119551
22-01-2013,103.0909,SBI_Bluechip,119551
21-01-2013,103.0662,SBI_Bluechip,119551
18-01-2013,102.9932,SBI_Bluechip,119551
17-01-2013,102.9691,SBI_Bluechip,119551
16-01-2013,102.9421,SBI_Bluechip,119551
15-01-2013,102.9223,SBI_Bluechip,119551
14-01-2013,103.3225,SBI_Bluechip,119551
11-01-2013,103.2385,SBI_Bluechip,119551
10-01-2013,103.2132,SBI_Bluechip,119551
09-01-2013,103.1897,SBI_Bluechip,119551
08-01-2013,103.1663,SBI_Bluechip,119551
07-01-2013,103.1408,SBI_Bluechip,119551
04-01-2013,103.0619,SBI_Bluechip,119551
03-01-2013,103.0306,SBI_Bluechip,119551
02-01-2013,103.0059,SBI_Bluechip,119551
