date,nav,scheme_name,scheme_code
01-06-2026,192.3195,HDFC_Top100_Direct,125497
31-05-2026,193.6836,HDFC_Top100_Direct,125497
29-05-2026,193.6848,HDFC_Top100_Direct,125497
27-05-2026,195.0501,HDFC_Top100_Direct,125497
26-05-2026,194.2258,HDFC_Top100_Direct,125497
25-05-2026,193.5599,HDFC_Top100_Direct,125497
22-05-2026,192.1227,HDFC_Top100_Direct,125497
21-05-2026,191.7575,HDFC_Top100_Direct,125497
20-05-2026,189.8661,HDFC_Top100_Direct,125497
19-05-2026,189.5553,HDFC_Top100_Direct,125497
18-05-2026,187.9126,HDFC_Top100_Direct,125497
15-05-2026,190.2405,HDFC_Top100_Direct,125497
14-05-2026,189.9345,HDFC_Top100_Direct,125497
13-05-2026,190.464,HDFC_Top100_Direct,125497
12-05-2026,190.6152,HDFC_Top100_Direct,125497
11-05-2026,195.586,HDFC_Top100_Direct,125497
08-05-2026,196.8821,HDFC_Top100_Direct,125497
07-05-2026,197.4753,HDFC_Top100_Direct,125497
06-05-2026,196.0036,HDFC_Top100_Direct,125497
05-05-2026,194.5618,HDFC_Top100_Direct,125497
04-05-2026,195.4469,HDFC_Top100_Direct,125497
30-04-2026,193.4131,HDFC_Top100_Direct,125497
29-04-2026,194.1523,HDFC_Top100_Direct,125497
28-04-2026,193.4843,HDFC_Top100_Direct,125497
27-04-2026,193.8317,HDFC_Top100_Direct,125497
24-04-2026,191.0425,HDFC_Top100_Direct,125497
23-04-2026,193.0317,HDFC_Top100_Direct,125497
22-04-2026,194.1928,HDFC_Top100_Direct,125497
21-04-2026,192.6397,HDFC_Top100_Direct,125497
20-04-2026,191.0583,HDFC_Top100_Direct,125497
17-04-2026,190.5242,HDFC_Top100_Direct,125497
16-04-2026,188.3316,HDFC_Top100_Direct,125497
15-04-2026,187.2786,HDFC_Top100_Direct,125497
13-04-2026,184.3491,HDFC_Top100_Direct,125497
10-04-2026,184.6967,HDFC_Top100_Direct,125497
09-04-2026,181.2455,HDFC_Top100_Direct,125497
08-04-2026,180.5783,HDFC_Top100_Direct,125497
07-04-2026,174.8342,HDFC_Top100_Direct,125497
06-04-2026,174.9151,HDFC_Top100_Direct,125497
02-04-2026,173.8471,HDFC_Top100_Direct,125497
01-04-2026,173.782,HDFC_Top100_Direct,125497
31-03-2026,169.3706,HDFC_Top100_Direct,125497
30-03-2026,169.3708,HDFC_Top100_Direct,125497
27-03-2026,172.4739,HDFC_Top100_Direct,125497
25-03-2026,175.4211,HDFC_Top100_Direct,125497
24-03-2026,172.0049,HDFC_Top100_Direct,125497
23-03-2026,169.1091,HDFC_Top100_Direct,125497
20-03-2026,174.6205,HDFC_Top100_Direct,125497
19-03-2026,173.9004,HDFC_Top100_Direct,125497
18-03-2026,177.4908,HDFC_Top100_Direct,125497
17-03-2026,174.0628,HDFC_Top100_Direct,125497
16-03-2026,173.8198,HDFC_Top100_Direct,125497
13-03-2026,173.9754,HDFC_Top100_Direct,125497
12-03-2026,177.9888,HDFC_Top100_Direct,125497
11-03-2026,178.3891,HDFC_Top100_Direct,125497
10-03-2026,178.8419,HDFC_Top100_Direct,125497
09-03-2026,175.7742,HDFC_Top100_Direct,125497
06-03-2026,178.9784,HDFC_Top100_Direct,125497
05-03-2026,179.3239,HDFC_Top100_Direct,125497
04-03-2026,177.9961,HDFC_Top100_Direct,125497
02-03-2026,181.3175,HDFC_Top100_Direct,125497
28-02-2026,184.7579,HDFC_Top100_Direct,125497
27-02-2026,184.7581,HDFC_Top100_Direct,125497
26-02-2026,186.095,HDFC_Top100_Direct,125497
25-02-2026,186.0488,HDFC_Top100_Direct,125497
24-02-2026,186.208,HDFC_Top100_Direct,125497
23-02-2026,187.5721,HDFC_Top100_Direct,125497
20-02-2026,186.2228,HDFC_Top100_Direct,125497
19-02-2026,186.6666,HDFC_Top100_Direct,125497
18-02-2026,188.2128,HDFC_Top100_Direct,125497
17-02-2026,187.6437,HDFC_Top100_Direct,125497
16-02-2026,185.8471,HDFC_Top100_Direct,125497
13-02-2026,187.236,HDFC_Top100_Direct,125497
12-02-2026,189.6029,HDFC_Top100_Direct,125497
11-02-2026,189.7464,HDFC_Top100_Direct,125497
10-02-2026,189.019,HDFC_Top100_Direct,125497
09-02-2026,188.469,HDFC_Top100_Direct,125497
06-02-2026,184.627,HDFC_Top100_Direct,125497
05-02-2026,185.6949,HDFC_Top100_Direct,125497
04-02-2026,186.7774,HDFC_Top100_Direct,125497
03-02-2026,186.7009,HDFC_Top100_Direct,125497
02-02-2026,180.5424,HDFC_Top100_Direct,125497
31-01-2026,183.301,HDFC_Top100_Direct,125497
30-01-2026,183.3021,HDFC_Top100_Direct,125497
29-01-2026,179.9408,HDFC_Top100_Direct,125497
28-01-2026,181.0873,HDFC_Top100_Direct,125497
27-01-2026,179.5515,HDFC_Top100_Direct,125497
23-01-2026,179.8035,HDFC_Top100_Direct,125497
22-01-2026,182.7544,HDFC_Top100_Direct,125497
21-01-2026,181.5325,HDFC_Top100_Direct,125497
20-01-2026,181.835,HDFC_Top100_Direct,125497
19-01-2026,185.4042,HDFC_Top100_Direct,125497
16-01-2026,186.9719,HDFC_Top100_Direct,125497
14-01-2026,187.3375,HDFC_Top100_Direct,125497
13-01-2026,187.6594,HDFC_Top100_Direct,125497
12-01-2026,186.1837,HDFC_Top100_Direct,125497
09-01-2026,187.0971,HDFC_Top100_Direct,125497
08-01-2026,190.16,HDFC_Top100_Direct,125497
07-01-2026,193.3173,HDFC_Top100_Direct,125497
06-01-2026,193.7027,HDFC_Top100_Direct,125497
05-01-2026,194.3786,HDFC_Top100_Direct,125497
02-01-2026,194.574,HDFC_Top100_Direct,125497
01-01-2026,193.6417,HDFC_Top100_Direct,125497
31-12-2025,193.7724,HDFC_Top100_Direct,125497
30-12-2025,191.9501,HDFC_Top100_Direct,125497
29-12-2025,192.541,HDFC_Top100_Direct,125497
26-12-2025,192.5913,HDFC_Top100_Direct,125497
24-12-2025,193.2848,HDFC_Top100_Direct,125497
23-12-2025,193.2652,HDFC_Top100_Direct,125497
22-12-2025,192.2573,HDFC_Top100_Direct,125497
19-12-2025,191.1157,HDFC_Top100_Direct,125497
18-12-2025,189.542,HDFC_Top100_Direct,125497
17-12-2025,190.0621,HDFC_Top100_Direct,125497
16-12-2025,191.3143,HDFC_Top100_Direct,125497
15-12-2025,193.1325,HDFC_Top100_Direct,125497
12-12-2025,192.3377,HDFC_Top100_Direct,125497
11-12-2025,191.4952,HDFC_Top100_Direct,125497
10-12-2025,191.2557,HDFC_Top100_Direct,125497
09-12-2025,191.3573,HDFC_Top100_Direct,125497
08-12-2025,190.1591,HDFC_Top100_Direct,125497
05-12-2025,193.1451,HDFC_Top100_Direct,125497
04-12-2025,193.4599,HDFC_Top100_Direct,125497
03-12-2025,194.3355,HDFC_Top100_Direct,125497
02-12-2025,194.4312,HDFC_Top100_Direct,125497
01-12-2025,195.3626,HDFC_Top100_Direct,125497
30-11-2025,194.979,HDFC_Top100_Direct,125497
28-11-2025,194.9784,HDFC_Top100_Direct,125497
27-11-2025,195.149,HDFC_Top100_Direct,125497
26-11-2025,195.8555,HDFC_Top100_Direct,125497
25-11-2025,194.2042,HDFC_Top100_Direct,125497
24-11-2025,193.9092,HDFC_Top100_Direct,125497
21-11-2025,194.2517,HDFC_Top100_Direct,125497
20-11-2025,196.0732,HDFC_Top100_Direct,125497
19-11-2025,196.528,HDFC_Top100_Direct,125497
18-11-2025,196.9478,HDFC_Top100_Direct,125497
17-11-2025,197.9212,HDFC_Top100_Direct,125497
14-11-2025,197.0676,HDFC_Top100_Direct,125497
13-11-2025,196.5465,HDFC_Top100_Direct,125497
12-11-2025,196.884,HDFC_Top100_Direct,125497
11-11-2025,196.4486,HDFC_Top100_Direct,125497
10-11-2025,196.2451,HDFC_Top100_Direct,125497
07-11-2025,197.315,HDFC_Top100_Direct,125497
06-11-2025,197.8032,HDFC_Top100_Direct,125497
04-11-2025,200.4678,HDFC_Top100_Direct,125497
03-11-2025,200.9709,HDFC_Top100_Direct,125497
31-10-2025,199.8234,HDFC_Top100_Direct,125497
30-10-2025,200.5185,HDFC_Top100_Direct,125497
29-10-2025,201.0375,HDFC_Top100_Direct,125497
28-10-2025,200.6348,HDFC_Top100_Direct,125497
27-10-2025,199.7965,HDFC_Top100_Direct,125497
24-10-2025,198.4115,HDFC_Top100_Direct,125497
23-10-2025,198.7521,HDFC_Top100_Direct,125497
20-10-2025,197.5258,HDFC_Top100_Direct,125497
17-10-2025,197.1075,HDFC_Top100_Direct,125497
16-10-2025,196.9521,HDFC_Top100_Direct,125497
15-10-2025,194.7,HDFC_Top100_Direct,125497
14-10-2025,193.3975,HDFC_Top100_Direct,125497
13-10-2025,194.5364,HDFC_Top100_Direct,125497
10-10-2025,195.1185,HDFC_Top100_Direct,125497
09-10-2025,195.0376,HDFC_Top100_Direct,125497
08-10-2025,195.8587,HDFC_Top100_Direct,125497
07-10-2025,196.4294,HDFC_Top100_Direct,125497
06-10-2025,196.5483,HDFC_Top100_Direct,125497
03-10-2025,196.2965,HDFC_Top100_Direct,125497
01-10-2025,195.0856,HDFC_Top100_Direct,125497
30-09-2025,193.8822,HDFC_Top100_Direct,125497
26-09-2025,194.0973,HDFC_Top100_Direct,125497
25-09-2025,197.3447,HDFC_Top100_Direct,125497
24-09-2025,198.8861,HDFC_Top100_Direct,125497
23-09-2025,199.4573,HDFC_Top100_Direct,125497
22-09-2025,200.2539,HDFC_Top100_Direct,125497
19-09-2025,201.306,HDFC_Top100_Direct,125497
18-09-2025,201.5447,HDFC_Top100_Direct,125497
17-09-2025,201.82,HDFC_Top100_Direct,125497
16-09-2025,201.1795,HDFC_Top100_Direct,125497
15-09-2025,200.0967,HDFC_Top100_Direct,125497
12-09-2025,199.0716,HDFC_Top100_Direct,125497
11-09-2025,198.9835,HDFC_Top100_Direct,125497
10-09-2025,198.7075,HDFC_Top100_Direct,125497
09-09-2025,198.2444,HDFC_Top100_Direct,125497
08-09-2025,197.448,HDFC_Top100_Direct,125497
05-09-2025,197.5939,HDFC_Top100_Direct,125497
04-09-2025,197.6887,HDFC_Top100_Direct,125497
03-09-2025,197.6325,HDFC_Top100_Direct,125497
02-09-2025,196.2367,HDFC_Top100_Direct,125497
01-09-2025,195.7343,HDFC_Top100_Direct,125497
31-08-2025,193.7537,HDFC_Top100_Direct,125497
29-08-2025,193.7532,HDFC_Top100_Direct,125497
28-08-2025,194.4893,HDFC_Top100_Direct,125497
26-08-2025,195.5946,HDFC_Top100_Direct,125497
25-08-2025,198.7805,HDFC_Top100_Direct,125497
22-08-2025,199.1156,HDFC_Top100_Direct,125497
21-08-2025,200.0554,HDFC_Top100_Direct,125497
20-08-2025,198.8477,HDFC_Top100_Direct,125497
19-08-2025,198.0389,HDFC_Top100_Direct,125497
18-08-2025,196.9203,HDFC_Top100_Direct,125497
14-08-2025,193.4131,HDFC_Top100_Direct,125497
13-08-2025,192.9222,HDFC_Top100_Direct,125497
12-08-2025,192.705,HDFC_Top100_Direct,125497
11-08-2025,193.1584,HDFC_Top100_Direct,125497
08-08-2025,191.9575,HDFC_Top100_Direct,125497
07-08-2025,193.0064,HDFC_Top100_Direct,125497
06-08-2025,193.5756,HDFC_Top100_Direct,125497
05-08-2025,194.9731,HDFC_Top100_Direct,125497
04-08-2025,195.6536,HDFC_Top100_Direct,125497
01-08-2025,194.9548,HDFC_Top100_Direct,125497
31-07-2025,197.489,HDFC_Top100_Direct,125497
30-07-2025,198.4508,HDFC_Top100_Direct,125497
29-07-2025,197.8146,HDFC_Top100_Direct,125497
28-07-2025,197.4629,HDFC_Top100_Direct,125497
25-07-2025,199.4349,HDFC_Top100_Direct,125497
24-07-2025,202.721,HDFC_Top100_Direct,125497
23-07-2025,203.9043,HDFC_Top100_Direct,125497
22-07-2025,203.3714,HDFC_Top100_Direct,125497
21-07-2025,203.8028,HDFC_Top100_Direct,125497
18-07-2025,204.0356,HDFC_Top100_Direct,125497
17-07-2025,204.9043,HDFC_Top100_Direct,125497
16-07-2025,203.6835,HDFC_Top100_Direct,125497
15-07-2025,203.9268,HDFC_Top100_Direct,125497
14-07-2025,202.0189,HDFC_Top100_Direct,125497
11-07-2025,201.2606,HDFC_Top100_Direct,125497
10-07-2025,201.5985,HDFC_Top100_Direct,125497
09-07-2025,201.3287,HDFC_Top100_Direct,125497
08-07-2025,200.4396,HDFC_Top100_Direct,125497
07-07-2025,200.3235,HDFC_Top100_Direct,125497
04-07-2025,200.6762,HDFC_Top100_Direct,125497
03-07-2025,200.0186,HDFC_Top100_Direct,125497
02-07-2025,199.3409,HDFC_Top100_Direct,125497
01-07-2025,200.2672,HDFC_Top100_Direct,125497
30-06-2025,200.3178,HDFC_Top100_Direct,125497
27-06-2025,198.0688,HDFC_Top100_Direct,125497
26-06-2025,197.2286,HDFC_Top100_Direct,125497
25-06-2025,197.4405,HDFC_Top100_Direct,125497
24-06-2025,194.4838,HDFC_Top100_Direct,125497
23-06-2025,192.973,HDFC_Top100_Direct,125497
20-06-2025,192.5872,HDFC_Top100_Direct,125497
19-06-2025,192.1535,HDFC_Top100_Direct,125497
18-06-2025,194.7498,HDFC_Top100_Direct,125497
17-06-2025,194.4976,HDFC_Top100_Direct,125497
16-06-2025,194.3117,HDFC_Top100_Direct,125497
13-06-2025,193.8702,HDFC_Top100_Direct,125497
12-06-2025,194.3159,HDFC_Top100_Direct,125497
11-06-2025,196.3155,HDFC_Top100_Direct,125497
10-06-2025,196.3203,HDFC_Top100_Direct,125497
09-06-2025,196.2268,HDFC_Top100_Direct,125497
06-06-2025,194.4367,HDFC_Top100_Direct,125497
05-06-2025,193.4622,HDFC_Top100_Direct,125497
04-06-2025,193.3241,HDFC_Top100_Direct,125497
03-06-2025,193.3558,HDFC_Top100_Direct,125497
02-06-2025,193.0141,HDFC_Top100_Direct,125497
31-05-2025,192.6784,HDFC_Top100_Direct,125497
30-05-2025,192.6772,HDFC_Top100_Direct,125497
29-05-2025,192.4906,HDFC_Top100_Direct,125497
28-05-2025,192.2322,HDFC_Top100_Direct,125497
27-05-2025,191.6915,HDFC_Top100_Direct,125497
26-05-2025,192.0116,HDFC_Top100_Direct,125497
23-05-2025,190.7428,HDFC_Top100_Direct,125497
22-05-2025,190.2297,HDFC_Top100_Direct,125497
21-05-2025,190.2708,HDFC_Top100_Direct,125497
20-05-2025,190.162,HDFC_Top100_Direct,125497
19-05-2025,192.0015,HDFC_Top100_Direct,125497
16-05-2025,190.5543,HDFC_Top100_Direct,125497
15-05-2025,189.7716,HDFC_Top100_Direct,125497
14-05-2025,188.3401,HDFC_Top100_Direct,125497
13-05-2025,185.9199,HDFC_Top100_Direct,125497
12-05-2025,185.5194,HDFC_Top100_Direct,125497
09-05-2025,180.3079,HDFC_Top100_Direct,125497
08-05-2025,181.2148,HDFC_Top100_Direct,125497
07-05-2025,182.5147,HDFC_Top100_Direct,125497
06-05-2025,180.8742,HDFC_Top100_Direct,125497
05-05-2025,183.67,HDFC_Top100_Direct,125497
02-05-2025,181.6763,HDFC_Top100_Direct,125497
30-04-2025,181.8527,HDFC_Top100_Direct,125497
29-04-2025,184.4749,HDFC_Top100_Direct,125497
28-04-2025,184.7984,HDFC_Top100_Direct,125497
25-04-2025,184.3892,HDFC_Top100_Direct,125497
24-04-2025,187.4442,HDFC_Top100_Direct,125497
23-04-2025,187.4918,HDFC_Top100_Direct,125497
22-04-2025,187.4594,HDFC_Top100_Direct,125497
21-04-2025,186.1086,HDFC_Top100_Direct,125497
17-04-2025,183.494,HDFC_Top100_Direct,125497
16-04-2025,182.6797,HDFC_Top100_Direct,125497
15-04-2025,181.4688,HDFC_Top100_Direct,125497
11-04-2025,177.359,HDFC_Top100_Direct,125497
09-04-2025,173.4024,HDFC_Top100_Direct,125497
08-04-2025,174.6198,HDFC_Top100_Direct,125497
07-04-2025,171.893,HDFC_Top100_Direct,125497
04-04-2025,176.8853,HDFC_Top100_Direct,125497
03-04-2025,181.0205,HDFC_Top100_Direct,125497
02-04-2025,180.504,HDFC_Top100_Direct,125497
01-04-2025,178.3073,HDFC_Top100_Direct,125497
31-03-2025,178.5628,HDFC_Top100_Direct,125497
28-03-2025,178.5548,HDFC_Top100_Direct,125497
27-03-2025,178.6535,HDFC_Top100_Direct,125497
26-03-2025,178.8617,HDFC_Top100_Direct,125497
25-03-2025,181.1499,HDFC_Top100_Direct,125497
24-03-2025,181.6626,HDFC_Top100_Direct,125497
21-03-2025,179.8765,HDFC_Top100_Direct,125497
20-03-2025,177.2546,HDFC_Top100_Direct,125497
19-03-2025,176.277,HDFC_Top100_Direct,125497
18-03-2025,174.3065,HDFC_Top100_Direct,125497
17-03-2025,170.8415,HDFC_Top100_Direct,125497
13-03-2025,170.4454,HDFC_Top100_Direct,125497
12-03-2025,170.9127,HDFC_Top100_Direct,125497
11-03-2025,170.8118,HDFC_Top100_Direct,125497
10-03-2025,171.8878,HDFC_Top100_Direct,125497
07-03-2025,173.6464,HDFC_Top100_Direct,125497
06-03-2025,173.0546,HDFC_Top100_Direct,125497
05-03-2025,170.5378,HDFC_Top100_Direct,125497
04-03-2025,167.4144,HDFC_Top100_Direct,125497
03-03-2025,166.5363,HDFC_Top100_Direct,125497
28-02-2025,167.2753,HDFC_Top100_Direct,125497
27-02-2025,169.2761,HDFC_Top100_Direct,125497
25-02-2025,170.5772,HDFC_Top100_Direct,125497
24-02-2025,171.0281,HDFC_Top100_Direct,125497
21-02-2025,173.194,HDFC_Top100_Direct,125497
20-02-2025,173.7251,HDFC_Top100_Direct,125497
19-02-2025,172.8542,HDFC_Top100_Direct,125497
18-02-2025,170.6351,HDFC_Top100_Direct,125497
17-02-2025,172.6017,HDFC_Top100_Direct,125497
14-02-2025,173.7027,HDFC_Top100_Direct,125497
13-02-2025,177.2214,HDFC_Top100_Direct,125497
12-02-2025,178.0673,HDFC_Top100_Direct,125497
11-02-2025,178.8097,HDFC_Top100_Direct,125497
10-02-2025,183.4947,HDFC_Top100_Direct,125497
07-02-2025,186.6001,HDFC_Top100_Direct,125497
06-02-2025,188.2236,HDFC_Top100_Direct,125497
05-02-2025,188.0012,HDFC_Top100_Direct,125497
04-02-2025,187.7402,HDFC_Top100_Direct,125497
03-02-2025,186.5887,HDFC_Top100_Direct,125497
31-01-2025,185.8927,HDFC_Top100_Direct,125497
30-01-2025,183.9481,HDFC_Top100_Direct,125497
29-01-2025,184.474,HDFC_Top100_Direct,125497
28-01-2025,179.9981,HDFC_Top100_Direct,125497
27-01-2025,181.1505,HDFC_Top100_Direct,125497
24-01-2025,184.8357,HDFC_Top100_Direct,125497
23-01-2025,187.6026,HDFC_Top100_Direct,125497
22-01-2025,186.9925,HDFC_Top100_Direct,125497
21-01-2025,189.0302,HDFC_Top100_Direct,125497
20-01-2025,191.8699,HDFC_Top100_Direct,125497
17-01-2025,190.5474,HDFC_Top100_Direct,125497
16-01-2025,191.5461,HDFC_Top100_Direct,125497
15-01-2025,190.2908,HDFC_Top100_Direct,125497
14-01-2025,189.4394,HDFC_Top100_Direct,125497
13-01-2025,187.9708,HDFC_Top100_Direct,125497
10-01-2025,194.0951,HDFC_Top100_Direct,125497
09-01-2025,197.3978,HDFC_Top100_Direct,125497
08-01-2025,199.1083,HDFC_Top100_Direct,125497
07-01-2025,201.51,HDFC_Top100_Direct,125497
06-01-2025,199.9325,HDFC_Top100_Direct,125497
03-01-2025,204.7473,HDFC_Top100_Direct,125497
02-01-2025,204.958,HDFC_Top100_Direct,125497
01-01-2025,204.0133,HDFC_Top100_Direct,125497
31-12-2024,202.025,HDFC_Top100_Direct,125497
30-12-2024,200.9474,HDFC_Top100_Direct,125497
27-12-2024,202.2744,HDFC_Top100_Direct,125497
26-12-2024,201.1712,HDFC_Top100_Direct,125497
24-12-2024,201.9117,HDFC_Top100_Direct,125497
23-12-2024,201.8235,HDFC_Top100_Direct,125497
20-12-2024,203.8639,HDFC_Top100_Direct,125497
19-12-2024,208.1814,HDFC_Top100_Direct,125497
18-12-2024,208.9039,HDFC_Top100_Direct,125497
17-12-2024,209.149,HDFC_Top100_Direct,125497
16-12-2024,209.9361,HDFC_Top100_Direct,125497
13-12-2024,209.4705,HDFC_Top100_Direct,125497
12-12-2024,209.1364,HDFC_Top100_Direct,125497
11-12-2024,210.4887,HDFC_Top100_Direct,125497
10-12-2024,210.1936,HDFC_Top100_Direct,125497
09-12-2024,209.1188,HDFC_Top100_Direct,125497
06-12-2024,207.7793,HDFC_Top100_Direct,125497
05-12-2024,206.9634,HDFC_Top100_Direct,125497
04-12-2024,206.8799,HDFC_Top100_Direct,125497
03-12-2024,205.6142,HDFC_Top100_Direct,125497
02-12-2024,203.0662,HDFC_Top100_Direct,125497
30-11-2024,203.2306,HDFC_Top100_Direct,125497
29-11-2024,203.2298,HDFC_Top100_Direct,125497
28-11-2024,202.2046,HDFC_Top100_Direct,125497
27-11-2024,202.2303,HDFC_Top100_Direct,125497
26-11-2024,201.5981,HDFC_Top100_Direct,125497
25-11-2024,201.2427,HDFC_Top100_Direct,125497
22-11-2024,196.9679,HDFC_Top100_Direct,125497
21-11-2024,196.0174,HDFC_Top100_Direct,125497
19-11-2024,196.9149,HDFC_Top100_Direct,125497
18-11-2024,194.9632,HDFC_Top100_Direct,125497
14-11-2024,195.8825,HDFC_Top100_Direct,125497
13-11-2024,194.6035,HDFC_Top100_Direct,125497
12-11-2024,198.665,HDFC_Top100_Direct,125497
11-11-2024,201.1783,HDFC_Top100_Direct,125497
08-11-2024,202.8558,HDFC_Top100_Direct,125497
07-11-2024,204.9185,HDFC_Top100_Direct,125497
06-11-2024,205.5932,HDFC_Top100_Direct,125497
05-11-2024,203.8845,HDFC_Top100_Direct,125497
04-11-2024,204.1821,HDFC_Top100_Direct,125497
31-10-2024,204.7065,HDFC_Top100_Direct,125497
30-10-2024,201.17,HDFC_Top100_Direct,125497
29-10-2024,199.6621,HDFC_Top100_Direct,125497
28-10-2024,198.762,HDFC_Top100_Direct,125497
25-10-2024,199.0257,HDFC_Top100_Direct,125497
24-10-2024,202.3794,HDFC_Top100_Direct,125497
23-10-2024,204.1604,HDFC_Top100_Direct,125497
22-10-2024,204.119,HDFC_Top100_Direct,125497
21-10-2024,209.1812,HDFC_Top100_Direct,125497
18-10-2024,212.4258,HDFC_Top100_Direct,125497
17-10-2024,212.5836,HDFC_Top100_Direct,125497
16-10-2024,214.6138,HDFC_Top100_Direct,125497
15-10-2024,214.6767,HDFC_Top100_Direct,125497
14-10-2024,212.7061,HDFC_Top100_Direct,125497
11-10-2024,211.8682,HDFC_Top100_Direct,125497
10-10-2024,211.2075,HDFC_Top100_Direct,125497
09-10-2024,211.4618,HDFC_Top100_Direct,125497
08-10-2024,209.7125,HDFC_Top100_Direct,125497
07-10-2024,205.9307,HDFC_Top100_Direct,125497
04-10-2024,210.645,HDFC_Top100_Direct,125497
03-10-2024,211.1073,HDFC_Top100_Direct,125497
01-10-2024,214.2759,HDFC_Top100_Direct,125497
30-09-2024,213.8541,HDFC_Top100_Direct,125497
27-09-2024,213.8245,HDFC_Top100_Direct,125497
26-09-2024,212.393,HDFC_Top100_Direct,125497
25-09-2024,213.2071,HDFC_Top100_Direct,125497
24-09-2024,212.9454,HDFC_Top100_Direct,125497
23-09-2024,213.6607,HDFC_Top100_Direct,125497
20-09-2024,212.0753,HDFC_Top100_Direct,125497
19-09-2024,211.2903,HDFC_Top100_Direct,125497
18-09-2024,212.1974,HDFC_Top100_Direct,125497
17-09-2024,212.8713,HDFC_Top100_Direct,125497
16-09-2024,213.118,HDFC_Top100_Direct,125497
13-09-2024,212.6824,HDFC_Top100_Direct,125497
12-09-2024,211.2842,HDFC_Top100_Direct,125497
11-09-2024,210.1111,HDFC_Top100_Direct,125497
10-09-2024,211.8353,HDFC_Top100_Direct,125497
09-09-2024,208.709,HDFC_Top100_Direct,125497
06-09-2024,209.5018,HDFC_Top100_Direct,125497
05-09-2024,210.0836,HDFC_Top100_Direct,125497
04-09-2024,208.9043,HDFC_Top100_Direct,125497
03-09-2024,209.171,HDFC_Top100_Direct,125497
02-09-2024,208.3113,HDFC_Top100_Direct,125497
31-08-2024,208.4167,HDFC_Top100_Direct,125497
30-08-2024,208.4168,HDFC_Top100_Direct,125497
29-08-2024,207.0499,HDFC_Top100_Direct,125497
28-08-2024,207.8987,HDFC_Top100_Direct,125497
27-08-2024,207.4904,HDFC_Top100_Direct,125497
26-08-2024,206.7864,HDFC_Top100_Direct,125497
23-08-2024,206.3889,HDFC_Top100_Direct,125497
22-08-2024,206.1419,HDFC_Top100_Direct,125497
21-08-2024,205.6904,HDFC_Top100_Direct,125497
20-08-2024,204.2778,HDFC_Top100_Direct,125497
19-08-2024,204.1016,HDFC_Top100_Direct,125497
16-08-2024,202.8471,HDFC_Top100_Direct,125497
14-08-2024,200.5532,HDFC_Top100_Direct,125497
13-08-2024,201.6101,HDFC_Top100_Direct,125497
12-08-2024,202.1742,HDFC_Top100_Direct,125497
09-08-2024,201.5699,HDFC_Top100_Direct,125497
08-08-2024,201.0925,HDFC_Top100_Direct,125497
07-08-2024,202.0034,HDFC_Top100_Direct,125497
06-08-2024,199.0114,HDFC_Top100_Direct,125497
05-08-2024,199.5619,HDFC_Top100_Direct,125497
02-08-2024,206.2035,HDFC_Top100_Direct,125497
01-08-2024,207.8403,HDFC_Top100_Direct,125497
31-07-2024,208.4358,HDFC_Top100_Direct,125497
30-07-2024,208.6912,HDFC_Top100_Direct,125497
29-07-2024,208.2548,HDFC_Top100_Direct,125497
26-07-2024,205.4205,HDFC_Top100_Direct,125497
25-07-2024,203.7419,HDFC_Top100_Direct,125497
24-07-2024,204.4677,HDFC_Top100_Direct,125497
23-07-2024,201.7018,HDFC_Top100_Direct,125497
22-07-2024,202.0355,HDFC_Top100_Direct,125497
19-07-2024,200.7347,HDFC_Top100_Direct,125497
18-07-2024,203.6047,HDFC_Top100_Direct,125497
16-07-2024,204.6439,HDFC_Top100_Direct,125497
15-07-2024,204.2651,HDFC_Top100_Direct,125497
12-07-2024,204.3766,HDFC_Top100_Direct,125497
11-07-2024,205.3326,HDFC_Top100_Direct,125497
10-07-2024,204.005,HDFC_Top100_Direct,125497
09-07-2024,204.7434,HDFC_Top100_Direct,125497
08-07-2024,203.9505,HDFC_Top100_Direct,125497
05-07-2024,204.8921,HDFC_Top100_Direct,125497
04-07-2024,203.5723,HDFC_Top100_Direct,125497
03-07-2024,202.9049,HDFC_Top100_Direct,125497
02-07-2024,200.5912,HDFC_Top100_Direct,125497
01-07-2024,200.4556,HDFC_Top100_Direct,125497
30-06-2024,197.8755,HDFC_Top100_Direct,125497
28-06-2024,197.8746,HDFC_Top100_Direct,125497
27-06-2024,197.541,HDFC_Top100_Direct,125497
26-06-2024,198.6826,HDFC_Top100_Direct,125497
25-06-2024,199.2888,HDFC_Top100_Direct,125497
24-06-2024,198.9645,HDFC_Top100_Direct,125497
21-06-2024,198.8453,HDFC_Top100_Direct,125497
20-06-2024,198.7321,HDFC_Top100_Direct,125497
19-06-2024,197.8645,HDFC_Top100_Direct,125497
18-06-2024,198.2516,HDFC_Top100_Direct,125497
14-06-2024,198.1281,HDFC_Top100_Direct,125497
13-06-2024,196.4383,HDFC_Top100_Direct,125497
12-06-2024,195.4415,HDFC_Top100_Direct,125497
11-06-2024,193.7358,HDFC_Top100_Direct,125497
10-06-2024,192.3518,HDFC_Top100_Direct,125497
07-06-2024,189.5698,HDFC_Top100_Direct,125497
06-06-2024,186.5083,HDFC_Top100_Direct,125497
05-06-2024,183.0496,HDFC_Top100_Direct,125497
04-06-2024,178.3591,HDFC_Top100_Direct,125497
03-06-2024,186.9155,HDFC_Top100_Direct,125497
31-05-2024,183.555,HDFC_Top100_Direct,125497
30-05-2024,181.9907,HDFC_Top100_Direct,125497
29-05-2024,183.9199,HDFC_Top100_Direct,125497
28-05-2024,183.2963,HDFC_Top100_Direct,125497
27-05-2024,183.9672,HDFC_Top100_Direct,125497
24-05-2024,184.2296,HDFC_Top100_Direct,125497
23-05-2024,184.8647,HDFC_Top100_Direct,125497
22-05-2024,185.1718,HDFC_Top100_Direct,125497
21-05-2024,184.7749,HDFC_Top100_Direct,125497
17-05-2024,183.6697,HDFC_Top100_Direct,125497
16-05-2024,181.9138,HDFC_Top100_Direct,125497
15-05-2024,179.5407,HDFC_Top100_Direct,125497
14-05-2024,177.7655,HDFC_Top100_Direct,125497
13-05-2024,175.8048,HDFC_Top100_Direct,125497
10-05-2024,175.7796,HDFC_Top100_Direct,125497
09-05-2024,174.9782,HDFC_Top100_Direct,125497
08-05-2024,179.0846,HDFC_Top100_Direct,125497
07-05-2024,178.2565,HDFC_Top100_Direct,125497
06-05-2024,179.8196,HDFC_Top100_Direct,125497
03-05-2024,180.5829,HDFC_Top100_Direct,125497
02-05-2024,181.828,HDFC_Top100_Direct,125497
30-04-2024,181.4347,HDFC_Top100_Direct,125497
29-04-2024,181.053,HDFC_Top100_Direct,125497
26-04-2024,180.425,HDFC_Top100_Direct,125497
25-04-2024,180.4345,HDFC_Top100_Direct,125497
24-04-2024,179.5328,HDFC_Top100_Direct,125497
23-04-2024,178.2084,HDFC_Top100_Direct,125497
22-04-2024,177.2586,HDFC_Top100_Direct,125497
19-04-2024,175.6445,HDFC_Top100_Direct,125497
18-04-2024,174.7465,HDFC_Top100_Direct,125497
16-04-2024,174.6419,HDFC_Top100_Direct,125497
15-04-2024,174.1554,HDFC_Top100_Direct,125497
12-04-2024,175.8047,HDFC_Top100_Direct,125497
10-04-2024,176.9202,HDFC_Top100_Direct,125497
09-04-2024,175.3061,HDFC_Top100_Direct,125497
08-04-2024,175.5646,HDFC_Top100_Direct,125497
05-04-2024,175.3538,HDFC_Top100_Direct,125497
04-04-2024,174.6364,HDFC_Top100_Direct,125497
03-04-2024,173.6926,HDFC_Top100_Direct,125497
02-04-2024,172.3272,HDFC_Top100_Direct,125497
01-04-2024,171.3184,HDFC_Top100_Direct,125497
31-03-2024,167.8136,HDFC_Top100_Direct,125497
28-03-2024,167.8139,HDFC_Top100_Direct,125497
27-03-2024,167.1819,HDFC_Top100_Direct,125497
26-03-2024,166.3844,HDFC_Top100_Direct,125497
22-03-2024,166.5897,HDFC_Top100_Direct,125497
21-03-2024,165.0148,HDFC_Top100_Direct,125497
20-03-2024,162.0769,HDFC_Top100_Direct,125497
19-03-2024,162.3885,HDFC_Top100_Direct,125497
18-03-2024,163.1055,HDFC_Top100_Direct,125497
15-03-2024,162.6157,HDFC_Top100_Direct,125497
14-03-2024,162.5619,HDFC_Top100_Direct,125497
13-03-2024,160.5835,HDFC_Top100_Direct,125497
12-03-2024,166.2062,HDFC_Top100_Direct,125497
11-03-2024,168.4794,HDFC_Top100_Direct,125497
07-03-2024,169.9846,HDFC_Top100_Direct,125497
06-03-2024,168.7803,HDFC_Top100_Direct,125497
05-03-2024,171.4449,HDFC_Top100_Direct,125497
04-03-2024,172.0116,HDFC_Top100_Direct,125497
01-03-2024,171.3862,HDFC_Top100_Direct,125497
29-02-2024,169.9634,HDFC_Top100_Direct,125497
28-02-2024,169.6781,HDFC_Top100_Direct,125497
27-02-2024,171.1506,HDFC_Top100_Direct,125497
26-02-2024,170.7723,HDFC_Top100_Direct,125497
23-02-2024,170.7513,HDFC_Top100_Direct,125497
22-02-2024,169.453,HDFC_Top100_Direct,125497
21-02-2024,169.2609,HDFC_Top100_Direct,125497
20-02-2024,169.7975,HDFC_Top100_Direct,125497
19-02-2024,169.6421,HDFC_Top100_Direct,125497
16-02-2024,169.6879,HDFC_Top100_Direct,125497
15-02-2024,168.783,HDFC_Top100_Direct,125497
14-02-2024,168.0551,HDFC_Top100_Direct,125497
13-02-2024,166.3553,HDFC_Top100_Direct,125497
12-02-2024,165.3607,HDFC_Top100_Direct,125497
09-02-2024,168.0813,HDFC_Top100_Direct,125497
08-02-2024,168.6894,HDFC_Top100_Direct,125497
07-02-2024,168.7067,HDFC_Top100_Direct,125497
06-02-2024,168.0277,HDFC_Top100_Direct,125497
05-02-2024,165.8049,HDFC_Top100_Direct,125497
02-02-2024,166.8172,HDFC_Top100_Direct,125497
01-02-2024,166.5191,HDFC_Top100_Direct,125497
31-01-2024,167.0853,HDFC_Top100_Direct,125497
30-01-2024,163.8854,HDFC_Top100_Direct,125497
29-01-2024,164.243,HDFC_Top100_Direct,125497
25-01-2024,163.0642,HDFC_Top100_Direct,125497
24-01-2024,162.9044,HDFC_Top100_Direct,125497
23-01-2024,161.1305,HDFC_Top100_Direct,125497
19-01-2024,162.8323,HDFC_Top100_Direct,125497
18-01-2024,162.2609,HDFC_Top100_Direct,125497
17-01-2024,162.9031,HDFC_Top100_Direct,125497
16-01-2024,164.4321,HDFC_Top100_Direct,125497
15-01-2024,165.0183,HDFC_Top100_Direct,125497
12-01-2024,164.2106,HDFC_Top100_Direct,125497
11-01-2024,163.7165,HDFC_Top100_Direct,125497
10-01-2024,162.7562,HDFC_Top100_Direct,125497
09-01-2024,162.8311,HDFC_Top100_Direct,125497
08-01-2024,162.5916,HDFC_Top100_Direct,125497
05-01-2024,163.7499,HDFC_Top100_Direct,125497
04-01-2024,162.7609,HDFC_Top100_Direct,125497
03-01-2024,162.106,HDFC_Top100_Direct,125497
02-01-2024,162.0646,HDFC_Top100_Direct,125497
01-01-2024,161.4272,HDFC_Top100_Direct,125497
29-12-2023,161.2357,HDFC_Top100_Direct,125497
28-12-2023,159.9625,HDFC_Top100_Direct,125497
27-12-2023,159.8029,HDFC_Top100_Direct,125497
26-12-2023,159.3241,HDFC_Top100_Direct,125497
22-12-2023,159.2023,HDFC_Top100_Direct,125497
21-12-2023,158.6327,HDFC_Top100_Direct,125497
20-12-2023,157.127,HDFC_Top100_Direct,125497
19-12-2023,161.0618,HDFC_Top100_Direct,125497
18-12-2023,161.4356,HDFC_Top100_Direct,125497
15-12-2023,161.5428,HDFC_Top100_Direct,125497
14-12-2023,161.0609,HDFC_Top100_Direct,125497
13-12-2023,159.9402,HDFC_Top100_Direct,125497
12-12-2023,159.4436,HDFC_Top100_Direct,125497
11-12-2023,159.7954,HDFC_Top100_Direct,125497
08-12-2023,159.5553,HDFC_Top100_Direct,125497
07-12-2023,159.9568,HDFC_Top100_Direct,125497
06-12-2023,159.4849,HDFC_Top100_Direct,125497
05-12-2023,159.5041,HDFC_Top100_Direct,125497
04-12-2023,158.8101,HDFC_Top100_Direct,125497
01-12-2023,157.4176,HDFC_Top100_Direct,125497
30-11-2023,157.4314,HDFC_Top100_Direct,125497
29-11-2023,155.7105,HDFC_Top100_Direct,125497
28-11-2023,155.6451,HDFC_Top100_Direct,125497
24-11-2023,154.683,HDFC_Top100_Direct,125497
23-11-2023,154.3926,HDFC_Top100_Direct,125497
22-11-2023,154.4341,HDFC_Top100_Direct,125497
21-11-2023,154.9701,HDFC_Top100_Direct,125497
20-11-2023,153.9873,HDFC_Top100_Direct,125497
17-11-2023,153.408,HDFC_Top100_Direct,125497
16-11-2023,152.8377,HDFC_Top100_Direct,125497
15-11-2023,152.7398,HDFC_Top100_Direct,125497
13-11-2023,151.314,HDFC_Top100_Direct,125497
10-11-2023,150.5781,HDFC_Top100_Direct,125497
09-11-2023,150.3998,HDFC_Top100_Direct,125497
08-11-2023,150.5331,HDFC_Top100_Direct,125497
07-11-2023,150.0494,HDFC_Top100_Direct,125497
06-11-2023,149.592,HDFC_Top100_Direct,125497
03-11-2023,148.7205,HDFC_Top100_Direct,125497
02-11-2023,147.8192,HDFC_Top100_Direct,125497
01-11-2023,147.1546,HDFC_Top100_Direct,125497
31-10-2023,147.5626,HDFC_Top100_Direct,125497
30-10-2023,147.1974,HDFC_Top100_Direct,125497
27-10-2023,147.2793,HDFC_Top100_Direct,125497
26-10-2023,145.453,HDFC_Top100_Direct,125497
25-10-2023,146.7862,HDFC_Top100_Direct,125497
23-10-2023,148.0186,HDFC_Top100_Direct,125497
20-10-2023,152.8916,HDFC_Top100_Direct,125497
19-10-2023,153.637,HDFC_Top100_Direct,125497
18-10-2023,153.6252,HDFC_Top100_Direct,125497
17-10-2023,153.4866,HDFC_Top100_Direct,125497
16-10-2023,152.9747,HDFC_Top100_Direct,125497
13-10-2023,151.9922,HDFC_Top100_Direct,125497
12-10-2023,152.0191,HDFC_Top100_Direct,125497
11-10-2023,151.7229,HDFC_Top100_Direct,125497
10-10-2023,150.8563,HDFC_Top100_Direct,125497
09-10-2023,149.6845,HDFC_Top100_Direct,125497
06-10-2023,151.72,HDFC_Top100_Direct,125497
05-10-2023,151.0584,HDFC_Top100_Direct,125497
04-10-2023,150.848,HDFC_Top100_Direct,125497
03-10-2023,151.7295,HDFC_Top100_Direct,125497
29-09-2023,151.2497,HDFC_Top100_Direct,125497
27-09-2023,151.7553,HDFC_Top100_Direct,125497
26-09-2023,151.1526,HDFC_Top100_Direct,125497
25-09-2023,151.1966,HDFC_Top100_Direct,125497
22-09-2023,151.2597,HDFC_Top100_Direct,125497
21-09-2023,150.8272,HDFC_Top100_Direct,125497
20-09-2023,152.9313,HDFC_Top100_Direct,125497
18-09-2023,152.7061,HDFC_Top100_Direct,125497
15-09-2023,153.193,HDFC_Top100_Direct,125497
14-09-2023,153.1389,HDFC_Top100_Direct,125497
13-09-2023,151.9055,HDFC_Top100_Direct,125497
12-09-2023,151.6583,HDFC_Top100_Direct,125497
11-09-2023,154.9908,HDFC_Top100_Direct,125497
08-09-2023,153.8431,HDFC_Top100_Direct,125497
07-09-2023,153.151,HDFC_Top100_Direct,125497
06-09-2023,151.6147,HDFC_Top100_Direct,125497
05-09-2023,151.7655,HDFC_Top100_Direct,125497
04-09-2023,151.5748,HDFC_Top100_Direct,125497
01-09-2023,150.4126,HDFC_Top100_Direct,125497
31-08-2023,150.2306,HDFC_Top100_Direct,125497
30-08-2023,149.2884,HDFC_Top100_Direct,125497
29-08-2023,148.5692,HDFC_Top100_Direct,125497
28-08-2023,148.1074,HDFC_Top100_Direct,125497
25-08-2023,147.0885,HDFC_Top100_Direct,125497
24-08-2023,147.6233,HDFC_Top100_Direct,125497
23-08-2023,147.6666,HDFC_Top100_Direct,125497
22-08-2023,147.4207,HDFC_Top100_Direct,125497
21-08-2023,145.9692,HDFC_Top100_Direct,125497
18-08-2023,145.4976,HDFC_Top100_Direct,125497
17-08-2023,145.501,HDFC_Top100_Direct,125497
16-08-2023,145.847,HDFC_Top100_Direct,125497
14-08-2023,145.3391,HDFC_Top100_Direct,125497
11-08-2023,145.5881,HDFC_Top100_Direct,125497
10-08-2023,145.4723,HDFC_Top100_Direct,125497
09-08-2023,146.3293,HDFC_Top100_Direct,125497
08-08-2023,145.5002,HDFC_Top100_Direct,125497
07-08-2023,145.7272,HDFC_Top100_Direct,125497
04-08-2023,145.7129,HDFC_Top100_Direct,125497
03-08-2023,145.0795,HDFC_Top100_Direct,125497
02-08-2023,145.4234,HDFC_Top100_Direct,125497
01-08-2023,146.7457,HDFC_Top100_Direct,125497
31-07-2023,146.1582,HDFC_Top100_Direct,125497
28-07-2023,144.5824,HDFC_Top100_Direct,125497
27-07-2023,143.8359,HDFC_Top100_Direct,125497
26-07-2023,143.6188,HDFC_Top100_Direct,125497
25-07-2023,143.1863,HDFC_Top100_Direct,125497
24-07-2023,143.1832,HDFC_Top100_Direct,125497
21-07-2023,142.8064,HDFC_Top100_Direct,125497
20-07-2023,143.0615,HDFC_Top100_Direct,125497
19-07-2023,142.4317,HDFC_Top100_Direct,125497
18-07-2023,141.8948,HDFC_Top100_Direct,125497
17-07-2023,142.205,HDFC_Top100_Direct,125497
14-07-2023,141.0983,HDFC_Top100_Direct,125497
13-07-2023,140.3448,HDFC_Top100_Direct,125497
12-07-2023,140.8036,HDFC_Top100_Direct,125497
11-07-2023,139.9054,HDFC_Top100_Direct,125497
10-07-2023,139.4743,HDFC_Top100_Direct,125497
07-07-2023,139.5112,HDFC_Top100_Direct,125497
06-07-2023,139.6278,HDFC_Top100_Direct,125497
05-07-2023,138.9579,HDFC_Top100_Direct,125497
04-07-2023,138.2876,HDFC_Top100_Direct,125497
03-07-2023,138.6742,HDFC_Top100_Direct,125497
30-06-2023,138.0883,HDFC_Top100_Direct,125497
28-06-2023,137.561,HDFC_Top100_Direct,125497
27-06-2023,137.5173,HDFC_Top100_Direct,125497
26-06-2023,137.1738,HDFC_Top100_Direct,125497
23-06-2023,136.3524,HDFC_Top100_Direct,125497
22-06-2023,137.2514,HDFC_Top100_Direct,125497
21-06-2023,137.8518,HDFC_Top100_Direct,125497
20-06-2023,137.3878,HDFC_Top100_Direct,125497
19-06-2023,137.0258,HDFC_Top100_Direct,125497
16-06-2023,137.2618,HDFC_Top100_Direct,125497
15-06-2023,136.6775,HDFC_Top100_Direct,125497
14-06-2023,136.5423,HDFC_Top100_Direct,125497
13-06-2023,135.9844,HDFC_Top100_Direct,125497
12-06-2023,134.7018,HDFC_Top100_Direct,125497
09-06-2023,134.1118,HDFC_Top100_Direct,125497
08-06-2023,134.5646,HDFC_Top100_Direct,125497
07-06-2023,134.9855,HDFC_Top100_Direct,125497
06-06-2023,133.5734,HDFC_Top100_Direct,125497
05-06-2023,133.1177,HDFC_Top100_Direct,125497
02-06-2023,132.614,HDFC_Top100_Direct,125497
01-06-2023,132.3341,HDFC_Top100_Direct,125497
31-05-2023,132.2913,HDFC_Top100_Direct,125497
30-05-2023,131.9012,HDFC_Top100_Direct,125497
29-05-2023,131.7139,HDFC_Top100_Direct,125497
26-05-2023,131.5821,HDFC_Top100_Direct,125497
25-05-2023,131.1635,HDFC_Top100_Direct,125497
24-05-2023,130.9864,HDFC_Top100_Direct,125497
23-05-2023,130.87,HDFC_Top100_Direct,125497
22-05-2023,131.1264,HDFC_Top100_Direct,125497
19-05-2023,130.2383,HDFC_Top100_Direct,125497
18-05-2023,130.6447,HDFC_Top100_Direct,125497
17-05-2023,130.5682,HDFC_Top100_Direct,125497
16-05-2023,130.8127,HDFC_Top100_Direct,125497
15-05-2023,130.5259,HDFC_Top100_Direct,125497
12-05-2023,130.1433,HDFC_Top100_Direct,125497
11-05-2023,130.2851,HDFC_Top100_Direct,125497
10-05-2023,129.4546,HDFC_Top100_Direct,125497
09-05-2023,128.8274,HDFC_Top100_Direct,125497
08-05-2023,128.9877,HDFC_Top100_Direct,125497
05-05-2023,127.7371,HDFC_Top100_Direct,125497
04-05-2023,128.1846,HDFC_Top100_Direct,125497
03-05-2023,127.493,HDFC_Top100_Direct,125497
02-05-2023,127.3545,HDFC_Top100_Direct,125497
28-04-2023,127.1712,HDFC_Top100_Direct,125497
27-04-2023,126.338,HDFC_Top100_Direct,125497
26-04-2023,125.8618,HDFC_Top100_Direct,125497
25-04-2023,125.3949,HDFC_Top100_Direct,125497
24-04-2023,125.372,HDFC_Top100_Direct,125497
21-04-2023,125.2284,HDFC_Top100_Direct,125497
20-04-2023,125.3792,HDFC_Top100_Direct,125497
19-04-2023,124.6246,HDFC_Top100_Direct,125497
18-04-2023,124.3244,HDFC_Top100_Direct,125497
17-04-2023,124.2728,HDFC_Top100_Direct,125497
13-04-2023,123.9911,HDFC_Top100_Direct,125497
12-04-2023,123.6808,HDFC_Top100_Direct,125497
11-04-2023,123.2215,HDFC_Top100_Direct,125497
10-04-2023,122.9416,HDFC_Top100_Direct,125497
06-04-2023,122.7811,HDFC_Top100_Direct,125497
05-04-2023,122.6212,HDFC_Top100_Direct,125497
03-04-2023,122.1271,HDFC_Top100_Direct,125497
31-03-2023,121.7144,HDFC_Top100_Direct,125497
29-03-2023,120.0371,HDFC_Top100_Direct,125497
28-03-2023,118.3058,HDFC_Top100_Direct,125497
27-03-2023,119.383,HDFC_Top100_Direct,125497
24-03-2023,120.2745,HDFC_Top100_Direct,125497
23-03-2023,121.7065,HDFC_Top100_Direct,125497
22-03-2023,121.4156,HDFC_Top100_Direct,125497
21-03-2023,120.9953,HDFC_Top100_Direct,125497
20-03-2023,120.3344,HDFC_Top100_Direct,125497
17-03-2023,121.446,HDFC_Top100_Direct,125497
16-03-2023,120.9417,HDFC_Top100_Direct,125497
15-03-2023,121.8605,HDFC_Top100_Direct,125497
14-03-2023,121.7529,HDFC_Top100_Direct,125497
13-03-2023,122.7771,HDFC_Top100_Direct,125497
10-03-2023,124.211,HDFC_Top100_Direct,125497
09-03-2023,124.5502,HDFC_Top100_Direct,125497
08-03-2023,124.7469,HDFC_Top100_Direct,125497
06-03-2023,124.8339,HDFC_Top100_Direct,125497
03-03-2023,123.9481,HDFC_Top100_Direct,125497
02-03-2023,123.3993,HDFC_Top100_Direct,125497
01-03-2023,123.665,HDFC_Top100_Direct,125497
28-02-2023,122.8701,HDFC_Top100_Direct,125497
27-02-2023,122.0552,HDFC_Top100_Direct,125497
24-02-2023,123.1777,HDFC_Top100_Direct,125497
23-02-2023,123.0513,HDFC_Top100_Direct,125497
22-02-2023,123.392,HDFC_Top100_Direct,125497
21-02-2023,124.5172,HDFC_Top100_Direct,125497
20-02-2023,124.9814,HDFC_Top100_Direct,125497
17-02-2023,125.1119,HDFC_Top100_Direct,125497
16-02-2023,124.9714,HDFC_Top100_Direct,125497
15-02-2023,124.4506,HDFC_Top100_Direct,125497
14-02-2023,124.0916,HDFC_Top100_Direct,125497
13-02-2023,124.4056,HDFC_Top100_Direct,125497
10-02-2023,125.1702,HDFC_Top100_Direct,125497
09-02-2023,124.7379,HDFC_Top100_Direct,125497
08-02-2023,125.1117,HDFC_Top100_Direct,125497
07-02-2023,124.4182,HDFC_Top100_Direct,125497
06-02-2023,123.9921,HDFC_Top100_Direct,125497
03-02-2023,124.2907,HDFC_Top100_Direct,125497
02-02-2023,124.0083,HDFC_Top100_Direct,125497
01-02-2023,123.4784,HDFC_Top100_Direct,125497
31-01-2023,124.3138,HDFC_Top100_Direct,125497
30-01-2023,122.3633,HDFC_Top100_Direct,125497
27-01-2023,122.6962,HDFC_Top100_Direct,125497
25-01-2023,123.7522,HDFC_Top100_Direct,125497
24-01-2023,124.1328,HDFC_Top100_Direct,125497
23-01-2023,124.425,HDFC_Top100_Direct,125497
20-01-2023,124.805,HDFC_Top100_Direct,125497
19-01-2023,125.5433,HDFC_Top100_Direct,125497
18-01-2023,125.7186,HDFC_Top100_Direct,125497
17-01-2023,125.8074,HDFC_Top100_Direct,125497
16-01-2023,125.9832,HDFC_Top100_Direct,125497
13-01-2023,126.0588,HDFC_Top100_Direct,125497
12-01-2023,126.1964,HDFC_Top100_Direct,125497
11-01-2023,125.908,HDFC_Top100_Direct,125497
10-01-2023,125.8004,HDFC_Top100_Direct,125497
09-01-2023,126.4462,HDFC_Top100_Direct,125497
06-01-2023,125.7185,HDFC_Top100_Direct,125497
05-01-2023,126.7327,HDFC_Top100_Direct,125497
04-01-2023,126.7266,HDFC_Top100_Direct,125497
03-01-2023,127.7046,HDFC_Top100_Direct,125497
02-01-2023,127.8404,HDFC_Top100_Direct,125497
30-12-2022,127.3348,HDFC_Top100_Direct,125497
29-12-2022,127.0211,HDFC_Top100_Direct,125497
28-12-2022,126.6449,HDFC_Top100_Direct,125497
27-12-2022,126.32,HDFC_Top100_Direct,125497
26-12-2022,125.3049,HDFC_Top100_Direct,125497
23-12-2022,122.5751,HDFC_Top100_Direct,125497
22-12-2022,125.9663,HDFC_Top100_Direct,125497
21-12-2022,128.1564,HDFC_Top100_Direct,125497
20-12-2022,130.2814,HDFC_Top100_Direct,125497
19-12-2022,129.9222,HDFC_Top100_Direct,125497
16-12-2022,129.8891,HDFC_Top100_Direct,125497
15-12-2022,130.9591,HDFC_Top100_Direct,125497
14-12-2022,131.9951,HDFC_Top100_Direct,125497
13-12-2022,131.0784,HDFC_Top100_Direct,125497
12-12-2022,130.6256,HDFC_Top100_Direct,125497
09-12-2022,130.5903,HDFC_Top100_Direct,125497
08-12-2022,131.3288,HDFC_Top100_Direct,125497
07-12-2022,130.6184,HDFC_Top100_Direct,125497
06-12-2022,130.9286,HDFC_Top100_Direct,125497
05-12-2022,131.0408,HDFC_Top100_Direct,125497
02-12-2022,130.6855,HDFC_Top100_Direct,125497
01-12-2022,130.2758,HDFC_Top100_Direct,125497
30-11-2022,129.5097,HDFC_Top100_Direct,125497
29-11-2022,128.544,HDFC_Top100_Direct,125497
28-11-2022,129.0166,HDFC_Top100_Direct,125497
25-11-2022,128.5562,HDFC_Top100_Direct,125497
24-11-2022,128.2567,HDFC_Top100_Direct,125497
23-11-2022,127.7493,HDFC_Top100_Direct,125497
22-11-2022,127.4269,HDFC_Top100_Direct,125497
21-11-2022,127.6535,HDFC_Top100_Direct,125497
18-11-2022,127.4022,HDFC_Top100_Direct,125497
17-11-2022,128.0744,HDFC_Top100_Direct,125497
16-11-2022,128.1135,HDFC_Top100_Direct,125497
15-11-2022,127.4028,HDFC_Top100_Direct,125497
14-11-2022,127.4932,HDFC_Top100_Direct,125497
11-11-2022,127.747,HDFC_Top100_Direct,125497
10-11-2022,127.722,HDFC_Top100_Direct,125497
09-11-2022,128.443,HDFC_Top100_Direct,125497
07-11-2022,128.9903,HDFC_Top100_Direct,125497
04-11-2022,128.615,HDFC_Top100_Direct,125497
03-11-2022,128.4345,HDFC_Top100_Direct,125497
02-11-2022,128.4568,HDFC_Top100_Direct,125497
01-11-2022,127.8603,HDFC_Top100_Direct,125497
31-10-2022,127.6411,HDFC_Top100_Direct,125497
28-10-2022,127.8495,HDFC_Top100_Direct,125497
27-10-2022,128.5742,HDFC_Top100_Direct,125497
25-10-2022,128.1443,HDFC_Top100_Direct,125497
21-10-2022,127.685,HDFC_Top100_Direct,125497
20-10-2022,128.7159,HDFC_Top100_Direct,125497
19-10-2022,128.6649,HDFC_Top100_Direct,125497
18-10-2022,128.0846,HDFC_Top100_Direct,125497
17-10-2022,127.4936,HDFC_Top100_Direct,125497
14-10-2022,127.3371,HDFC_Top100_Direct,125497
13-10-2022,127.0832,HDFC_Top100_Direct,125497
12-10-2022,127.8117,HDFC_Top100_Direct,125497
11-10-2022,127.5503,HDFC_Top100_Direct,125497
10-10-2022,128.2879,HDFC_Top100_Direct,125497
07-10-2022,129.3889,HDFC_Top100_Direct,125497
06-10-2022,128.8844,HDFC_Top100_Direct,125497
04-10-2022,128.2436,HDFC_Top100_Direct,125497
03-10-2022,127.1351,HDFC_Top100_Direct,125497
30-09-2022,126.7384,HDFC_Top100_Direct,125497
29-09-2022,125.2023,HDFC_Top100_Direct,125497
28-09-2022,124.4319,HDFC_Top100_Direct,125497
27-09-2022,124.6406,HDFC_Top100_Direct,125497
26-09-2022,123.8437,HDFC_Top100_Direct,125497
23-09-2022,126.9671,HDFC_Top100_Direct,125497
22-09-2022,128.606,HDFC_Top100_Direct,125497
21-09-2022,128.623,HDFC_Top100_Direct,125497
20-09-2022,128.8983,HDFC_Top100_Direct,125497
19-09-2022,127.8166,HDFC_Top100_Direct,125497
16-09-2022,128.0029,HDFC_Top100_Direct,125497
15-09-2022,130.8477,HDFC_Top100_Direct,125497
14-09-2022,131.5105,HDFC_Top100_Direct,125497
13-09-2022,130.9984,HDFC_Top100_Direct,125497
12-09-2022,131.2711,HDFC_Top100_Direct,125497
09-09-2022,130.1662,HDFC_Top100_Direct,125497
08-09-2022,129.8388,HDFC_Top100_Direct,125497
07-09-2022,128.9903,HDFC_Top100_Direct,125497
06-09-2022,127.812,HDFC_Top100_Direct,125497
05-09-2022,126.9883,HDFC_Top100_Direct,125497
02-09-2022,126.1091,HDFC_Top100_Direct,125497
01-09-2022,124.8265,HDFC_Top100_Direct,125497
30-08-2022,124.7127,HDFC_Top100_Direct,125497
29-08-2022,123.2418,HDFC_Top100_Direct,125497
26-08-2022,123.6562,HDFC_Top100_Direct,125497
25-08-2022,123.2572,HDFC_Top100_Direct,125497
24-08-2022,122.9131,HDFC_Top100_Direct,125497
23-08-2022,122.1378,HDFC_Top100_Direct,125497
22-08-2022,121.1594,HDFC_Top100_Direct,125497
19-08-2022,121.8963,HDFC_Top100_Direct,125497
18-08-2022,123.1031,HDFC_Top100_Direct,125497
17-08-2022,122.7003,HDFC_Top100_Direct,125497
16-08-2022,122.5798,HDFC_Top100_Direct,125497
12-08-2022,122.1465,HDFC_Top100_Direct,125497
11-08-2022,122.0436,HDFC_Top100_Direct,125497
10-08-2022,121.7895,HDFC_Top100_Direct,125497
08-08-2022,120.8529,HDFC_Top100_Direct,125497
05-08-2022,119.5001,HDFC_Top100_Direct,125497
04-08-2022,119.5351,HDFC_Top100_Direct,125497
03-08-2022,119.3671,HDFC_Top100_Direct,125497
02-08-2022,119.6709,HDFC_Top100_Direct,125497
01-08-2022,118.4285,HDFC_Top100_Direct,125497
29-07-2022,115.8262,HDFC_Top100_Direct,125497
28-07-2022,115.4212,HDFC_Top100_Direct,125497
27-07-2022,114.2238,HDFC_Top100_Direct,125497
26-07-2022,113.9363,HDFC_Top100_Direct,125497
25-07-2022,114.3251,HDFC_Top100_Direct,125497
22-07-2022,114.09,HDFC_Top100_Direct,125497
21-07-2022,113.4094,HDFC_Top100_Direct,125497
20-07-2022,112.9868,HDFC_Top100_Direct,125497
19-07-2022,112.8046,HDFC_Top100_Direct,125497
18-07-2022,111.9322,HDFC_Top100_Direct,125497
15-07-2022,111.1987,HDFC_Top100_Direct,125497
14-07-2022,110.5523,HDFC_Top100_Direct,125497
13-07-2022,110.6876,HDFC_Top100_Direct,125497
12-07-2022,110.5217,HDFC_Top100_Direct,125497
11-07-2022,111.3735,HDFC_Top100_Direct,125497
08-07-2022,110.3205,HDFC_Top100_Direct,125497
07-07-2022,110.0959,HDFC_Top100_Direct,125497
06-07-2022,109.4531,HDFC_Top100_Direct,125497
05-07-2022,108.9019,HDFC_Top100_Direct,125497
04-07-2022,108.086,HDFC_Top100_Direct,125497
01-07-2022,107.2511,HDFC_Top100_Direct,125497
30-06-2022,107.3447,HDFC_Top100_Direct,125497
29-06-2022,107.5298,HDFC_Top100_Direct,125497
28-06-2022,107.8457,HDFC_Top100_Direct,125497
27-06-2022,107.743,HDFC_Top100_Direct,125497
24-06-2022,106.563,HDFC_Top100_Direct,125497
23-06-2022,105.5826,HDFC_Top100_Direct,125497
22-06-2022,104.2718,HDFC_Top100_Direct,125497
21-06-2022,104.8701,HDFC_Top100_Direct,125497
20-06-2022,103.2049,HDFC_Top100_Direct,125497
17-06-2022,104.8911,HDFC_Top100_Direct,125497
16-06-2022,105.836,HDFC_Top100_Direct,125497
15-06-2022,107.9569,HDFC_Top100_Direct,125497
14-06-2022,107.7655,HDFC_Top100_Direct,125497
13-06-2022,108.1973,HDFC_Top100_Direct,125497
10-06-2022,110.3611,HDFC_Top100_Direct,125497
09-06-2022,110.773,HDFC_Top100_Direct,125497
08-06-2022,110.696,HDFC_Top100_Direct,125497
07-06-2022,110.8741,HDFC_Top100_Direct,125497
06-06-2022,111.468,HDFC_Top100_Direct,125497
03-06-2022,111.6854,HDFC_Top100_Direct,125497
02-06-2022,113.0447,HDFC_Top100_Direct,125497
01-06-2022,113.0469,HDFC_Top100_Direct,125497
31-05-2022,111.3985,HDFC_Top100_Direct,125497
30-05-2022,110.8854,HDFC_Top100_Direct,125497
27-05-2022,109.1239,HDFC_Top100_Direct,125497
26-05-2022,109.0641,HDFC_Top100_Direct,125497
25-05-2022,108.4736,HDFC_Top100_Direct,125497
24-05-2022,110.3592,HDFC_Top100_Direct,125497
23-05-2022,110.7194,HDFC_Top100_Direct,125497
20-05-2022,110.5206,HDFC_Top100_Direct,125497
19-05-2022,109.1737,HDFC_Top100_Direct,125497
18-05-2022,110.4242,HDFC_Top100_Direct,125497
17-05-2022,110.5126,HDFC_Top100_Direct,125497
16-05-2022,108.381,HDFC_Top100_Direct,125497
13-05-2022,107.0481,HDFC_Top100_Direct,125497
12-05-2022,106.8265,HDFC_Top100_Direct,125497
11-05-2022,108.1924,HDFC_Top100_Direct,125497
10-05-2022,109.6278,HDFC_Top100_Direct,125497
09-05-2022,111.1072,HDFC_Top100_Direct,125497
06-05-2022,111.917,HDFC_Top100_Direct,125497
05-05-2022,113.3928,HDFC_Top100_Direct,125497
04-05-2022,113.5479,HDFC_Top100_Direct,125497
02-05-2022,115.6675,HDFC_Top100_Direct,125497
29-04-2022,116.4371,HDFC_Top100_Direct,125497
28-04-2022,117.2654,HDFC_Top100_Direct,125497
27-04-2022,116.3239,HDFC_Top100_Direct,125497
26-04-2022,116.5381,HDFC_Top100_Direct,125497
25-04-2022,115.7364,HDFC_Top100_Direct,125497
22-04-2022,116.9877,HDFC_Top100_Direct,125497
21-04-2022,117.0681,HDFC_Top100_Direct,125497
20-04-2022,116.0793,HDFC_Top100_Direct,125497
19-04-2022,116.0671,HDFC_Top100_Direct,125497
18-04-2022,117.0086,HDFC_Top100_Direct,125497
13-04-2022,117.5522,HDFC_Top100_Direct,125497
12-04-2022,117.6272,HDFC_Top100_Direct,125497
11-04-2022,118.7434,HDFC_Top100_Direct,125497
08-04-2022,118.159,HDFC_Top100_Direct,125497
07-04-2022,117.3808,HDFC_Top100_Direct,125497
06-04-2022,117.9615,HDFC_Top100_Direct,125497
05-04-2022,117.6729,HDFC_Top100_Direct,125497
04-04-2022,116.1819,HDFC_Top100_Direct,125497
01-04-2022,114.8655,HDFC_Top100_Direct,125497
31-03-2022,113.3881,HDFC_Top100_Direct,125497
30-03-2022,113.3938,HDFC_Top100_Direct,125497
29-03-2022,112.833,HDFC_Top100_Direct,125497
28-03-2022,111.3773,HDFC_Top100_Direct,125497
25-03-2022,111.8414,HDFC_Top100_Direct,125497
24-03-2022,112.129,HDFC_Top100_Direct,125497
23-03-2022,112.0594,HDFC_Top100_Direct,125497
22-03-2022,111.8136,HDFC_Top100_Direct,125497
21-03-2022,111.8034,HDFC_Top100_Direct,125497
17-03-2022,112.1278,HDFC_Top100_Direct,125497
16-03-2022,111.4996,HDFC_Top100_Direct,125497
15-03-2022,110.7915,HDFC_Top100_Direct,125497
14-03-2022,111.3776,HDFC_Top100_Direct,125497
11-03-2022,110.3959,HDFC_Top100_Direct,125497
10-03-2022,109.8399,HDFC_Top100_Direct,125497
09-03-2022,108.7536,HDFC_Top100_Direct,125497
08-03-2022,107.1074,HDFC_Top100_Direct,125497
07-03-2022,106.6562,HDFC_Top100_Direct,125497
04-03-2022,108.4432,HDFC_Top100_Direct,125497
03-03-2022,109.9523,HDFC_Top100_Direct,125497
02-03-2022,109.7898,HDFC_Top100_Direct,125497
28-02-2022,109.8735,HDFC_Top100_Direct,125497
25-02-2022,109.1447,HDFC_Top100_Direct,125497
24-02-2022,105.5919,HDFC_Top100_Direct,125497
23-02-2022,109.8892,HDFC_Top100_Direct,125497
22-02-2022,109.2415,HDFC_Top100_Direct,125497
21-02-2022,110.5555,HDFC_Top100_Direct,125497
18-02-2022,112.6163,HDFC_Top100_Direct,125497
17-02-2022,113.0094,HDFC_Top100_Direct,125497
16-02-2022,113.4702,HDFC_Top100_Direct,125497
15-02-2022,112.2859,HDFC_Top100_Direct,125497
14-02-2022,111.1649,HDFC_Top100_Direct,125497
11-02-2022,114.5805,HDFC_Top100_Direct,125497
10-02-2022,116.361,HDFC_Top100_Direct,125497
09-02-2022,116.6628,HDFC_Top100_Direct,125497
08-02-2022,116.9897,HDFC_Top100_Direct,125497
07-02-2022,118.1213,HDFC_Top100_Direct,125497
04-02-2022,118.1779,HDFC_Top100_Direct,125497
03-02-2022,117.9384,HDFC_Top100_Direct,125497
02-02-2022,118.2925,HDFC_Top100_Direct,125497
01-02-2022,116.8615,HDFC_Top100_Direct,125497
31-01-2022,115.1383,HDFC_Top100_Direct,125497
28-01-2022,113.7542,HDFC_Top100_Direct,125497
27-01-2022,113.4644,HDFC_Top100_Direct,125497
25-01-2022,114.9265,HDFC_Top100_Direct,125497
24-01-2022,113.8388,HDFC_Top100_Direct,125497
21-01-2022,118.8871,HDFC_Top100_Direct,125497
20-01-2022,120.1311,HDFC_Top100_Direct,125497
19-01-2022,120.1682,HDFC_Top100_Direct,125497
18-01-2022,120.3738,HDFC_Top100_Direct,125497
17-01-2022,121.889,HDFC_Top100_Direct,125497
14-01-2022,121.5144,HDFC_Top100_Direct,125497
13-01-2022,120.6145,HDFC_Top100_Direct,125497
12-01-2022,120.503,HDFC_Top100_Direct,125497
11-01-2022,119.2122,HDFC_Top100_Direct,125497
10-01-2022,119.259,HDFC_Top100_Direct,125497
07-01-2022,118.0578,HDFC_Top100_Direct,125497
06-01-2022,118.078,HDFC_Top100_Direct,125497
05-01-2022,117.8449,HDFC_Top100_Direct,125497
04-01-2022,117.9937,HDFC_Top100_Direct,125497
03-01-2022,117.8295,HDFC_Top100_Direct,125497
31-12-2021,116.5135,HDFC_Top100_Direct,125497
30-12-2021,115.0392,HDFC_Top100_Direct,125497
29-12-2021,115.107,HDFC_Top100_Direct,125497
28-12-2021,114.187,HDFC_Top100_Direct,125497
27-12-2021,113.1013,HDFC_Top100_Direct,125497
24-12-2021,113.0034,HDFC_Top100_Direct,125497
23-12-2021,114.0603,HDFC_Top100_Direct,125497
22-12-2021,113.5008,HDFC_Top100_Direct,125497
21-12-2021,112.1347,HDFC_Top100_Direct,125497
20-12-2021,111.4291,HDFC_Top100_Direct,125497
17-12-2021,114.4182,HDFC_Top100_Direct,125497
16-12-2021,115.5621,HDFC_Top100_Direct,125497
15-12-2021,116.7334,HDFC_Top100_Direct,125497
14-12-2021,116.5661,HDFC_Top100_Direct,125497
13-12-2021,116.6731,HDFC_Top100_Direct,125497
10-12-2021,117.0295,HDFC_Top100_Direct,125497
09-12-2021,116.4189,HDFC_Top100_Direct,125497
08-12-2021,115.9955,HDFC_Top100_Direct,125497
07-12-2021,115.5693,HDFC_Top100_Direct,125497
06-12-2021,114.2375,HDFC_Top100_Direct,125497
03-12-2021,115.4989,HDFC_Top100_Direct,125497
02-12-2021,115.1803,HDFC_Top100_Direct,125497
01-12-2021,114.5225,HDFC_Top100_Direct,125497
30-11-2021,114.6061,HDFC_Top100_Direct,125497
29-11-2021,112.0406,HDFC_Top100_Direct,125497
26-11-2021,113.7581,HDFC_Top100_Direct,125497
25-11-2021,117.3365,HDFC_Top100_Direct,125497
24-11-2021,116.9382,HDFC_Top100_Direct,125497
23-11-2021,115.7625,HDFC_Top100_Direct,125497
22-11-2021,114.5634,HDFC_Top100_Direct,125497
18-11-2021,116.9958,HDFC_Top100_Direct,125497
17-11-2021,118.1513,HDFC_Top100_Direct,125497
16-11-2021,118.6213,HDFC_Top100_Direct,125497
15-11-2021,119.239,HDFC_Top100_Direct,125497
12-11-2021,119.2912,HDFC_Top100_Direct,125497
11-11-2021,118.4235,HDFC_Top100_Direct,125497
10-11-2021,117.9059,HDFC_Top100_Direct,125497
09-11-2021,117.9077,HDFC_Top100_Direct,125497
08-11-2021,117.3055,HDFC_Top100_Direct,125497
03-11-2021,115.5222,HDFC_Top100_Direct,125497
02-11-2021,115.5178,HDFC_Top100_Direct,125497
01-11-2021,114.2579,HDFC_Top100_Direct,125497
29-10-2021,113.6715,HDFC_Top100_Direct,125497
28-10-2021,113.475,HDFC_Top100_Direct,125497
27-10-2021,114.1178,HDFC_Top100_Direct,125497
26-10-2021,113.5163,HDFC_Top100_Direct,125497
25-10-2021,111.9962,HDFC_Top100_Direct,125497
22-10-2021,113.4348,HDFC_Top100_Direct,125497
21-10-2021,113.8861,HDFC_Top100_Direct,125497
20-10-2021,113.4912,HDFC_Top100_Direct,125497
19-10-2021,116.2545,HDFC_Top100_Direct,125497
18-10-2021,117.5222,HDFC_Top100_Direct,125497
14-10-2021,116.6919,HDFC_Top100_Direct,125497
13-10-2021,116.4436,HDFC_Top100_Direct,125497
12-10-2021,115.2274,HDFC_Top100_Direct,125497
11-10-2021,115.1336,HDFC_Top100_Direct,125497
08-10-2021,114.3972,HDFC_Top100_Direct,125497
07-10-2021,113.9512,HDFC_Top100_Direct,125497
06-10-2021,112.5383,HDFC_Top100_Direct,125497
05-10-2021,112.8715,HDFC_Top100_Direct,125497
04-10-2021,112.8335,HDFC_Top100_Direct,125497
01-10-2021,110.9385,HDFC_Top100_Direct,125497
30-09-2021,110.1672,HDFC_Top100_Direct,125497
29-09-2021,109.4882,HDFC_Top100_Direct,125497
28-09-2021,109.4454,HDFC_Top100_Direct,125497
27-09-2021,109.313,HDFC_Top100_Direct,125497
24-09-2021,109.5436,HDFC_Top100_Direct,125497
23-09-2021,110.2011,HDFC_Top100_Direct,125497
22-09-2021,109.0144,HDFC_Top100_Direct,125497
21-09-2021,107.9811,HDFC_Top100_Direct,125497
20-09-2021,107.5332,HDFC_Top100_Direct,125497
17-09-2021,109.0842,HDFC_Top100_Direct,125497
16-09-2021,110.188,HDFC_Top100_Direct,125497
15-09-2021,110.3295,HDFC_Top100_Direct,125497
14-09-2021,109.5639,HDFC_Top100_Direct,125497
13-09-2021,108.3557,HDFC_Top100_Direct,125497
09-09-2021,108.1289,HDFC_Top100_Direct,125497
08-09-2021,107.1416,HDFC_Top100_Direct,125497
07-09-2021,106.9263,HDFC_Top100_Direct,125497
06-09-2021,107.1149,HDFC_Top100_Direct,125497
03-09-2021,106.5171,HDFC_Top100_Direct,125497
02-09-2021,106.4916,HDFC_Top100_Direct,125497
01-09-2021,105.6616,HDFC_Top100_Direct,125497
31-08-2021,105.6214,HDFC_Top100_Direct,125497
30-08-2021,104.648,HDFC_Top100_Direct,125497
27-08-2021,102.8137,HDFC_Top100_Direct,125497
26-08-2021,102.162,HDFC_Top100_Direct,125497
25-08-2021,101.532,HDFC_Top100_Direct,125497
24-08-2021,101.0715,HDFC_Top100_Direct,125497
23-08-2021,100.065,HDFC_Top100_Direct,125497
20-08-2021,101.3154,HDFC_Top100_Direct,125497
18-08-2021,102.7792,HDFC_Top100_Direct,125497
17-08-2021,102.9948,HDFC_Top100_Direct,125497
16-08-2021,102.6818,HDFC_Top100_Direct,125497
13-08-2021,103.1156,HDFC_Top100_Direct,125497
12-08-2021,102.8351,HDFC_Top100_Direct,125497
11-08-2021,101.5778,HDFC_Top100_Direct,125497
10-08-2021,102.739,HDFC_Top100_Direct,125497
09-08-2021,104.2697,HDFC_Top100_Direct,125497
06-08-2021,104.8069,HDFC_Top100_Direct,125497
05-08-2021,104.998,HDFC_Top100_Direct,125497
04-08-2021,105.4579,HDFC_Top100_Direct,125497
03-08-2021,106.3929,HDFC_Top100_Direct,125497
02-08-2021,106.1017,HDFC_Top100_Direct,125497
30-07-2021,105.3714,HDFC_Top100_Direct,125497
29-07-2021,104.8903,HDFC_Top100_Direct,125497
28-07-2021,103.617,HDFC_Top100_Direct,125497
27-07-2021,103.8914,HDFC_Top100_Direct,125497
26-07-2021,104.4083,HDFC_Top100_Direct,125497
23-07-2021,104.3972,HDFC_Top100_Direct,125497
22-07-2021,104.1531,HDFC_Top100_Direct,125497
20-07-2021,103.3603,HDFC_Top100_Direct,125497
19-07-2021,104.8046,HDFC_Top100_Direct,125497
16-07-2021,104.9914,HDFC_Top100_Direct,125497
15-07-2021,105.0695,HDFC_Top100_Direct,125497
14-07-2021,105.2564,HDFC_Top100_Direct,125497
13-07-2021,104.6746,HDFC_Top100_Direct,125497
12-07-2021,104.1041,HDFC_Top100_Direct,125497
09-07-2021,103.1664,HDFC_Top100_Direct,125497
08-07-2021,103.0963,HDFC_Top100_Direct,125497
07-07-2021,103.5981,HDFC_Top100_Direct,125497
06-07-2021,102.8988,HDFC_Top100_Direct,125497
05-07-2021,102.4792,HDFC_Top100_Direct,125497
02-07-2021,101.8067,HDFC_Top100_Direct,125497
01-07-2021,101.142,HDFC_Top100_Direct,125497
30-06-2021,100.9756,HDFC_Top100_Direct,125497
29-06-2021,100.5042,HDFC_Top100_Direct,125497
28-06-2021,100.7862,HDFC_Top100_Direct,125497
25-06-2021,100.1155,HDFC_Top100_Direct,125497
24-06-2021,99.7729,HDFC_Top100_Direct,125497
23-06-2021,99.71,HDFC_Top100_Direct,125497
22-06-2021,99.366,HDFC_Top100_Direct,125497
21-06-2021,98.8195,HDFC_Top100_Direct,125497
18-06-2021,98.4344,HDFC_Top100_Direct,125497
17-06-2021,98.6026,HDFC_Top100_Direct,125497
16-06-2021,99.1338,HDFC_Top100_Direct,125497
15-06-2021,99.6014,HDFC_Top100_Direct,125497
14-06-2021,99.2339,HDFC_Top100_Direct,125497
11-06-2021,99.8345,HDFC_Top100_Direct,125497
10-06-2021,99.9654,HDFC_Top100_Direct,125497
09-06-2021,99.0036,HDFC_Top100_Direct,125497
08-06-2021,100.1122,HDFC_Top100_Direct,125497
07-06-2021,99.9491,HDFC_Top100_Direct,125497
04-06-2021,98.8539,HDFC_Top100_Direct,125497
03-06-2021,98.125,HDFC_Top100_Direct,125497
02-06-2021,98.0796,HDFC_Top100_Direct,125497
01-06-2021,97.2044,HDFC_Top100_Direct,125497
31-05-2021,97.38,HDFC_Top100_Direct,125497
28-05-2021,97.2483,HDFC_Top100_Direct,125497
27-05-2021,97.9063,HDFC_Top100_Direct,125497
26-05-2021,97.3437,HDFC_Top100_Direct,125497
25-05-2021,96.8992,HDFC_Top100_Direct,125497
24-05-2021,96.0305,HDFC_Top100_Direct,125497
21-05-2021,95.3914,HDFC_Top100_Direct,125497
20-05-2021,95.0316,HDFC_Top100_Direct,125497
19-05-2021,94.7558,HDFC_Top100_Direct,125497
18-05-2021,93.9225,HDFC_Top100_Direct,125497
17-05-2021,92.9585,HDFC_Top100_Direct,125497
14-05-2021,92.2765,HDFC_Top100_Direct,125497
12-05-2021,92.9124,HDFC_Top100_Direct,125497
11-05-2021,93.5737,HDFC_Top100_Direct,125497
10-05-2021,92.846,HDFC_Top100_Direct,125497
07-05-2021,92.2135,HDFC_Top100_Direct,125497
06-05-2021,92.1186,HDFC_Top100_Direct,125497
05-05-2021,92.0577,HDFC_Top100_Direct,125497
04-05-2021,91.3626,HDFC_Top100_Direct,125497
03-05-2021,91.3828,HDFC_Top100_Direct,125497
30-04-2021,90.4752,HDFC_Top100_Direct,125497
29-04-2021,90.6173,HDFC_Top100_Direct,125497
28-04-2021,90.332,HDFC_Top100_Direct,125497
27-04-2021,89.5712,HDFC_Top100_Direct,125497
26-04-2021,88.5558,HDFC_Top100_Direct,125497
23-04-2021,87.9149,HDFC_Top100_Direct,125497
22-04-2021,87.767,HDFC_Top100_Direct,125497
20-04-2021,87.1948,HDFC_Top100_Direct,125497
19-04-2021,86.7783,HDFC_Top100_Direct,125497
16-04-2021,87.3888,HDFC_Top100_Direct,125497
15-04-2021,87.1259,HDFC_Top100_Direct,125497
13-04-2021,86.9516,HDFC_Top100_Direct,125497
12-04-2021,86.272,HDFC_Top100_Direct,125497
09-04-2021,90.0091,HDFC_Top100_Direct,125497
08-04-2021,89.9964,HDFC_Top100_Direct,125497
07-04-2021,88.9063,HDFC_Top100_Direct,125497
06-04-2021,88.3419,HDFC_Top100_Direct,125497
05-04-2021,87.5976,HDFC_Top100_Direct,125497
01-04-2021,88.4903,HDFC_Top100_Direct,125497
31-03-2021,87.4737,HDFC_Top100_Direct,125497
30-03-2021,86.6977,HDFC_Top100_Direct,125497
26-03-2021,85.5087,HDFC_Top100_Direct,125497
25-03-2021,84.6698,HDFC_Top100_Direct,125497
24-03-2021,86.1717,HDFC_Top100_Direct,125497
23-03-2021,87.5212,HDFC_Top100_Direct,125497
22-03-2021,86.4156,HDFC_Top100_Direct,125497
19-03-2021,85.7498,HDFC_Top100_Direct,125497
18-03-2021,86.0465,HDFC_Top100_Direct,125497
17-03-2021,87.2732,HDFC_Top100_Direct,125497
16-03-2021,88.5682,HDFC_Top100_Direct,125497
15-03-2021,88.5963,HDFC_Top100_Direct,125497
12-03-2021,88.9315,HDFC_Top100_Direct,125497
10-03-2021,88.6966,HDFC_Top100_Direct,125497
09-03-2021,88.3161,HDFC_Top100_Direct,125497
08-03-2021,88.5876,HDFC_Top100_Direct,125497
05-03-2021,88.2252,HDFC_Top100_Direct,125497
04-03-2021,88.9623,HDFC_Top100_Direct,125497
03-03-2021,88.4923,HDFC_Top100_Direct,125497
02-03-2021,87.7662,HDFC_Top100_Direct,125497
01-03-2021,86.8947,HDFC_Top100_Direct,125497
26-02-2021,85.7878,HDFC_Top100_Direct,125497
25-02-2021,86.3588,HDFC_Top100_Direct,125497
24-02-2021,84.7936,HDFC_Top100_Direct,125497
23-02-2021,84.0135,HDFC_Top100_Direct,125497
22-02-2021,83.6608,HDFC_Top100_Direct,125497
19-02-2021,84.9273,HDFC_Top100_Direct,125497
18-02-2021,85.5317,HDFC_Top100_Direct,125497
17-02-2021,84.8193,HDFC_Top100_Direct,125497
16-02-2021,84.5871,HDFC_Top100_Direct,125497
15-02-2021,85.0276,HDFC_Top100_Direct,125497
12-02-2021,84.5864,HDFC_Top100_Direct,125497
11-02-2021,84.1694,HDFC_Top100_Direct,125497
10-02-2021,83.3864,HDFC_Top100_Direct,125497
09-02-2021,83.1303,HDFC_Top100_Direct,125497
08-02-2021,83.4924,HDFC_Top100_Direct,125497
05-02-2021,82.6153,HDFC_Top100_Direct,125497
04-02-2021,82.4453,HDFC_Top100_Direct,125497
03-02-2021,81.6538,HDFC_Top100_Direct,125497
02-02-2021,80.6225,HDFC_Top100_Direct,125497
01-02-2021,79.4344,HDFC_Top100_Direct,125497
29-01-2021,77.8537,HDFC_Top100_Direct,125497
28-01-2021,77.7009,HDFC_Top100_Direct,125497
27-01-2021,78.2494,HDFC_Top100_Direct,125497
25-01-2021,78.9867,HDFC_Top100_Direct,125497
22-01-2021,79.6084,HDFC_Top100_Direct,125497
21-01-2021,80.5094,HDFC_Top100_Direct,125497
20-01-2021,80.6259,HDFC_Top100_Direct,125497
19-01-2021,80.6173,HDFC_Top100_Direct,125497
18-01-2021,79.4401,HDFC_Top100_Direct,125497
15-01-2021,80.5302,HDFC_Top100_Direct,125497
14-01-2021,81.0944,HDFC_Top100_Direct,125497
13-01-2021,81.6065,HDFC_Top100_Direct,125497
12-01-2021,81.9853,HDFC_Top100_Direct,125497
11-01-2021,82.0949,HDFC_Top100_Direct,125497
08-01-2021,82.4047,HDFC_Top100_Direct,125497
07-01-2021,81.8689,HDFC_Top100_Direct,125497
06-01-2021,80.8795,HDFC_Top100_Direct,125497
05-01-2021,80.6897,HDFC_Top100_Direct,125497
04-01-2021,79.9178,HDFC_Top100_Direct,125497
01-01-2021,78.961,HDFC_Top100_Direct,125497
31-12-2020,78.1396,HDFC_Top100_Direct,125497
30-12-2020,78.1608,HDFC_Top100_Direct,125497
29-12-2020,77.9378,HDFC_Top100_Direct,125497
28-12-2020,77.201,HDFC_Top100_Direct,125497
24-12-2020,76.2652,HDFC_Top100_Direct,125497
23-12-2020,75.995,HDFC_Top100_Direct,125497
22-12-2020,74.4438,HDFC_Top100_Direct,125497
21-12-2020,74.3431,HDFC_Top100_Direct,125497
18-12-2020,76.6351,HDFC_Top100_Direct,125497
17-12-2020,76.9464,HDFC_Top100_Direct,125497
16-12-2020,77.1352,HDFC_Top100_Direct,125497
15-12-2020,76.8527,HDFC_Top100_Direct,125497
14-12-2020,76.7302,HDFC_Top100_Direct,125497
11-12-2020,76.1897,HDFC_Top100_Direct,125497
10-12-2020,76.0258,HDFC_Top100_Direct,125497
09-12-2020,76.3633,HDFC_Top100_Direct,125497
08-12-2020,76.0347,HDFC_Top100_Direct,125497
07-12-2020,76.2757,HDFC_Top100_Direct,125497
04-12-2020,75.2531,HDFC_Top100_Direct,125497
03-12-2020,74.5188,HDFC_Top100_Direct,125497
02-12-2020,74.0961,HDFC_Top100_Direct,125497
01-12-2020,73.9151,HDFC_Top100_Direct,125497
27-11-2020,73.1105,HDFC_Top100_Direct,125497
26-11-2020,71.4394,HDFC_Top100_Direct,125497
25-11-2020,71.2859,HDFC_Top100_Direct,125497
24-11-2020,72.0394,HDFC_Top100_Direct,125497
23-11-2020,71.3108,HDFC_Top100_Direct,125497
20-11-2020,70.6897,HDFC_Top100_Direct,125497
19-11-2020,70.3257,HDFC_Top100_Direct,125497
18-11-2020,70.0787,HDFC_Top100_Direct,125497
17-11-2020,69.2585,HDFC_Top100_Direct,125497
13-11-2020,67.8975,HDFC_Top100_Direct,125497
12-11-2020,67.0874,HDFC_Top100_Direct,125497
11-11-2020,66.6685,HDFC_Top100_Direct,125497
10-11-2020,66.4961,HDFC_Top100_Direct,125497
09-11-2020,66.5707,HDFC_Top100_Direct,125497
06-11-2020,65.761,HDFC_Top100_Direct,125497
05-11-2020,65.3632,HDFC_Top100_Direct,125497
04-11-2020,64.6703,HDFC_Top100_Direct,125497
03-11-2020,64.2757,HDFC_Top100_Direct,125497
02-11-2020,63.9582,HDFC_Top100_Direct,125497
30-10-2020,64.0422,HDFC_Top100_Direct,125497
29-10-2020,63.8738,HDFC_Top100_Direct,125497
28-10-2020,64.1264,HDFC_Top100_Direct,125497
27-10-2020,64.2905,HDFC_Top100_Direct,125497
26-10-2020,64.1467,HDFC_Top100_Direct,125497
23-10-2020,64.4167,HDFC_Top100_Direct,125497
22-10-2020,63.9264,HDFC_Top100_Direct,125497
21-10-2020,63.7626,HDFC_Top100_Direct,125497
20-10-2020,63.7148,HDFC_Top100_Direct,125497
19-10-2020,63.7933,HDFC_Top100_Direct,125497
16-10-2020,63.2883,HDFC_Top100_Direct,125497
15-10-2020,62.5586,HDFC_Top100_Direct,125497
14-10-2020,63.4637,HDFC_Top100_Direct,125497
13-10-2020,62.8658,HDFC_Top100_Direct,125497
12-10-2020,62.7597,HDFC_Top100_Direct,125497
09-10-2020,63.2906,HDFC_Top100_Direct,125497
08-10-2020,63.4817,HDFC_Top100_Direct,125497
07-10-2020,64.1025,HDFC_Top100_Direct,125497
06-10-2020,64.2617,HDFC_Top100_Direct,125497
05-10-2020,64.3535,HDFC_Top100_Direct,125497
01-10-2020,64.1093,HDFC_Top100_Direct,125497
30-09-2020,63.8023,HDFC_Top100_Direct,125497
29-09-2020,63.6305,HDFC_Top100_Direct,125497
28-09-2020,63.5663,HDFC_Top100_Direct,125497
25-09-2020,62.4845,HDFC_Top100_Direct,125497
24-09-2020,61.6467,HDFC_Top100_Direct,125497
23-09-2020,62.7063,HDFC_Top100_Direct,125497
22-09-2020,62.8153,HDFC_Top100_Direct,125497
21-09-2020,63.9585,HDFC_Top100_Direct,125497
18-09-2020,65.7147,HDFC_Top100_Direct,125497
17-09-2020,66.2742,HDFC_Top100_Direct,125497
16-09-2020,66.7009,HDFC_Top100_Direct,125497
15-09-2020,66.5188,HDFC_Top100_Direct,125497
14-09-2020,65.8331,HDFC_Top100_Direct,125497
11-09-2020,62.9364,HDFC_Top100_Direct,125497
10-09-2020,62.9838,HDFC_Top100_Direct,125497
09-09-2020,61.9976,HDFC_Top100_Direct,125497
08-09-2020,62.6925,HDFC_Top100_Direct,125497
07-09-2020,63.1455,HDFC_Top100_Direct,125497
04-09-2020,63.0449,HDFC_Top100_Direct,125497
03-09-2020,63.6277,HDFC_Top100_Direct,125497
02-09-2020,63.5433,HDFC_Top100_Direct,125497
01-09-2020,62.3265,HDFC_Top100_Direct,125497
31-08-2020,62.3588,HDFC_Top100_Direct,125497
28-08-2020,65.0345,HDFC_Top100_Direct,125497
27-08-2020,65.0304,HDFC_Top100_Direct,125497
26-08-2020,64.6439,HDFC_Top100_Direct,125497
25-08-2020,64.2012,HDFC_Top100_Direct,125497
24-08-2020,64.2166,HDFC_Top100_Direct,125497
21-08-2020,63.2056,HDFC_Top100_Direct,125497
20-08-2020,62.3087,HDFC_Top100_Direct,125497
19-08-2020,61.7767,HDFC_Top100_Direct,125497
18-08-2020,61.5686,HDFC_Top100_Direct,125497
17-08-2020,61.0084,HDFC_Top100_Direct,125497
14-08-2020,60.8519,HDFC_Top100_Direct,125497
13-08-2020,60.7092,HDFC_Top100_Direct,125497
12-08-2020,59.2859,HDFC_Top100_Direct,125497
11-08-2020,58.9922,HDFC_Top100_Direct,125497
10-08-2020,58.7216,HDFC_Top100_Direct,125497
07-08-2020,57.9724,HDFC_Top100_Direct,125497
06-08-2020,57.6979,HDFC_Top100_Direct,125497
05-08-2020,57.0065,HDFC_Top100_Direct,125497
04-08-2020,56.5565,HDFC_Top100_Direct,125497
03-08-2020,56.0147,HDFC_Top100_Direct,125497
31-07-2020,55.3008,HDFC_Top100_Direct,125497
30-07-2020,55.0194,HDFC_Top100_Direct,125497
29-07-2020,55.1299,HDFC_Top100_Direct,125497
28-07-2020,55.2362,HDFC_Top100_Direct,125497
27-07-2020,55.5097,HDFC_Top100_Direct,125497
24-07-2020,56.1087,HDFC_Top100_Direct,125497
23-07-2020,55.9901,HDFC_Top100_Direct,125497
22-07-2020,55.5652,HDFC_Top100_Direct,125497
21-07-2020,55.4238,HDFC_Top100_Direct,125497
20-07-2020,54.9045,HDFC_Top100_Direct,125497
17-07-2020,54.546,HDFC_Top100_Direct,125497
16-07-2020,54.2633,HDFC_Top100_Direct,125497
15-07-2020,54.4579,HDFC_Top100_Direct,125497
14-07-2020,54.2574,HDFC_Top100_Direct,125497
13-07-2020,54.5398,HDFC_Top100_Direct,125497
10-07-2020,54.9376,HDFC_Top100_Direct,125497
09-07-2020,54.9956,HDFC_Top100_Direct,125497
08-07-2020,54.5073,HDFC_Top100_Direct,125497
07-07-2020,54.932,HDFC_Top100_Direct,125497
06-07-2020,54.7915,HDFC_Top100_Direct,125497
03-07-2020,53.9367,HDFC_Top100_Direct,125497
02-07-2020,53.4633,HDFC_Top100_Direct,125497
01-07-2020,53.0526,HDFC_Top100_Direct,125497
30-06-2020,52.8219,HDFC_Top100_Direct,125497
29-06-2020,52.9446,HDFC_Top100_Direct,125497
26-06-2020,53.4577,HDFC_Top100_Direct,125497
25-06-2020,53.1915,HDFC_Top100_Direct,125497
24-06-2020,53.2495,HDFC_Top100_Direct,125497
23-06-2020,53.6129,HDFC_Top100_Direct,125497
22-06-2020,53.2647,HDFC_Top100_Direct,125497
19-06-2020,52.3501,HDFC_Top100_Direct,125497
18-06-2020,51.5685,HDFC_Top100_Direct,125497
17-06-2020,50.9734,HDFC_Top100_Direct,125497
16-06-2020,50.7675,HDFC_Top100_Direct,125497
15-06-2020,51.0041,HDFC_Top100_Direct,125497
12-06-2020,50.8648,HDFC_Top100_Direct,125497
11-06-2020,50.6426,HDFC_Top100_Direct,125497
10-06-2020,51.4119,HDFC_Top100_Direct,125497
09-06-2020,51.1714,HDFC_Top100_Direct,125497
08-06-2020,51.7451,HDFC_Top100_Direct,125497
05-06-2020,51.3008,HDFC_Top100_Direct,125497
04-06-2020,50.798,HDFC_Top100_Direct,125497
03-06-2020,50.9722,HDFC_Top100_Direct,125497
02-06-2020,50.232,HDFC_Top100_Direct,125497
01-06-2020,49.3635,HDFC_Top100_Direct,125497
29-05-2020,47.8748,HDFC_Top100_Direct,125497
28-05-2020,47.1434,HDFC_Top100_Direct,125497
27-05-2020,46.5354,HDFC_Top100_Direct,125497
26-05-2020,46.4193,HDFC_Top100_Direct,125497
22-05-2020,46.2132,HDFC_Top100_Direct,125497
21-05-2020,46.5947,HDFC_Top100_Direct,125497
20-05-2020,46.2563,HDFC_Top100_Direct,125497
19-05-2020,45.725,HDFC_Top100_Direct,125497
18-05-2020,45.8781,HDFC_Top100_Direct,125497
15-05-2020,46.9331,HDFC_Top100_Direct,125497
14-05-2020,46.8328,HDFC_Top100_Direct,125497
13-05-2020,47.5349,HDFC_Top100_Direct,125497
12-05-2020,46.6427,HDFC_Top100_Direct,125497
11-05-2020,46.9345,HDFC_Top100_Direct,125497
08-05-2020,47.0197,HDFC_Top100_Direct,125497
07-05-2020,47.4015,HDFC_Top100_Direct,125497
06-05-2020,47.5508,HDFC_Top100_Direct,125497
05-05-2020,47.5152,HDFC_Top100_Direct,125497
04-05-2020,48.0018,HDFC_Top100_Direct,125497
30-04-2020,49.4021,HDFC_Top100_Direct,125497
29-04-2020,48.915,HDFC_Top100_Direct,125497
28-04-2020,48.4286,HDFC_Top100_Direct,125497
27-04-2020,48.0846,HDFC_Top100_Direct,125497
24-04-2020,47.8799,HDFC_Top100_Direct,125497
23-04-2020,48.6464,HDFC_Top100_Direct,125497
22-04-2020,48.307,HDFC_Top100_Direct,125497
21-04-2020,47.7874,HDFC_Top100_Direct,125497
20-04-2020,48.8951,HDFC_Top100_Direct,125497
17-04-2020,47.9462,HDFC_Top100_Direct,125497
16-04-2020,47.0044,HDFC_Top100_Direct,125497
15-04-2020,46.6621,HDFC_Top100_Direct,125497
13-04-2020,46.3737,HDFC_Top100_Direct,125497
09-04-2020,46.7891,HDFC_Top100_Direct,125497
08-04-2020,45.7678,HDFC_Top100_Direct,125497
07-04-2020,45.121,HDFC_Top100_Direct,125497
03-04-2020,43.6981,HDFC_Top100_Direct,125497
01-04-2020,43.7773,HDFC_Top100_Direct,125497
31-03-2020,44.2998,HDFC_Top100_Direct,125497
30-03-2020,43.1613,HDFC_Top100_Direct,125497
27-03-2020,44.2552,HDFC_Top100_Direct,125497
26-03-2020,43.7048,HDFC_Top100_Direct,125497
25-03-2020,42.2905,HDFC_Top100_Direct,125497
24-03-2020,41.26,HDFC_Top100_Direct,125497
23-03-2020,41.311,HDFC_Top100_Direct,125497
20-03-2020,45.7468,HDFC_Top100_Direct,125497
19-03-2020,45.2642,HDFC_Top100_Direct,125497
18-03-2020,47.0783,HDFC_Top100_Direct,125497
17-03-2020,49.9371,HDFC_Top100_Direct,125497
16-03-2020,50.8999,HDFC_Top100_Direct,125497
13-03-2020,53.1576,HDFC_Top100_Direct,125497
12-03-2020,53.1617,HDFC_Top100_Direct,125497
11-03-2020,56.6672,HDFC_Top100_Direct,125497
09-03-2020,56.7701,HDFC_Top100_Direct,125497
06-03-2020,58.5236,HDFC_Top100_Direct,125497
05-03-2020,59.2727,HDFC_Top100_Direct,125497
04-03-2020,58.8308,HDFC_Top100_Direct,125497
03-03-2020,59.7023,HDFC_Top100_Direct,125497
02-03-2020,59.4357,HDFC_Top100_Direct,125497
28-02-2020,59.45,HDFC_Top100_Direct,125497
27-02-2020,61.0899,HDFC_Top100_Direct,125497
26-02-2020,61.1649,HDFC_Top100_Direct,125497
25-02-2020,61.6015,HDFC_Top100_Direct,125497
24-02-2020,61.7942,HDFC_Top100_Direct,125497
20-02-2020,62.3727,HDFC_Top100_Direct,125497
19-02-2020,62.26,HDFC_Top100_Direct,125497
18-02-2020,61.5595,HDFC_Top100_Direct,125497
17-02-2020,62.0469,HDFC_Top100_Direct,125497
14-02-2020,62.2419,HDFC_Top100_Direct,125497
13-02-2020,62.2181,HDFC_Top100_Direct,125497
12-02-2020,62.2058,HDFC_Top100_Direct,125497
11-02-2020,62.1921,HDFC_Top100_Direct,125497
10-02-2020,61.9086,HDFC_Top100_Direct,125497
07-02-2020,62.3167,HDFC_Top100_Direct,125497
06-02-2020,62.089,HDFC_Top100_Direct,125497
05-02-2020,62.0606,HDFC_Top100_Direct,125497
04-02-2020,61.7883,HDFC_Top100_Direct,125497
03-02-2020,60.8872,HDFC_Top100_Direct,125497
31-01-2020,61.7543,HDFC_Top100_Direct,125497
30-01-2020,61.8134,HDFC_Top100_Direct,125497
29-01-2020,62.1324,HDFC_Top100_Direct,125497
28-01-2020,62.0886,HDFC_Top100_Direct,125497
27-01-2020,61.9656,HDFC_Top100_Direct,125497
24-01-2020,61.8393,HDFC_Top100_Direct,125497
23-01-2020,61.1488,HDFC_Top100_Direct,125497
22-01-2020,60.8469,HDFC_Top100_Direct,125497
21-01-2020,60.7275,HDFC_Top100_Direct,125497
20-01-2020,60.9709,HDFC_Top100_Direct,125497
17-01-2020,60.8952,HDFC_Top100_Direct,125497
16-01-2020,60.2189,HDFC_Top100_Direct,125497
15-01-2020,59.6795,HDFC_Top100_Direct,125497
14-01-2020,59.2895,HDFC_Top100_Direct,125497
13-01-2020,59.1726,HDFC_Top100_Direct,125497
10-01-2020,58.9076,HDFC_Top100_Direct,125497
09-01-2020,58.6407,HDFC_Top100_Direct,125497
08-01-2020,57.9868,HDFC_Top100_Direct,125497
07-01-2020,58.2107,HDFC_Top100_Direct,125497
06-01-2020,57.7329,HDFC_Top100_Direct,125497
03-01-2020,58.6872,HDFC_Top100_Direct,125497
02-01-2020,58.3988,HDFC_Top100_Direct,125497
01-01-2020,57.886,HDFC_Top100_Direct,125497
31-12-2019,57.8093,HDFC_Top100_Direct,125497
30-12-2019,57.7981,HDFC_Top100_Direct,125497
27-12-2019,57.7682,HDFC_Top100_Direct,125497
26-12-2019,57.4846,HDFC_Top100_Direct,125497
24-12-2019,57.4196,HDFC_Top100_Direct,125497
23-12-2019,57.5756,HDFC_Top100_Direct,125497
20-12-2019,57.6649,HDFC_Top100_Direct,125497
19-12-2019,57.3051,HDFC_Top100_Direct,125497
18-12-2019,57.1274,HDFC_Top100_Direct,125497
17-12-2019,57.3155,HDFC_Top100_Direct,125497
16-12-2019,56.9909,HDFC_Top100_Direct,125497
13-12-2019,57.2957,HDFC_Top100_Direct,125497
12-12-2019,56.7141,HDFC_Top100_Direct,125497
11-12-2019,56.6208,HDFC_Top100_Direct,125497
10-12-2019,56.8176,HDFC_Top100_Direct,125497
09-12-2019,57.3044,HDFC_Top100_Direct,125497
06-12-2019,57.6323,HDFC_Top100_Direct,125497
05-12-2019,58.2459,HDFC_Top100_Direct,125497
04-12-2019,58.3397,HDFC_Top100_Direct,125497
03-12-2019,57.9542,HDFC_Top100_Direct,125497
02-12-2019,58.0533,HDFC_Top100_Direct,125497
29-11-2019,57.9839,HDFC_Top100_Direct,125497
28-11-2019,57.7441,HDFC_Top100_Direct,125497
27-11-2019,57.825,HDFC_Top100_Direct,125497
26-11-2019,57.9258,HDFC_Top100_Direct,125497
25-11-2019,58.2373,HDFC_Top100_Direct,125497
22-11-2019,58.0555,HDFC_Top100_Direct,125497
21-11-2019,58.0232,HDFC_Top100_Direct,125497
20-11-2019,57.8357,HDFC_Top100_Direct,125497
19-11-2019,57.8266,HDFC_Top100_Direct,125497
18-11-2019,57.7894,HDFC_Top100_Direct,125497
15-11-2019,57.71,HDFC_Top100_Direct,125497
14-11-2019,57.8273,HDFC_Top100_Direct,125497
13-11-2019,57.9023,HDFC_Top100_Direct,125497
11-11-2019,57.692,HDFC_Top100_Direct,125497
08-11-2019,57.4537,HDFC_Top100_Direct,125497
07-11-2019,57.9074,HDFC_Top100_Direct,125497
06-11-2019,57.7536,HDFC_Top100_Direct,125497
05-11-2019,58.0708,HDFC_Top100_Direct,125497
04-11-2019,58.5157,HDFC_Top100_Direct,125497
01-11-2019,57.9809,HDFC_Top100_Direct,125497
31-10-2019,57.6615,HDFC_Top100_Direct,125497
30-10-2019,57.1831,HDFC_Top100_Direct,125497
29-10-2019,57.0785,HDFC_Top100_Direct,125497
25-10-2019,56.3768,HDFC_Top100_Direct,125497
24-10-2019,56.4878,HDFC_Top100_Direct,125497
23-10-2019,56.394,HDFC_Top100_Direct,125497
22-10-2019,56.3394,HDFC_Top100_Direct,125497
18-10-2019,56.3596,HDFC_Top100_Direct,125497
17-10-2019,55.2661,HDFC_Top100_Direct,125497
16-10-2019,54.9299,HDFC_Top100_Direct,125497
15-10-2019,55.0504,HDFC_Top100_Direct,125497
14-10-2019,54.9658,HDFC_Top100_Direct,125497
11-10-2019,54.8222,HDFC_Top100_Direct,125497
10-10-2019,54.7665,HDFC_Top100_Direct,125497
09-10-2019,55.0566,HDFC_Top100_Direct,125497
07-10-2019,54.8053,HDFC_Top100_Direct,125497
04-10-2019,54.9464,HDFC_Top100_Direct,125497
03-10-2019,55.399,HDFC_Top100_Direct,125497
01-10-2019,55.6556,HDFC_Top100_Direct,125497
30-09-2019,56.147,HDFC_Top100_Direct,125497
27-09-2019,56.3843,HDFC_Top100_Direct,125497
26-09-2019,56.3859,HDFC_Top100_Direct,125497
25-09-2019,55.9413,HDFC_Top100_Direct,125497
24-09-2019,56.4498,HDFC_Top100_Direct,125497
23-09-2019,56.3502,HDFC_Top100_Direct,125497
20-09-2019,54.447,HDFC_Top100_Direct,125497
19-09-2019,52.7845,HDFC_Top100_Direct,125497
18-09-2019,53.1334,HDFC_Top100_Direct,125497
17-09-2019,53.1853,HDFC_Top100_Direct,125497
16-09-2019,53.814,HDFC_Top100_Direct,125497
13-09-2019,53.6012,HDFC_Top100_Direct,125497
12-09-2019,53.6476,HDFC_Top100_Direct,125497
11-09-2019,53.7478,HDFC_Top100_Direct,125497
09-09-2019,52.9366,HDFC_Top100_Direct,125497
06-09-2019,52.6455,HDFC_Top100_Direct,125497
05-09-2019,52.2783,HDFC_Top100_Direct,125497
04-09-2019,52.1216,HDFC_Top100_Direct,125497
03-09-2019,51.9742,HDFC_Top100_Direct,125497
30-08-2019,52.3752,HDFC_Top100_Direct,125497
29-08-2019,52.0987,HDFC_Top100_Direct,125497
28-08-2019,52.4938,HDFC_Top100_Direct,125497
27-08-2019,52.5731,HDFC_Top100_Direct,125497
26-08-2019,52.0341,HDFC_Top100_Direct,125497
23-08-2019,51.3091,HDFC_Top100_Direct,125497
22-08-2019,51.038,HDFC_Top100_Direct,125497
21-08-2019,51.522,HDFC_Top100_Direct,125497
20-08-2019,51.9247,HDFC_Top100_Direct,125497
19-08-2019,51.9983,HDFC_Top100_Direct,125497
16-08-2019,52.0211,HDFC_Top100_Direct,125497
14-08-2019,51.7299,HDFC_Top100_Direct,125497
13-08-2019,51.0979,HDFC_Top100_Direct,125497
09-08-2019,51.6177,HDFC_Top100_Direct,125497
08-08-2019,51.2595,HDFC_Top100_Direct,125497
07-08-2019,51.1681,HDFC_Top100_Direct,125497
06-08-2019,51.0319,HDFC_Top100_Direct,125497
05-08-2019,50.5861,HDFC_Top100_Direct,125497
02-08-2019,51.0349,HDFC_Top100_Direct,125497
01-08-2019,51.3082,HDFC_Top100_Direct,125497
31-07-2019,51.9017,HDFC_Top100_Direct,125497
30-07-2019,51.466,HDFC_Top100_Direct,125497
29-07-2019,52.1616,HDFC_Top100_Direct,125497
26-07-2019,52.5686,HDFC_Top100_Direct,125497
25-07-2019,52.5207,HDFC_Top100_Direct,125497
24-07-2019,52.7374,HDFC_Top100_Direct,125497
23-07-2019,53.155,HDFC_Top100_Direct,125497
22-07-2019,53.024,HDFC_Top100_Direct,125497
19-07-2019,53.4029,HDFC_Top100_Direct,125497
18-07-2019,54.0147,HDFC_Top100_Direct,125497
17-07-2019,54.319,HDFC_Top100_Direct,125497
16-07-2019,54.0856,HDFC_Top100_Direct,125497
15-07-2019,54.1461,HDFC_Top100_Direct,125497
12-07-2019,54.2785,HDFC_Top100_Direct,125497
11-07-2019,54.0984,HDFC_Top100_Direct,125497
10-07-2019,53.8443,HDFC_Top100_Direct,125497
09-07-2019,54.0836,HDFC_Top100_Direct,125497
08-07-2019,54.1644,HDFC_Top100_Direct,125497
05-07-2019,54.8561,HDFC_Top100_Direct,125497
04-07-2019,55.4699,HDFC_Top100_Direct,125497
03-07-2019,55.3738,HDFC_Top100_Direct,125497
02-07-2019,55.456,HDFC_Top100_Direct,125497
01-07-2019,55.3031,HDFC_Top100_Direct,125497
28-06-2019,55.224,HDFC_Top100_Direct,125497
27-06-2019,55.097,HDFC_Top100_Direct,125497
26-06-2019,54.9657,HDFC_Top100_Direct,125497
25-06-2019,54.4957,HDFC_Top100_Direct,125497
24-06-2019,54.1894,HDFC_Top100_Direct,125497
21-06-2019,54.4826,HDFC_Top100_Direct,125497
20-06-2019,54.4507,HDFC_Top100_Direct,125497
19-06-2019,54.0946,HDFC_Top100_Direct,125497
18-06-2019,54.3588,HDFC_Top100_Direct,125497
17-06-2019,54.651,HDFC_Top100_Direct,125497
14-06-2019,55.2265,HDFC_Top100_Direct,125497
13-06-2019,55.3583,HDFC_Top100_Direct,125497
12-06-2019,55.6663,HDFC_Top100_Direct,125497
11-06-2019,55.677,HDFC_Top100_Direct,125497
10-06-2019,55.7431,HDFC_Top100_Direct,125497
07-06-2019,56.094,HDFC_Top100_Direct,125497
06-06-2019,56.1253,HDFC_Top100_Direct,125497
04-06-2019,56.7067,HDFC_Top100_Direct,125497
03-06-2019,56.7417,HDFC_Top100_Direct,125497
31-05-2019,56.4804,HDFC_Top100_Direct,125497
30-05-2019,56.1882,HDFC_Top100_Direct,125497
29-05-2019,56.3573,HDFC_Top100_Direct,125497
28-05-2019,56.5415,HDFC_Top100_Direct,125497
27-05-2019,55.9036,HDFC_Top100_Direct,125497
24-05-2019,54.9948,HDFC_Top100_Direct,125497
23-05-2019,53.9873,HDFC_Top100_Direct,125497
22-05-2019,54.0958,HDFC_Top100_Direct,125497
21-05-2019,54.0838,HDFC_Top100_Direct,125497
20-05-2019,54.4867,HDFC_Top100_Direct,125497
17-05-2019,53.073,HDFC_Top100_Direct,125497
16-05-2019,52.9338,HDFC_Top100_Direct,125497
15-05-2019,53.0303,HDFC_Top100_Direct,125497
14-05-2019,53.1004,HDFC_Top100_Direct,125497
13-05-2019,52.8389,HDFC_Top100_Direct,125497
10-05-2019,53.706,HDFC_Top100_Direct,125497
09-05-2019,53.7084,HDFC_Top100_Direct,125497
08-05-2019,53.8583,HDFC_Top100_Direct,125497
07-05-2019,54.3424,HDFC_Top100_Direct,125497
06-05-2019,54.4976,HDFC_Top100_Direct,125497
03-05-2019,54.897,HDFC_Top100_Direct,125497
02-05-2019,55.0024,HDFC_Top100_Direct,125497
30-04-2019,55.083,HDFC_Top100_Direct,125497
26-04-2019,55.3187,HDFC_Top100_Direct,125497
25-04-2019,55.3592,HDFC_Top100_Direct,125497
24-04-2019,55.2723,HDFC_Top100_Direct,125497
23-04-2019,55.0555,HDFC_Top100_Direct,125497
22-04-2019,54.9458,HDFC_Top100_Direct,125497
18-04-2019,55.7232,HDFC_Top100_Direct,125497
16-04-2019,56.1267,HDFC_Top100_Direct,125497
15-04-2019,56.1536,HDFC_Top100_Direct,125497
12-04-2019,55.9226,HDFC_Top100_Direct,125497
11-04-2019,55.7987,HDFC_Top100_Direct,125497
10-04-2019,55.6388,HDFC_Top100_Direct,125497
09-04-2019,55.6612,HDFC_Top100_Direct,125497
08-04-2019,55.8828,HDFC_Top100_Direct,125497
05-04-2019,56.0191,HDFC_Top100_Direct,125497
04-04-2019,55.6447,HDFC_Top100_Direct,125497
03-04-2019,55.6601,HDFC_Top100_Direct,125497
02-04-2019,56.0011,HDFC_Top100_Direct,125497
01-04-2019,56.1772,HDFC_Top100_Direct,125497
29-03-2019,55.663,HDFC_Top100_Direct,125497
28-03-2019,54.7581,HDFC_Top100_Direct,125497
27-03-2019,54.46,HDFC_Top100_Direct,125497
26-03-2019,54.4065,HDFC_Top100_Direct,125497
25-03-2019,54.0256,HDFC_Top100_Direct,125497
22-03-2019,54.6498,HDFC_Top100_Direct,125497
20-03-2019,54.7637,HDFC_Top100_Direct,125497
19-03-2019,55.1238,HDFC_Top100_Direct,125497
18-03-2019,54.8356,HDFC_Top100_Direct,125497
15-03-2019,54.8323,HDFC_Top100_Direct,125497
14-03-2019,55.0181,HDFC_Top100_Direct,125497
13-03-2019,55.1959,HDFC_Top100_Direct,125497
12-03-2019,55.2773,HDFC_Top100_Direct,125497
11-03-2019,54.7406,HDFC_Top100_Direct,125497
08-03-2019,53.9401,HDFC_Top100_Direct,125497
07-03-2019,53.7052,HDFC_Top100_Direct,125497
06-03-2019,53.2436,HDFC_Top100_Direct,125497
05-03-2019,52.7007,HDFC_Top100_Direct,125497
01-03-2019,51.4418,HDFC_Top100_Direct,125497
28-02-2019,50.7717,HDFC_Top100_Direct,125497
27-02-2019,50.6695,HDFC_Top100_Direct,125497
26-02-2019,50.9392,HDFC_Top100_Direct,125497
25-02-2019,51.1544,HDFC_Top100_Direct,125497
22-02-2019,51.1164,HDFC_Top100_Direct,125497
21-02-2019,50.8863,HDFC_Top100_Direct,125497
20-02-2019,50.5134,HDFC_Top100_Direct,125497
19-02-2019,50.1932,HDFC_Top100_Direct,125497
18-02-2019,49.7231,HDFC_Top100_Direct,125497
15-02-2019,49.8363,HDFC_Top100_Direct,125497
14-02-2019,50.0246,HDFC_Top100_Direct,125497
13-02-2019,49.9159,HDFC_Top100_Direct,125497
12-02-2019,49.9865,HDFC_Top100_Direct,125497
11-02-2019,50.1417,HDFC_Top100_Direct,125497
08-02-2019,50.5532,HDFC_Top100_Direct,125497
07-02-2019,50.8924,HDFC_Top100_Direct,125497
06-02-2019,50.5395,HDFC_Top100_Direct,125497
05-02-2019,50.7151,HDFC_Top100_Direct,125497
04-02-2019,51.0358,HDFC_Top100_Direct,125497
01-02-2019,51.2972,HDFC_Top100_Direct,125497
31-01-2019,51.3507,HDFC_Top100_Direct,125497
30-01-2019,51.0055,HDFC_Top100_Direct,125497
29-01-2019,51.0547,HDFC_Top100_Direct,125497
28-01-2019,51.0862,HDFC_Top100_Direct,125497
25-01-2019,51.8002,HDFC_Top100_Direct,125497
24-01-2019,52.2905,HDFC_Top100_Direct,125497
23-01-2019,52.2713,HDFC_Top100_Direct,125497
22-01-2019,52.5351,HDFC_Top100_Direct,125497
21-01-2019,52.858,HDFC_Top100_Direct,125497
18-01-2019,53.071,HDFC_Top100_Direct,125497
17-01-2019,53.1674,HDFC_Top100_Direct,125497
16-01-2019,53.2055,HDFC_Top100_Direct,125497
15-01-2019,53.2756,HDFC_Top100_Direct,125497
14-01-2019,53.1547,HDFC_Top100_Direct,125497
11-01-2019,53.1862,HDFC_Top100_Direct,125497
10-01-2019,53.2423,HDFC_Top100_Direct,125497
09-01-2019,53.2998,HDFC_Top100_Direct,125497
08-01-2019,53.2516,HDFC_Top100_Direct,125497
07-01-2019,53.4187,HDFC_Top100_Direct,125497
04-01-2019,53.3289,HDFC_Top100_Direct,125497
03-01-2019,53.5067,HDFC_Top100_Direct,125497
02-01-2019,53.7148,HDFC_Top100_Direct,125497
01-01-2019,53.818,HDFC_Top100_Direct,125497
31-12-2018,53.8265,HDFC_Top100_Direct,125497
28-12-2018,53.5178,HDFC_Top100_Direct,125497
27-12-2018,53.0365,HDFC_Top100_Direct,125497
26-12-2018,52.817,HDFC_Top100_Direct,125497
24-12-2018,52.8045,HDFC_Top100_Direct,125497
21-12-2018,53.5026,HDFC_Top100_Direct,125497
20-12-2018,54.1591,HDFC_Top100_Direct,125497
19-12-2018,54.0589,HDFC_Top100_Direct,125497
18-12-2018,53.4937,HDFC_Top100_Direct,125497
17-12-2018,53.2949,HDFC_Top100_Direct,125497
14-12-2018,53.0898,HDFC_Top100_Direct,125497
13-12-2018,53.0474,HDFC_Top100_Direct,125497
12-12-2018,52.6722,HDFC_Top100_Direct,125497
11-12-2018,51.6933,HDFC_Top100_Direct,125497
10-12-2018,51.301,HDFC_Top100_Direct,125497
07-12-2018,52.0078,HDFC_Top100_Direct,125497
06-12-2018,51.9051,HDFC_Top100_Direct,125497
05-12-2018,52.5267,HDFC_Top100_Direct,125497
04-12-2018,52.9458,HDFC_Top100_Direct,125497
03-12-2018,52.7747,HDFC_Top100_Direct,125497
30-11-2018,52.7422,HDFC_Top100_Direct,125497
29-11-2018,52.4969,HDFC_Top100_Direct,125497
28-11-2018,52.4448,HDFC_Top100_Direct,125497
27-11-2018,52.3787,HDFC_Top100_Direct,125497
26-11-2018,52.3692,HDFC_Top100_Direct,125497
22-11-2018,52.5867,HDFC_Top100_Direct,125497
21-11-2018,52.6805,HDFC_Top100_Direct,125497
20-11-2018,52.7118,HDFC_Top100_Direct,125497
19-11-2018,53.029,HDFC_Top100_Direct,125497
16-11-2018,52.5647,HDFC_Top100_Direct,125497
15-11-2018,52.6406,HDFC_Top100_Direct,125497
14-11-2018,52.847,HDFC_Top100_Direct,125497
13-11-2018,52.6014,HDFC_Top100_Direct,125497
12-11-2018,52.6627,HDFC_Top100_Direct,125497
09-11-2018,53.0344,HDFC_Top100_Direct,125497
06-11-2018,52.3747,HDFC_Top100_Direct,125497
05-11-2018,52.4327,HDFC_Top100_Direct,125497
02-11-2018,52.5668,HDFC_Top100_Direct,125497
01-11-2018,52.0587,HDFC_Top100_Direct,125497
31-10-2018,51.8851,HDFC_Top100_Direct,125497
30-10-2018,51.4475,HDFC_Top100_Direct,125497
29-10-2018,50.9297,HDFC_Top100_Direct,125497
26-10-2018,50.3325,HDFC_Top100_Direct,125497
25-10-2018,50.251,HDFC_Top100_Direct,125497
24-10-2018,50.3952,HDFC_Top100_Direct,125497
23-10-2018,50.1667,HDFC_Top100_Direct,125497
22-10-2018,50.7772,HDFC_Top100_Direct,125497
19-10-2018,51.425,HDFC_Top100_Direct,125497
17-10-2018,51.9801,HDFC_Top100_Direct,125497
16-10-2018,52.7174,HDFC_Top100_Direct,125497
15-10-2018,52.1697,HDFC_Top100_Direct,125497
12-10-2018,51.7944,HDFC_Top100_Direct,125497
11-10-2018,51.0028,HDFC_Top100_Direct,125497
10-10-2018,51.6901,HDFC_Top100_Direct,125497
09-10-2018,49.9984,HDFC_Top100_Direct,125497
08-10-2018,50.3191,HDFC_Top100_Direct,125497
05-10-2018,51.0967,HDFC_Top100_Direct,125497
04-10-2018,51.9575,HDFC_Top100_Direct,125497
03-10-2018,52.9192,HDFC_Top100_Direct,125497
01-10-2018,52.883,HDFC_Top100_Direct,125497
28-09-2018,53.3171,HDFC_Top100_Direct,125497
27-09-2018,54.4466,HDFC_Top100_Direct,125497
26-09-2018,55.1202,HDFC_Top100_Direct,125497
25-09-2018,54.8274,HDFC_Top100_Direct,125497
24-09-2018,55.2821,HDFC_Top100_Direct,125497
21-09-2018,56.4467,HDFC_Top100_Direct,125497
19-09-2018,57.5821,HDFC_Top100_Direct,125497
18-09-2018,58.0036,HDFC_Top100_Direct,125497
17-09-2018,58.5504,HDFC_Top100_Direct,125497
14-09-2018,58.7983,HDFC_Top100_Direct,125497
12-09-2018,58.2059,HDFC_Top100_Direct,125497
11-09-2018,58.317,HDFC_Top100_Direct,125497
10-09-2018,58.943,HDFC_Top100_Direct,125497
07-09-2018,59.3814,HDFC_Top100_Direct,125497
06-09-2018,59.2383,HDFC_Top100_Direct,125497
05-09-2018,58.6949,HDFC_Top100_Direct,125497
04-09-2018,58.889,HDFC_Top100_Direct,125497
03-09-2018,59.8974,HDFC_Top100_Direct,125497
31-08-2018,60.1287,HDFC_Top100_Direct,125497
30-08-2018,59.5719,HDFC_Top100_Direct,125497
29-08-2018,59.4907,HDFC_Top100_Direct,125497
28-08-2018,59.5545,HDFC_Top100_Direct,125497
27-08-2018,59.3442,HDFC_Top100_Direct,125497
24-08-2018,58.8617,HDFC_Top100_Direct,125497
23-08-2018,59.031,HDFC_Top100_Direct,125497
21-08-2018,58.8857,HDFC_Top100_Direct,125497
20-08-2018,58.7597,HDFC_Top100_Direct,125497
17-08-2018,58.7555,HDFC_Top100_Direct,125497
16-08-2018,58.388,HDFC_Top100_Direct,125497
14-08-2018,58.0781,HDFC_Top100_Direct,125497
13-08-2018,58.2451,HDFC_Top100_Direct,125497
10-08-2018,58.6551,HDFC_Top100_Direct,125497
09-08-2018,58.7543,HDFC_Top100_Direct,125497
08-08-2018,59.0029,HDFC_Top100_Direct,125497
07-08-2018,58.9834,HDFC_Top100_Direct,125497
06-08-2018,58.7914,HDFC_Top100_Direct,125497
03-08-2018,57.7594,HDFC_Top100_Direct,125497
02-08-2018,57.2162,HDFC_Top100_Direct,125497
01-08-2018,57.0216,HDFC_Top100_Direct,125497
31-07-2018,56.6181,HDFC_Top100_Direct,125497
30-07-2018,56.2737,HDFC_Top100_Direct,125497
27-07-2018,55.8532,HDFC_Top100_Direct,125497
26-07-2018,54.6171,HDFC_Top100_Direct,125497
25-07-2018,54.3981,HDFC_Top100_Direct,125497
24-07-2018,54.2935,HDFC_Top100_Direct,125497
23-07-2018,53.4957,HDFC_Top100_Direct,125497
20-07-2018,53.1279,HDFC_Top100_Direct,125497
19-07-2018,53.0648,HDFC_Top100_Direct,125497
18-07-2018,53.3584,HDFC_Top100_Direct,125497
17-07-2018,53.9208,HDFC_Top100_Direct,125497
16-07-2018,53.8182,HDFC_Top100_Direct,125497
13-07-2018,54.7351,HDFC_Top100_Direct,125497
12-07-2018,54.9257,HDFC_Top100_Direct,125497
11-07-2018,55.0134,HDFC_Top100_Direct,125497
10-07-2018,54.9768,HDFC_Top100_Direct,125497
09-07-2018,54.8668,HDFC_Top100_Direct,125497
06-07-2018,54.1996,HDFC_Top100_Direct,125497
05-07-2018,53.9747,HDFC_Top100_Direct,125497
04-07-2018,54.162,HDFC_Top100_Direct,125497
03-07-2018,53.973,HDFC_Top100_Direct,125497
02-07-2018,53.9029,HDFC_Top100_Direct,125497
29-06-2018,54.0638,HDFC_Top100_Direct,125497
28-06-2018,53.2372,HDFC_Top100_Direct,125497
27-06-2018,53.7015,HDFC_Top100_Direct,125497
26-06-2018,54.6316,HDFC_Top100_Direct,125497
25-06-2018,55.0055,HDFC_Top100_Direct,125497
22-06-2018,55.5548,HDFC_Top100_Direct,125497
21-06-2018,55.5814,HDFC_Top100_Direct,125497
20-06-2018,55.9644,HDFC_Top100_Direct,125497
19-06-2018,56.0586,HDFC_Top100_Direct,125497
18-06-2018,56.868,HDFC_Top100_Direct,125497
15-06-2018,57.0672,HDFC_Top100_Direct,125497
14-06-2018,57.4387,HDFC_Top100_Direct,125497
13-06-2018,57.2522,HDFC_Top100_Direct,125497
12-06-2018,57.4404,HDFC_Top100_Direct,125497
11-06-2018,57.3946,HDFC_Top100_Direct,125497
08-06-2018,57.0448,HDFC_Top100_Direct,125497
07-06-2018,57.0031,HDFC_Top100_Direct,125497
06-06-2018,55.91,HDFC_Top100_Direct,125497
05-06-2018,55.1442,HDFC_Top100_Direct,125497
04-06-2018,56.5065,HDFC_Top100_Direct,125497
01-06-2018,57.8765,HDFC_Top100_Direct,125497
31-05-2018,58.995,HDFC_Top100_Direct,125497
30-05-2018,59.6359,HDFC_Top100_Direct,125497
29-05-2018,59.4956,HDFC_Top100_Direct,125497
28-05-2018,59.7938,HDFC_Top100_Direct,125497
25-05-2018,59.255,HDFC_Top100_Direct,125497
24-05-2018,59.2931,HDFC_Top100_Direct,125497
23-05-2018,59.3398,HDFC_Top100_Direct,125497
22-05-2018,59.7925,HDFC_Top100_Direct,125497
21-05-2018,59.7326,HDFC_Top100_Direct,125497
18-05-2018,60.8312,HDFC_Top100_Direct,125497
17-05-2018,61.0749,HDFC_Top100_Direct,125497
16-05-2018,60.6782,HDFC_Top100_Direct,125497
15-05-2018,61.1301,HDFC_Top100_Direct,125497
14-05-2018,61.1396,HDFC_Top100_Direct,125497
11-05-2018,62.0221,HDFC_Top100_Direct,125497
10-05-2018,62.18,HDFC_Top100_Direct,125497
09-05-2018,62.7255,HDFC_Top100_Direct,125497
08-05-2018,62.3405,HDFC_Top100_Direct,125497
07-05-2018,62.362,HDFC_Top100_Direct,125497
04-05-2018,61.5548,HDFC_Top100_Direct,125497
03-05-2018,61.9566,HDFC_Top100_Direct,125497
02-05-2018,62.4199,HDFC_Top100_Direct,125497
30-04-2018,62.9323,HDFC_Top100_Direct,125497
27-04-2018,63.0954,HDFC_Top100_Direct,125497
26-04-2018,63.2641,HDFC_Top100_Direct,125497
25-04-2018,62.5142,HDFC_Top100_Direct,125497
24-04-2018,62.5241,HDFC_Top100_Direct,125497
23-04-2018,62.337,HDFC_Top100_Direct,125497
20-04-2018,62.0067,HDFC_Top100_Direct,125497
19-04-2018,62.0316,HDFC_Top100_Direct,125497
18-04-2018,61.6812,HDFC_Top100_Direct,125497
17-04-2018,61.8273,HDFC_Top100_Direct,125497
16-04-2018,61.9447,HDFC_Top100_Direct,125497
13-04-2018,61.5831,HDFC_Top100_Direct,125497
12-04-2018,61.7648,HDFC_Top100_Direct,125497
11-04-2018,61.6102,HDFC_Top100_Direct,125497
10-04-2018,61.7781,HDFC_Top100_Direct,125497
09-04-2018,61.559,HDFC_Top100_Direct,125497
06-04-2018,61.0985,HDFC_Top100_Direct,125497
05-04-2018,60.5934,HDFC_Top100_Direct,125497
04-04-2018,59.8079,HDFC_Top100_Direct,125497
03-04-2018,60.3663,HDFC_Top100_Direct,125497
02-04-2018,59.6897,HDFC_Top100_Direct,125497
28-03-2018,58.0969,HDFC_Top100_Direct,125497
27-03-2018,58.7848,HDFC_Top100_Direct,125497
26-03-2018,58.3483,HDFC_Top100_Direct,125497
23-03-2018,57.8792,HDFC_Top100_Direct,125497
22-03-2018,58.3845,HDFC_Top100_Direct,125497
21-03-2018,59.2581,HDFC_Top100_Direct,125497
20-03-2018,59.0942,HDFC_Top100_Direct,125497
19-03-2018,59.1931,HDFC_Top100_Direct,125497
16-03-2018,60.1759,HDFC_Top100_Direct,125497
15-03-2018,60.6964,HDFC_Top100_Direct,125497
14-03-2018,60.3817,HDFC_Top100_Direct,125497
13-03-2018,60.5853,HDFC_Top100_Direct,125497
12-03-2018,59.9923,HDFC_Top100_Direct,125497
09-03-2018,59.6427,HDFC_Top100_Direct,125497
08-03-2018,59.6107,HDFC_Top100_Direct,125497
07-03-2018,59.7924,HDFC_Top100_Direct,125497
06-03-2018,60.7648,HDFC_Top100_Direct,125497
05-03-2018,61.4179,HDFC_Top100_Direct,125497
01-03-2018,62.2116,HDFC_Top100_Direct,125497
28-02-2018,62.2774,HDFC_Top100_Direct,125497
27-02-2018,62.4806,HDFC_Top100_Direct,125497
26-02-2018,62.7988,HDFC_Top100_Direct,125497
23-02-2018,62.211,HDFC_Top100_Direct,125497
22-02-2018,61.7289,HDFC_Top100_Direct,125497
21-02-2018,61.8416,HDFC_Top100_Direct,125497
20-02-2018,61.855,HDFC_Top100_Direct,125497
19-02-2018,61.7037,HDFC_Top100_Direct,125497
16-02-2018,62.6723,HDFC_Top100_Direct,125497
15-02-2018,63.6826,HDFC_Top100_Direct,125497
14-02-2018,64.5707,HDFC_Top100_Direct,125497
12-02-2018,64.4738,HDFC_Top100_Direct,125497
09-02-2018,63.9351,HDFC_Top100_Direct,125497
08-02-2018,63.7076,HDFC_Top100_Direct,125497
07-02-2018,62.36,HDFC_Top100_Direct,125497
06-02-2018,61.0687,HDFC_Top100_Direct,125497
05-02-2018,62.5391,HDFC_Top100_Direct,125497
02-02-2018,62.5129,HDFC_Top100_Direct,125497
01-02-2018,64.6604,HDFC_Top100_Direct,125497
31-01-2018,64.872,HDFC_Top100_Direct,125497
30-01-2018,65.2116,HDFC_Top100_Direct,125497
29-01-2018,65.4636,HDFC_Top100_Direct,125497
25-01-2018,65.9743,HDFC_Top100_Direct,125497
24-01-2018,66.4519,HDFC_Top100_Direct,125497
23-01-2018,67.2381,HDFC_Top100_Direct,125497
22-01-2018,67.6775,HDFC_Top100_Direct,125497
19-01-2018,67.0254,HDFC_Top100_Direct,125497
18-01-2018,66.4689,HDFC_Top100_Direct,125497
17-01-2018,67.8071,HDFC_Top100_Direct,125497
16-01-2018,67.6438,HDFC_Top100_Direct,125497
15-01-2018,69.0392,HDFC_Top100_Direct,125497
12-01-2018,68.8466,HDFC_Top100_Direct,125497
11-01-2018,68.7927,HDFC_Top100_Direct,125497
10-01-2018,68.6873,HDFC_Top100_Direct,125497
09-01-2018,68.6975,HDFC_Top100_Direct,125497
08-01-2018,69.0661,HDFC_Top100_Direct,125497
05-01-2018,68.8684,HDFC_Top100_Direct,125497
04-01-2018,67.8023,HDFC_Top100_Direct,125497
03-01-2018,67.0627,HDFC_Top100_Direct,125497
02-01-2018,65.5915,HDFC_Top100_Direct,125497
01-01-2018,66.1953,HDFC_Top100_Direct,125497
29-12-2017,66.1565,HDFC_Top100_Direct,125497
28-12-2017,66.3183,HDFC_Top100_Direct,125497
27-12-2017,66.0456,HDFC_Top100_Direct,125497
26-12-2017,66.0961,HDFC_Top100_Direct,125497
22-12-2017,66.208,HDFC_Top100_Direct,125497
21-12-2017,66.4699,HDFC_Top100_Direct,125497
20-12-2017,65.8782,HDFC_Top100_Direct,125497
19-12-2017,65.2296,HDFC_Top100_Direct,125497
18-12-2017,63.8694,HDFC_Top100_Direct,125497
15-12-2017,63.3238,HDFC_Top100_Direct,125497
14-12-2017,62.7841,HDFC_Top100_Direct,125497
13-12-2017,62.8065,HDFC_Top100_Direct,125497
12-12-2017,63.3879,HDFC_Top100_Direct,125497
11-12-2017,63.6318,HDFC_Top100_Direct,125497
08-12-2017,62.8436,HDFC_Top100_Direct,125497
07-12-2017,61.9916,HDFC_Top100_Direct,125497
06-12-2017,61.4633,HDFC_Top100_Direct,125497
05-12-2017,61.5105,HDFC_Top100_Direct,125497
04-12-2017,61.3177,HDFC_Top100_Direct,125497
01-12-2017,61.4989,HDFC_Top100_Direct,125497
30-11-2017,61.9529,HDFC_Top100_Direct,125497
29-11-2017,61.933,HDFC_Top100_Direct,125497
28-11-2017,61.8321,HDFC_Top100_Direct,125497
27-11-2017,61.2762,HDFC_Top100_Direct,125497
24-11-2017,61.0875,HDFC_Top100_Direct,125497
23-11-2017,60.5408,HDFC_Top100_Direct,125497
22-11-2017,60.0691,HDFC_Top100_Direct,125497
21-11-2017,59.6667,HDFC_Top100_Direct,125497
20-11-2017,59.2067,HDFC_Top100_Direct,125497
17-11-2017,58.6486,HDFC_Top100_Direct,125497
16-11-2017,58.0829,HDFC_Top100_Direct,125497
15-11-2017,57.2689,HDFC_Top100_Direct,125497
14-11-2017,57.9063,HDFC_Top100_Direct,125497
13-11-2017,57.8186,HDFC_Top100_Direct,125497
10-11-2017,57.7898,HDFC_Top100_Direct,125497
09-11-2017,58.0804,HDFC_Top100_Direct,125497
08-11-2017,57.2373,HDFC_Top100_Direct,125497
07-11-2017,57.5758,HDFC_Top100_Direct,125497
06-11-2017,57.8698,HDFC_Top100_Direct,125497
03-11-2017,57.5792,HDFC_Top100_Direct,125497
02-11-2017,56.6875,HDFC_Top100_Direct,125497
01-11-2017,55.8753,HDFC_Top100_Direct,125497
31-10-2017,55.4171,HDFC_Top100_Direct,125497
30-10-2017,55.0944,HDFC_Top100_Direct,125497
27-10-2017,54.5232,HDFC_Top100_Direct,125497
26-10-2017,54.1288,HDFC_Top100_Direct,125497
25-10-2017,53.9848,HDFC_Top100_Direct,125497
24-10-2017,54.5146,HDFC_Top100_Direct,125497
23-10-2017,54.3424,HDFC_Top100_Direct,125497
18-10-2017,54.4244,HDFC_Top100_Direct,125497
17-10-2017,54.5388,HDFC_Top100_Direct,125497
16-10-2017,54.2114,HDFC_Top100_Direct,125497
13-10-2017,54.1717,HDFC_Top100_Direct,125497
12-10-2017,53.9971,HDFC_Top100_Direct,125497
11-10-2017,53.678,HDFC_Top100_Direct,125497
10-10-2017,54.358,HDFC_Top100_Direct,125497
09-10-2017,53.9716,HDFC_Top100_Direct,125497
06-10-2017,53.8125,HDFC_Top100_Direct,125497
05-10-2017,53.4476,HDFC_Top100_Direct,125497
04-10-2017,53.2395,HDFC_Top100_Direct,125497
03-10-2017,52.3213,HDFC_Top100_Direct,125497
29-09-2017,51.961,HDFC_Top100_Direct,125497
28-09-2017,51.2362,HDFC_Top100_Direct,125497
27-09-2017,50.832,HDFC_Top100_Direct,125497
26-09-2017,51.6784,HDFC_Top100_Direct,125497
25-09-2017,51.0501,HDFC_Top100_Direct,125497
22-09-2017,51.5995,HDFC_Top100_Direct,125497
21-09-2017,53.3041,HDFC_Top100_Direct,125497
20-09-2017,53.3602,HDFC_Top100_Direct,125497
19-09-2017,52.9686,HDFC_Top100_Direct,125497
18-09-2017,52.3804,HDFC_Top100_Direct,125497
15-09-2017,51.7518,HDFC_Top100_Direct,125497
14-09-2017,51.3182,HDFC_Top100_Direct,125497
13-09-2017,50.6965,HDFC_Top100_Direct,125497
12-09-2017,51.0852,HDFC_Top100_Direct,125497
11-09-2017,50.7696,HDFC_Top100_Direct,125497
08-09-2017,50.5481,HDFC_Top100_Direct,125497
07-09-2017,50.479,HDFC_Top100_Direct,125497
06-09-2017,50.2949,HDFC_Top100_Direct,125497
05-09-2017,50.0883,HDFC_Top100_Direct,125497
04-09-2017,49.5888,HDFC_Top100_Direct,125497
01-09-2017,49.6448,HDFC_Top100_Direct,125497
31-08-2017,49.1482,HDFC_Top100_Direct,125497
30-08-2017,48.4861,HDFC_Top100_Direct,125497
29-08-2017,48.1384,HDFC_Top100_Direct,125497
28-08-2017,48.5392,HDFC_Top100_Direct,125497
24-08-2017,48.248,HDFC_Top100_Direct,125497
23-08-2017,48.1917,HDFC_Top100_Direct,125497
22-08-2017,47.9154,HDFC_Top100_Direct,125497
21-08-2017,47.7179,HDFC_Top100_Direct,125497
18-08-2017,48.3833,HDFC_Top100_Direct,125497
17-08-2017,48.7034,HDFC_Top100_Direct,125497
16-08-2017,48.3225,HDFC_Top100_Direct,125497
14-08-2017,47.737,HDFC_Top100_Direct,125497
11-08-2017,46.9331,HDFC_Top100_Direct,125497
10-08-2017,46.6004,HDFC_Top100_Direct,125497
09-08-2017,47.6533,HDFC_Top100_Direct,125497
08-08-2017,48.14,HDFC_Top100_Direct,125497
07-08-2017,48.5716,HDFC_Top100_Direct,125497
04-08-2017,48.1507,HDFC_Top100_Direct,125497
03-08-2017,48.0355,HDFC_Top100_Direct,125497
02-08-2017,48.434,HDFC_Top100_Direct,125497
01-08-2017,48.8185,HDFC_Top100_Direct,125497
31-07-2017,48.6537,HDFC_Top100_Direct,125497
28-07-2017,48.5811,HDFC_Top100_Direct,125497
27-07-2017,48.1589,HDFC_Top100_Direct,125497
26-07-2017,48.4663,HDFC_Top100_Direct,125497
25-07-2017,48.2663,HDFC_Top100_Direct,125497
24-07-2017,48.2489,HDFC_Top100_Direct,125497
21-07-2017,48.2629,HDFC_Top100_Direct,125497
20-07-2017,48.4308,HDFC_Top100_Direct,125497
19-07-2017,48.2322,HDFC_Top100_Direct,125497
18-07-2017,47.9429,HDFC_Top100_Direct,125497
17-07-2017,47.97,HDFC_Top100_Direct,125497
14-07-2017,47.7904,HDFC_Top100_Direct,125497
13-07-2017,48.2403,HDFC_Top100_Direct,125497
12-07-2017,47.981,HDFC_Top100_Direct,125497
11-07-2017,47.8999,HDFC_Top100_Direct,125497
10-07-2017,47.7571,HDFC_Top100_Direct,125497
07-07-2017,47.6689,HDFC_Top100_Direct,125497
06-07-2017,47.6048,HDFC_Top100_Direct,125497
05-07-2017,47.6057,HDFC_Top100_Direct,125497
04-07-2017,47.3041,HDFC_Top100_Direct,125497
03-07-2017,47.0864,HDFC_Top100_Direct,125497
30-06-2017,46.3484,HDFC_Top100_Direct,125497
29-06-2017,46.1769,HDFC_Top100_Direct,125497
28-06-2017,45.7199,HDFC_Top100_Direct,125497
27-06-2017,46.0949,HDFC_Top100_Direct,125497
23-06-2017,46.4126,HDFC_Top100_Direct,125497
22-06-2017,46.9542,HDFC_Top100_Direct,125497
21-06-2017,46.8016,HDFC_Top100_Direct,125497
20-06-2017,46.6247,HDFC_Top100_Direct,125497
19-06-2017,46.4924,HDFC_Top100_Direct,125497
16-06-2017,46.2799,HDFC_Top100_Direct,125497
15-06-2017,46.1215,HDFC_Top100_Direct,125497
14-06-2017,45.7899,HDFC_Top100_Direct,125497
13-06-2017,45.76,HDFC_Top100_Direct,125497
12-06-2017,45.6426,HDFC_Top100_Direct,125497
09-06-2017,45.3998,HDFC_Top100_Direct,125497
08-06-2017,45.3666,HDFC_Top100_Direct,125497
07-06-2017,45.2229,HDFC_Top100_Direct,125497
06-06-2017,44.8932,HDFC_Top100_Direct,125497
05-06-2017,45.12,HDFC_Top100_Direct,125497
02-06-2017,44.8693,HDFC_Top100_Direct,125497
01-06-2017,44.592,HDFC_Top100_Direct,125497
31-05-2017,44.5677,HDFC_Top100_Direct,125497
30-05-2017,44.2141,HDFC_Top100_Direct,125497
29-05-2017,44.4295,HDFC_Top100_Direct,125497
26-05-2017,44.8599,HDFC_Top100_Direct,125497
25-05-2017,44.2257,HDFC_Top100_Direct,125497
24-05-2017,43.3484,HDFC_Top100_Direct,125497
23-05-2017,44.0249,HDFC_Top100_Direct,125497
22-05-2017,44.866,HDFC_Top100_Direct,125497
19-05-2017,45.2431,HDFC_Top100_Direct,125497
18-05-2017,45.5892,HDFC_Top100_Direct,125497
17-05-2017,45.8048,HDFC_Top100_Direct,125497
16-05-2017,45.686,HDFC_Top100_Direct,125497
15-05-2017,45.6024,HDFC_Top100_Direct,125497
12-05-2017,45.1186,HDFC_Top100_Direct,125497
11-05-2017,45.5728,HDFC_Top100_Direct,125497
10-05-2017,45.8331,HDFC_Top100_Direct,125497
09-05-2017,45.4696,HDFC_Top100_Direct,125497
08-05-2017,45.2513,HDFC_Top100_Direct,125497
05-05-2017,44.9503,HDFC_Top100_Direct,125497
04-05-2017,45.0697,HDFC_Top100_Direct,125497
03-05-2017,44.8741,HDFC_Top100_Direct,125497
02-05-2017,44.8776,HDFC_Top100_Direct,125497
28-04-2017,44.9968,HDFC_Top100_Direct,125497
27-04-2017,44.964,HDFC_Top100_Direct,125497
26-04-2017,44.6934,HDFC_Top100_Direct,125497
25-04-2017,45.2974,HDFC_Top100_Direct,125497
24-04-2017,45.2712,HDFC_Top100_Direct,125497
21-04-2017,44.9958,HDFC_Top100_Direct,125497
20-04-2017,45.0012,HDFC_Top100_Direct,125497
19-04-2017,44.6032,HDFC_Top100_Direct,125497
18-04-2017,44.5612,HDFC_Top100_Direct,125497
17-04-2017,44.9619,HDFC_Top100_Direct,125497
13-04-2017,44.78,HDFC_Top100_Direct,125497
12-04-2017,44.8462,HDFC_Top100_Direct,125497
11-04-2017,45.0113,HDFC_Top100_Direct,125497
10-04-2017,44.7075,HDFC_Top100_Direct,125497
07-04-2017,44.3425,HDFC_Top100_Direct,125497
06-04-2017,44.6978,HDFC_Top100_Direct,125497
05-04-2017,44.5942,HDFC_Top100_Direct,125497
03-04-2017,43.2863,HDFC_Top100_Direct,125497
31-03-2017,42.7884,HDFC_Top100_Direct,125497
30-03-2017,42.691,HDFC_Top100_Direct,125497
29-03-2017,42.3573,HDFC_Top100_Direct,125497
28-03-2017,42.3497,HDFC_Top100_Direct,125497
27-03-2017,42.2659,HDFC_Top100_Direct,125497
24-03-2017,42.2284,HDFC_Top100_Direct,125497
23-03-2017,42.1719,HDFC_Top100_Direct,125497
22-03-2017,42.0026,HDFC_Top100_Direct,125497
21-03-2017,42.1456,HDFC_Top100_Direct,125497
20-03-2017,42.24,HDFC_Top100_Direct,125497
17-03-2017,41.9777,HDFC_Top100_Direct,125497
16-03-2017,41.8189,HDFC_Top100_Direct,125497
15-03-2017,41.3027,HDFC_Top100_Direct,125497
14-03-2017,41.304,HDFC_Top100_Direct,125497
10-03-2017,40.9816,HDFC_Top100_Direct,125497
09-03-2017,41.0732,HDFC_Top100_Direct,125497
08-03-2017,41.0006,HDFC_Top100_Direct,125497
07-03-2017,41.0703,HDFC_Top100_Direct,125497
06-03-2017,40.9656,HDFC_Top100_Direct,125497
03-03-2017,40.9417,HDFC_Top100_Direct,125497
02-03-2017,40.7713,HDFC_Top100_Direct,125497
01-03-2017,41.2422,HDFC_Top100_Direct,125497
28-02-2017,40.9008,HDFC_Top100_Direct,125497
27-02-2017,40.7685,HDFC_Top100_Direct,125497
23-02-2017,41.03,HDFC_Top100_Direct,125497
22-02-2017,40.9946,HDFC_Top100_Direct,125497
21-02-2017,41.2254,HDFC_Top100_Direct,125497
20-02-2017,41.1251,HDFC_Top100_Direct,125497
17-02-2017,40.8373,HDFC_Top100_Direct,125497
16-02-2017,40.8238,HDFC_Top100_Direct,125497
15-02-2017,40.3628,HDFC_Top100_Direct,125497
14-02-2017,41.0917,HDFC_Top100_Direct,125497
13-02-2017,41.2657,HDFC_Top100_Direct,125497
10-02-2017,41.2994,HDFC_Top100_Direct,125497
09-02-2017,40.9909,HDFC_Top100_Direct,125497
08-02-2017,40.9586,HDFC_Top100_Direct,125497
07-02-2017,40.9243,HDFC_Top100_Direct,125497
06-02-2017,40.7207,HDFC_Top100_Direct,125497
03-02-2017,40.3205,HDFC_Top100_Direct,125497
02-02-2017,39.6138,HDFC_Top100_Direct,125497
01-02-2017,39.5325,HDFC_Top100_Direct,125497
31-01-2017,39.1862,HDFC_Top100_Direct,125497
30-01-2017,39.3144,HDFC_Top100_Direct,125497
27-01-2017,39.5765,HDFC_Top100_Direct,125497
25-01-2017,39.3139,HDFC_Top100_Direct,125497
24-01-2017,39.1981,HDFC_Top100_Direct,125497
23-01-2017,38.7686,HDFC_Top100_Direct,125497
20-01-2017,38.6106,HDFC_Top100_Direct,125497
19-01-2017,38.9791,HDFC_Top100_Direct,125497
18-01-2017,38.8508,HDFC_Top100_Direct,125497
17-01-2017,38.5511,HDFC_Top100_Direct,125497
16-01-2017,38.3745,HDFC_Top100_Direct,125497
13-01-2017,38.1845,HDFC_Top100_Direct,125497
12-01-2017,38.1337,HDFC_Top100_Direct,125497
11-01-2017,38.2558,HDFC_Top100_Direct,125497
10-01-2017,38.0179,HDFC_Top100_Direct,125497
09-01-2017,37.8471,HDFC_Top100_Direct,125497
06-01-2017,37.6588,HDFC_Top100_Direct,125497
05-01-2017,37.6091,HDFC_Top100_Direct,125497
04-01-2017,37.3559,HDFC_Top100_Direct,125497
03-01-2017,37.2804,HDFC_Top100_Direct,125497
02-01-2017,36.945,HDFC_Top100_Direct,125497
30-12-2016,36.6631,HDFC_Top100_Direct,125497
29-12-2016,36.3282,HDFC_Top100_Direct,125497
28-12-2016,36.0955,HDFC_Top100_Direct,125497
27-12-2016,35.8987,HDFC_Top100_Direct,125497
26-12-2016,35.6034,HDFC_Top100_Direct,125497
23-12-2016,36.2255,HDFC_Top100_Direct,125497
22-12-2016,36.1526,HDFC_Top100_Direct,125497
21-12-2016,36.5384,HDFC_Top100_Direct,125497
20-12-2016,36.545,HDFC_Top100_Direct,125497
19-12-2016,36.945,HDFC_Top100_Direct,125497
16-12-2016,37.1271,HDFC_Top100_Direct,125497
15-12-2016,37.1506,HDFC_Top100_Direct,125497
14-12-2016,37.2921,HDFC_Top100_Direct,125497
13-12-2016,37.6478,HDFC_Top100_Direct,125497
12-12-2016,37.4765,HDFC_Top100_Direct,125497
09-12-2016,37.7144,HDFC_Top100_Direct,125497
08-12-2016,37.6893,HDFC_Top100_Direct,125497
07-12-2016,37.3837,HDFC_Top100_Direct,125497
06-12-2016,37.4778,HDFC_Top100_Direct,125497
05-12-2016,37.5993,HDFC_Top100_Direct,125497
02-12-2016,37.6241,HDFC_Top100_Direct,125497
01-12-2016,38.1715,HDFC_Top100_Direct,125497
30-11-2016,38.2132,HDFC_Top100_Direct,125497
29-11-2016,37.9466,HDFC_Top100_Direct,125497
28-11-2016,37.784,HDFC_Top100_Direct,125497
25-11-2016,37.3075,HDFC_Top100_Direct,125497
24-11-2016,36.8274,HDFC_Top100_Direct,125497
23-11-2016,36.6964,HDFC_Top100_Direct,125497
22-11-2016,36.3454,HDFC_Top100_Direct,125497
21-11-2016,36.0161,HDFC_Top100_Direct,125497
18-11-2016,37.4444,HDFC_Top100_Direct,125497
17-11-2016,37.079,HDFC_Top100_Direct,125497
16-11-2016,37.2673,HDFC_Top100_Direct,125497
15-11-2016,37.2816,HDFC_Top100_Direct,125497
11-11-2016,39.2286,HDFC_Top100_Direct,125497
10-11-2016,40.372,HDFC_Top100_Direct,125497
09-11-2016,39.7184,HDFC_Top100_Direct,125497
08-11-2016,40.2973,HDFC_Top100_Direct,125497
07-11-2016,40.3143,HDFC_Top100_Direct,125497
04-11-2016,39.8044,HDFC_Top100_Direct,125497
03-11-2016,40.5851,HDFC_Top100_Direct,125497
02-11-2016,41.034,HDFC_Top100_Direct,125497
01-11-2016,41.6575,HDFC_Top100_Direct,125497
28-10-2016,41.0564,HDFC_Top100_Direct,125497
27-10-2016,40.588,HDFC_Top100_Direct,125497
26-10-2016,40.5044,HDFC_Top100_Direct,125497
25-10-2016,40.6786,HDFC_Top100_Direct,125497
24-10-2016,40.4993,HDFC_Top100_Direct,125497
21-10-2016,40.0949,HDFC_Top100_Direct,125497
20-10-2016,40.2785,HDFC_Top100_Direct,125497
19-10-2016,40.2299,HDFC_Top100_Direct,125497
18-10-2016,40.0062,HDFC_Top100_Direct,125497
17-10-2016,39.6723,HDFC_Top100_Direct,125497
14-10-2016,39.9726,HDFC_Top100_Direct,125497
13-10-2016,39.7037,HDFC_Top100_Direct,125497
10-10-2016,40.4711,HDFC_Top100_Direct,125497
07-10-2016,40.2223,HDFC_Top100_Direct,125497
06-10-2016,39.8451,HDFC_Top100_Direct,125497
05-10-2016,39.9987,HDFC_Top100_Direct,125497
04-10-2016,39.6324,HDFC_Top100_Direct,125497
03-10-2016,39.4262,HDFC_Top100_Direct,125497
30-09-2016,38.6634,HDFC_Top100_Direct,125497
29-09-2016,37.6457,HDFC_Top100_Direct,125497
28-09-2016,38.8645,HDFC_Top100_Direct,125497
27-09-2016,38.6536,HDFC_Top100_Direct,125497
26-09-2016,38.5512,HDFC_Top100_Direct,125497
23-09-2016,38.6335,HDFC_Top100_Direct,125497
22-09-2016,38.4994,HDFC_Top100_Direct,125497
21-09-2016,37.8895,HDFC_Top100_Direct,125497
20-09-2016,37.8995,HDFC_Top100_Direct,125497
19-09-2016,37.7317,HDFC_Top100_Direct,125497
16-09-2016,37.5474,HDFC_Top100_Direct,125497
15-09-2016,37.5655,HDFC_Top100_Direct,125497
14-09-2016,37.4695,HDFC_Top100_Direct,125497
12-09-2016,37.1323,HDFC_Top100_Direct,125497
09-09-2016,37.8889,HDFC_Top100_Direct,125497
08-09-2016,38.0072,HDFC_Top100_Direct,125497
07-09-2016,37.7765,HDFC_Top100_Direct,125497
06-09-2016,37.9713,HDFC_Top100_Direct,125497
02-09-2016,37.7261,HDFC_Top100_Direct,125497
01-09-2016,37.547,HDFC_Top100_Direct,125497
31-08-2016,37.9673,HDFC_Top100_Direct,125497
30-08-2016,37.8232,HDFC_Top100_Direct,125497
29-08-2016,37.3338,HDFC_Top100_Direct,125497
26-08-2016,37.145,HDFC_Top100_Direct,125497
25-08-2016,37.1465,HDFC_Top100_Direct,125497
24-08-2016,37.0685,HDFC_Top100_Direct,125497
23-08-2016,36.8134,HDFC_Top100_Direct,125497
22-08-2016,36.7581,HDFC_Top100_Direct,125497
19-08-2016,36.761,HDFC_Top100_Direct,125497
18-08-2016,36.6979,HDFC_Top100_Direct,125497
17-08-2016,36.3047,HDFC_Top100_Direct,125497
16-08-2016,35.9908,HDFC_Top100_Direct,125497
12-08-2016,36.0147,HDFC_Top100_Direct,125497
11-08-2016,35.9288,HDFC_Top100_Direct,125497
10-08-2016,35.939,HDFC_Top100_Direct,125497
09-08-2016,36.3094,HDFC_Top100_Direct,125497
08-08-2016,36.5398,HDFC_Top100_Direct,125497
05-08-2016,36.4669,HDFC_Top100_Direct,125497
04-08-2016,36.1689,HDFC_Top100_Direct,125497
03-08-2016,35.9656,HDFC_Top100_Direct,125497
02-08-2016,36.3876,HDFC_Top100_Direct,125497
01-08-2016,36.5024,HDFC_Top100_Direct,125497
29-07-2016,36.8836,HDFC_Top100_Direct,125497
28-07-2016,36.7219,HDFC_Top100_Direct,125497
27-07-2016,36.4712,HDFC_Top100_Direct,125497
26-07-2016,36.7347,HDFC_Top100_Direct,125497
25-07-2016,36.9769,HDFC_Top100_Direct,125497
22-07-2016,36.6433,HDFC_Top100_Direct,125497
21-07-2016,36.5193,HDFC_Top100_Direct,125497
20-07-2016,36.5005,HDFC_Top100_Direct,125497
19-07-2016,36.1272,HDFC_Top100_Direct,125497
18-07-2016,36.3078,HDFC_Top100_Direct,125497
15-07-2016,36.3821,HDFC_Top100_Direct,125497
14-07-2016,36.3687,HDFC_Top100_Direct,125497
13-07-2016,35.8112,HDFC_Top100_Direct,125497
12-07-2016,35.7695,HDFC_Top100_Direct,125497
11-07-2016,35.8859,HDFC_Top100_Direct,125497
08-07-2016,35.747,HDFC_Top100_Direct,125497
07-07-2016,35.6973,HDFC_Top100_Direct,125497
05-07-2016,35.5532,HDFC_Top100_Direct,125497
04-07-2016,35.5248,HDFC_Top100_Direct,125497
01-07-2016,35.3909,HDFC_Top100_Direct,125497
30-06-2016,35.2551,HDFC_Top100_Direct,125497
29-06-2016,35.1004,HDFC_Top100_Direct,125497
28-06-2016,34.5703,HDFC_Top100_Direct,125497
27-06-2016,34.2331,HDFC_Top100_Direct,125497
24-06-2016,33.9007,HDFC_Top100_Direct,125497
23-06-2016,34.2001,HDFC_Top100_Direct,125497
22-06-2016,34.2584,HDFC_Top100_Direct,125497
21-06-2016,34.2368,HDFC_Top100_Direct,125497
20-06-2016,34.2823,HDFC_Top100_Direct,125497
17-06-2016,34.405,HDFC_Top100_Direct,125497
16-06-2016,34.26,HDFC_Top100_Direct,125497
15-06-2016,34.3849,HDFC_Top100_Direct,125497
14-06-2016,34.0845,HDFC_Top100_Direct,125497
13-06-2016,34.1257,HDFC_Top100_Direct,125497
10-06-2016,34.345,HDFC_Top100_Direct,125497
09-06-2016,34.2408,HDFC_Top100_Direct,125497
08-06-2016,34.5334,HDFC_Top100_Direct,125497
07-06-2016,34.4547,HDFC_Top100_Direct,125497
06-06-2016,34.0559,HDFC_Top100_Direct,125497
03-06-2016,33.8652,HDFC_Top100_Direct,125497
02-06-2016,33.9535,HDFC_Top100_Direct,125497
01-06-2016,33.793,HDFC_Top100_Direct,125497
31-05-2016,33.7683,HDFC_Top100_Direct,125497
30-05-2016,33.8423,HDFC_Top100_Direct,125497
27-05-2016,33.7237,HDFC_Top100_Direct,125497
26-05-2016,33.5544,HDFC_Top100_Direct,125497
25-05-2016,33.6057,HDFC_Top100_Direct,125497
24-05-2016,33.416,HDFC_Top100_Direct,125497
23-05-2016,33.6583,HDFC_Top100_Direct,125497
20-05-2016,33.6161,HDFC_Top100_Direct,125497
19-05-2016,33.8355,HDFC_Top100_Direct,125497
18-05-2016,34.3194,HDFC_Top100_Direct,125497
17-05-2016,34.2682,HDFC_Top100_Direct,125497
16-05-2016,34.214,HDFC_Top100_Direct,125497
13-05-2016,34.2819,HDFC_Top100_Direct,125497
12-05-2016,34.334,HDFC_Top100_Direct,125497
11-05-2016,33.9502,HDFC_Top100_Direct,125497
10-05-2016,33.8602,HDFC_Top100_Direct,125497
09-05-2016,34.0572,HDFC_Top100_Direct,125497
06-05-2016,33.8769,HDFC_Top100_Direct,125497
05-05-2016,33.9939,HDFC_Top100_Direct,125497
04-05-2016,33.7226,HDFC_Top100_Direct,125497
03-05-2016,34.0306,HDFC_Top100_Direct,125497
02-05-2016,34.0495,HDFC_Top100_Direct,125497
29-04-2016,34.1348,HDFC_Top100_Direct,125497
28-04-2016,34.1016,HDFC_Top100_Direct,125497
27-04-2016,34.3437,HDFC_Top100_Direct,125497
26-04-2016,34.1453,HDFC_Top100_Direct,125497
25-04-2016,33.9629,HDFC_Top100_Direct,125497
22-04-2016,34.001,HDFC_Top100_Direct,125497
21-04-2016,34.1677,HDFC_Top100_Direct,125497
20-04-2016,34.2725,HDFC_Top100_Direct,125497
18-04-2016,34.1922,HDFC_Top100_Direct,125497
13-04-2016,33.7693,HDFC_Top100_Direct,125497
12-04-2016,33.512,HDFC_Top100_Direct,125497
11-04-2016,33.3875,HDFC_Top100_Direct,125497
08-04-2016,33.065,HDFC_Top100_Direct,125497
07-04-2016,33.0194,HDFC_Top100_Direct,125497
06-04-2016,33.2317,HDFC_Top100_Direct,125497
05-04-2016,32.9295,HDFC_Top100_Direct,125497
04-04-2016,33.112,HDFC_Top100_Direct,125497
01-04-2016,32.6099,HDFC_Top100_Direct,125497
31-03-2016,32.3614,HDFC_Top100_Direct,125497
30-03-2016,32.3132,HDFC_Top100_Direct,125497
29-03-2016,31.9445,HDFC_Top100_Direct,125497
28-03-2016,31.8759,HDFC_Top100_Direct,125497
23-03-2016,32.2192,HDFC_Top100_Direct,125497
22-03-2016,31.8682,HDFC_Top100_Direct,125497
21-03-2016,31.9899,HDFC_Top100_Direct,125497
18-03-2016,31.5504,HDFC_Top100_Direct,125497
17-03-2016,31.3309,HDFC_Top100_Direct,125497
16-03-2016,31.2445,HDFC_Top100_Direct,125497
15-03-2016,31.1758,HDFC_Top100_Direct,125497
14-03-2016,31.3364,HDFC_Top100_Direct,125497
11-03-2016,31.0885,HDFC_Top100_Direct,125497
10-03-2016,31.0779,HDFC_Top100_Direct,125497
09-03-2016,31.0997,HDFC_Top100_Direct,125497
08-03-2016,31.0575,HDFC_Top100_Direct,125497
04-03-2016,31.114,HDFC_Top100_Direct,125497
03-03-2016,31.1097,HDFC_Top100_Direct,125497
02-03-2016,30.9607,HDFC_Top100_Direct,125497
01-03-2016,30.5287,HDFC_Top100_Direct,125497
29-02-2016,29.7635,HDFC_Top100_Direct,125497
26-02-2016,29.9406,HDFC_Top100_Direct,125497
25-02-2016,30.24,HDFC_Top100_Direct,125497
24-02-2016,30.265,HDFC_Top100_Direct,125497
23-02-2016,30.6836,HDFC_Top100_Direct,125497
22-02-2016,31.016,HDFC_Top100_Direct,125497
19-02-2016,31.1002,HDFC_Top100_Direct,125497
18-02-2016,31.0755,HDFC_Top100_Direct,125497
17-02-2016,30.7027,HDFC_Top100_Direct,125497
16-02-2016,30.4216,HDFC_Top100_Direct,125497
15-02-2016,31.0517,HDFC_Top100_Direct,125497
12-02-2016,30.1716,HDFC_Top100_Direct,125497
11-02-2016,30.4832,HDFC_Top100_Direct,125497
10-02-2016,31.6489,HDFC_Top100_Direct,125497
09-02-2016,32.0579,HDFC_Top100_Direct,125497
08-02-2016,32.1441,HDFC_Top100_Direct,125497
05-02-2016,32.187,HDFC_Top100_Direct,125497
04-02-2016,32.0113,HDFC_Top100_Direct,125497
03-02-2016,32.1505,HDFC_Top100_Direct,125497
02-02-2016,32.579,HDFC_Top100_Direct,125497
01-02-2016,32.6827,HDFC_Top100_Direct,125497
29-01-2016,32.5066,HDFC_Top100_Direct,125497
28-01-2016,32.3849,HDFC_Top100_Direct,125497
27-01-2016,32.3767,HDFC_Top100_Direct,125497
25-01-2016,32.3429,HDFC_Top100_Direct,125497
22-01-2016,32.1795,HDFC_Top100_Direct,125497
21-01-2016,31.4128,HDFC_Top100_Direct,125497
20-01-2016,31.3699,HDFC_Top100_Direct,125497
19-01-2016,31.9417,HDFC_Top100_Direct,125497
18-01-2016,31.6702,HDFC_Top100_Direct,125497
15-01-2016,32.8379,HDFC_Top100_Direct,125497
14-01-2016,33.6342,HDFC_Top100_Direct,125497
13-01-2016,33.9198,HDFC_Top100_Direct,125497
12-01-2016,34.5143,HDFC_Top100_Direct,125497
11-01-2016,35.1181,HDFC_Top100_Direct,125497
08-01-2016,35.1548,HDFC_Top100_Direct,125497
07-01-2016,34.6033,HDFC_Top100_Direct,125497
06-01-2016,35.5722,HDFC_Top100_Direct,125497
05-01-2016,35.9544,HDFC_Top100_Direct,125497
04-01-2016,35.7424,HDFC_Top100_Direct,125497
01-01-2016,36.0391,HDFC_Top100_Direct,125497
31-12-2015,35.7192,HDFC_Top100_Direct,125497
30-12-2015,35.4189,HDFC_Top100_Direct,125497
29-12-2015,35.1231,HDFC_Top100_Direct,125497
28-12-2015,34.9675,HDFC_Top100_Direct,125497
24-12-2015,34.6924,HDFC_Top100_Direct,125497
23-12-2015,34.4628,HDFC_Top100_Direct,125497
22-12-2015,34.2195,HDFC_Top100_Direct,125497
21-12-2015,34.167,HDFC_Top100_Direct,125497
18-12-2015,33.9321,HDFC_Top100_Direct,125497
17-12-2015,34.0463,HDFC_Top100_Direct,125497
16-12-2015,33.3913,HDFC_Top100_Direct,125497
15-12-2015,33.3962,HDFC_Top100_Direct,125497
14-12-2015,33.0979,HDFC_Top100_Direct,125497
11-12-2015,33.0682,HDFC_Top100_Direct,125497
10-12-2015,33.2474,HDFC_Top100_Direct,125497
09-12-2015,32.871,HDFC_Top100_Direct,125497
08-12-2015,33.2944,HDFC_Top100_Direct,125497
07-12-2015,33.6603,HDFC_Top100_Direct,125497
04-12-2015,33.694,HDFC_Top100_Direct,125497
03-12-2015,33.7975,HDFC_Top100_Direct,125497
02-12-2015,33.8327,HDFC_Top100_Direct,125497
01-12-2015,33.5186,HDFC_Top100_Direct,125497
30-11-2015,33.5197,HDFC_Top100_Direct,125497
27-11-2015,33.5568,HDFC_Top100_Direct,125497
26-11-2015,33.4275,HDFC_Top100_Direct,125497
24-11-2015,33.4978,HDFC_Top100_Direct,125497
23-11-2015,33.6307,HDFC_Top100_Direct,125497
20-11-2015,33.4842,HDFC_Top100_Direct,125497
19-11-2015,33.2648,HDFC_Top100_Direct,125497
18-11-2015,32.7862,HDFC_Top100_Direct,125497
17-11-2015,33.142,HDFC_Top100_Direct,125497
16-11-2015,32.8399,HDFC_Top100_Direct,125497
13-11-2015,32.8994,HDFC_Top100_Direct,125497
10-11-2015,32.8783,HDFC_Top100_Direct,125497
09-11-2015,33.0826,HDFC_Top100_Direct,125497
06-11-2015,32.6837,HDFC_Top100_Direct,125497
05-11-2015,32.938,HDFC_Top100_Direct,125497
04-11-2015,33.2605,HDFC_Top100_Direct,125497
03-11-2015,33.328,HDFC_Top100_Direct,125497
02-11-2015,32.949,HDFC_Top100_Direct,125497
30-10-2015,33.1814,HDFC_Top100_Direct,125497
29-10-2015,33.2373,HDFC_Top100_Direct,125497
28-10-2015,33.3372,HDFC_Top100_Direct,125497
27-10-2015,33.4053,HDFC_Top100_Direct,125497
26-10-2015,33.2641,HDFC_Top100_Direct,125497
23-10-2015,33.5274,HDFC_Top100_Direct,125497
21-10-2015,33.6267,HDFC_Top100_Direct,125497
20-10-2015,33.5605,HDFC_Top100_Direct,125497
19-10-2015,33.3166,HDFC_Top100_Direct,125497
16-10-2015,33.1072,HDFC_Top100_Direct,125497
15-10-2015,33.0744,HDFC_Top100_Direct,125497
14-10-2015,32.851,HDFC_Top100_Direct,125497
13-10-2015,32.8369,HDFC_Top100_Direct,125497
12-10-2015,32.7741,HDFC_Top100_Direct,125497
09-10-2015,32.8509,HDFC_Top100_Direct,125497
08-10-2015,32.787,HDFC_Top100_Direct,125497
07-10-2015,32.6458,HDFC_Top100_Direct,125497
06-10-2015,32.4971,HDFC_Top100_Direct,125497
05-10-2015,32.4891,HDFC_Top100_Direct,125497
01-10-2015,32.0303,HDFC_Top100_Direct,125497
30-09-2015,31.9449,HDFC_Top100_Direct,125497
29-09-2015,31.5525,HDFC_Top100_Direct,125497
28-09-2015,31.6127,HDFC_Top100_Direct,125497
24-09-2015,31.6004,HDFC_Top100_Direct,125497
23-09-2015,31.6956,HDFC_Top100_Direct,125497
22-09-2015,31.6014,HDFC_Top100_Direct,125497
21-09-2015,31.8795,HDFC_Top100_Direct,125497
18-09-2015,31.7435,HDFC_Top100_Direct,125497
16-09-2015,31.4122,HDFC_Top100_Direct,125497
15-09-2015,31.5174,HDFC_Top100_Direct,125497
14-09-2015,31.638,HDFC_Top100_Direct,125497
11-09-2015,31.3747,HDFC_Top100_Direct,125497
10-09-2015,31.2459,HDFC_Top100_Direct,125497
09-09-2015,31.1685,HDFC_Top100_Direct,125497
08-09-2015,30.8088,HDFC_Top100_Direct,125497
07-09-2015,30.8824,HDFC_Top100_Direct,125497
04-09-2015,31.2791,HDFC_Top100_Direct,125497
03-09-2015,31.5572,HDFC_Top100_Direct,125497
02-09-2015,31.3571,HDFC_Top100_Direct,125497
01-09-2015,31.4028,HDFC_Top100_Direct,125497
31-08-2015,31.9757,HDFC_Top100_Direct,125497
28-08-2015,32.0768,HDFC_Top100_Direct,125497
27-08-2015,32.1993,HDFC_Top100_Direct,125497
26-08-2015,31.2456,HDFC_Top100_Direct,125497
25-08-2015,31.1813,HDFC_Top100_Direct,125497
24-08-2015,31.2426,HDFC_Top100_Direct,125497
21-08-2015,33.1377,HDFC_Top100_Direct,125497
20-08-2015,33.2221,HDFC_Top100_Direct,125497
19-08-2015,33.8543,HDFC_Top100_Direct,125497
18-08-2015,33.6383,HDFC_Top100_Direct,125497
17-08-2015,33.3263,HDFC_Top100_Direct,125497
14-08-2015,33.1547,HDFC_Top100_Direct,125497
13-08-2015,32.6931,HDFC_Top100_Direct,125497
12-08-2015,32.7984,HDFC_Top100_Direct,125497
11-08-2015,33.3291,HDFC_Top100_Direct,125497
10-08-2015,33.7575,HDFC_Top100_Direct,125497
07-08-2015,33.7308,HDFC_Top100_Direct,125497
06-08-2015,33.7245,HDFC_Top100_Direct,125497
05-08-2015,34.118,HDFC_Top100_Direct,125497
04-08-2015,34.1317,HDFC_Top100_Direct,125497
03-08-2015,33.884,HDFC_Top100_Direct,125497
31-07-2015,33.6861,HDFC_Top100_Direct,125497
30-07-2015,33.2022,HDFC_Top100_Direct,125497
29-07-2015,33.1365,HDFC_Top100_Direct,125497
28-07-2015,33.0327,HDFC_Top100_Direct,125497
27-07-2015,33.1625,HDFC_Top100_Direct,125497
24-07-2015,33.1976,HDFC_Top100_Direct,125497
23-07-2015,33.5174,HDFC_Top100_Direct,125497
22-07-2015,33.1968,HDFC_Top100_Direct,125497
21-07-2015,33.0264,HDFC_Top100_Direct,125497
20-07-2015,33.5203,HDFC_Top100_Direct,125497
17-07-2015,33.3724,HDFC_Top100_Direct,125497
16-07-2015,33.357,HDFC_Top100_Direct,125497
15-07-2015,33.0081,HDFC_Top100_Direct,125497
14-07-2015,32.7785,HDFC_Top100_Direct,125497
13-07-2015,32.901,HDFC_Top100_Direct,125497
10-07-2015,32.8467,HDFC_Top100_Direct,125497
09-07-2015,32.7345,HDFC_Top100_Direct,125497
08-07-2015,32.7031,HDFC_Top100_Direct,125497
07-07-2015,32.8775,HDFC_Top100_Direct,125497
06-07-2015,32.4565,HDFC_Top100_Direct,125497
03-07-2015,31.7734,HDFC_Top100_Direct,125497
02-07-2015,31.5581,HDFC_Top100_Direct,125497
01-07-2015,31.4503,HDFC_Top100_Direct,125497
30-06-2015,31.1456,HDFC_Top100_Direct,125497
29-06-2015,30.6479,HDFC_Top100_Direct,125497
26-06-2015,31.0294,HDFC_Top100_Direct,125497
25-06-2015,31.0607,HDFC_Top100_Direct,125497
24-06-2015,30.9998,HDFC_Top100_Direct,125497
23-06-2015,30.8937,HDFC_Top100_Direct,125497
22-06-2015,30.7491,HDFC_Top100_Direct,125497
19-06-2015,30.5701,HDFC_Top100_Direct,125497
18-06-2015,30.4689,HDFC_Top100_Direct,125497
17-06-2015,30.0202,HDFC_Top100_Direct,125497
16-06-2015,29.497,HDFC_Top100_Direct,125497
15-06-2015,29.5041,HDFC_Top100_Direct,125497
12-06-2015,29.2746,HDFC_Top100_Direct,125497
11-06-2015,29.1922,HDFC_Top100_Direct,125497
10-06-2015,29.6228,HDFC_Top100_Direct,125497
09-06-2015,29.2003,HDFC_Top100_Direct,125497
08-06-2015,29.3979,HDFC_Top100_Direct,125497
05-06-2015,29.7033,HDFC_Top100_Direct,125497
04-06-2015,29.4409,HDFC_Top100_Direct,125497
03-06-2015,29.5373,HDFC_Top100_Direct,125497
02-06-2015,29.8851,HDFC_Top100_Direct,125497
01-06-2015,30.3029,HDFC_Top100_Direct,125497
29-05-2015,30.5261,HDFC_Top100_Direct,125497
28-05-2015,30.3566,HDFC_Top100_Direct,125497
27-05-2015,30.3406,HDFC_Top100_Direct,125497
26-05-2015,30.5493,HDFC_Top100_Direct,125497
25-05-2015,30.681,HDFC_Top100_Direct,125497
22-05-2015,30.8954,HDFC_Top100_Direct,125497
21-05-2015,30.8716,HDFC_Top100_Direct,125497
20-05-2015,30.9295,HDFC_Top100_Direct,125497
19-05-2015,31.0088,HDFC_Top100_Direct,125497
18-05-2015,31.1586,HDFC_Top100_Direct,125497
15-05-2015,31.0965,HDFC_Top100_Direct,125497
14-05-2015,30.5463,HDFC_Top100_Direct,125497
13-05-2015,30.4511,HDFC_Top100_Direct,125497
12-05-2015,30.1822,HDFC_Top100_Direct,125497
11-05-2015,30.6452,HDFC_Top100_Direct,125497
08-05-2015,29.884,HDFC_Top100_Direct,125497
07-05-2015,29.4468,HDFC_Top100_Direct,125497
06-05-2015,30.0312,HDFC_Top100_Direct,125497
05-05-2015,30.6932,HDFC_Top100_Direct,125497
04-05-2015,30.6068,HDFC_Top100_Direct,125497
30-04-2015,30.1525,HDFC_Top100_Direct,125497
29-04-2015,30.1521,HDFC_Top100_Direct,125497
28-04-2015,29.7529,HDFC_Top100_Direct,125497
27-04-2015,29.674,HDFC_Top100_Direct,125497
24-04-2015,30.2416,HDFC_Top100_Direct,125497
23-04-2015,30.9662,HDFC_Top100_Direct,125497
22-04-2015,31.0468,HDFC_Top100_Direct,125497
21-04-2015,31.0267,HDFC_Top100_Direct,125497
20-04-2015,31.0796,HDFC_Top100_Direct,125497
17-04-2015,31.798,HDFC_Top100_Direct,125497
16-04-2015,31.9168,HDFC_Top100_Direct,125497
15-04-2015,31.8726,HDFC_Top100_Direct,125497
13-04-2015,31.7364,HDFC_Top100_Direct,125497
10-04-2015,31.3292,HDFC_Top100_Direct,125497
09-04-2015,31.2433,HDFC_Top100_Direct,125497
08-04-2015,30.8106,HDFC_Top100_Direct,125497
07-04-2015,30.2953,HDFC_Top100_Direct,125497
06-04-2015,30.1584,HDFC_Top100_Direct,125497
01-04-2015,29.7949,HDFC_Top100_Direct,125497
31-03-2015,29.3347,HDFC_Top100_Direct,125497
30-03-2015,29.2627,HDFC_Top100_Direct,125497
27-03-2015,28.5473,HDFC_Top100_Direct,125497
26-03-2015,28.4267,HDFC_Top100_Direct,125497
25-03-2015,28.8366,HDFC_Top100_Direct,125497
24-03-2015,28.8295,HDFC_Top100_Direct,125497
23-03-2015,28.911,HDFC_Top100_Direct,125497
20-03-2015,29.392,HDFC_Top100_Direct,125497
19-03-2015,29.8192,HDFC_Top100_Direct,125497
18-03-2015,30.0143,HDFC_Top100_Direct,125497
17-03-2015,30.0579,HDFC_Top100_Direct,125497
16-03-2015,30.179,HDFC_Top100_Direct,125497
13-03-2015,30.2599,HDFC_Top100_Direct,125497
12-03-2015,30.686,HDFC_Top100_Direct,125497
11-03-2015,30.4375,HDFC_Top100_Direct,125497
10-03-2015,30.3725,HDFC_Top100_Direct,125497
09-03-2015,30.4317,HDFC_Top100_Direct,125497
05-03-2015,30.6428,HDFC_Top100_Direct,125497
04-03-2015,30.6349,HDFC_Top100_Direct,125497
03-03-2015,30.8045,HDFC_Top100_Direct,125497
02-03-2015,30.5216,HDFC_Top100_Direct,125497
27-02-2015,30.2262,HDFC_Top100_Direct,125497
26-02-2015,29.9507,HDFC_Top100_Direct,125497
25-02-2015,30.1089,HDFC_Top100_Direct,125497
24-02-2015,30.2175,HDFC_Top100_Direct,125497
23-02-2015,30.3222,HDFC_Top100_Direct,125497
20-02-2015,30.6869,HDFC_Top100_Direct,125497
19-02-2015,30.6178,HDFC_Top100_Direct,125497
18-02-2015,30.6868,HDFC_Top100_Direct,125497
16-02-2015,30.5344,HDFC_Top100_Direct,125497
13-02-2015,30.2844,HDFC_Top100_Direct,125497
12-02-2015,30.2611,HDFC_Top100_Direct,125497
11-02-2015,29.9083,HDFC_Top100_Direct,125497
10-02-2015,29.5782,HDFC_Top100_Direct,125497
09-02-2015,29.397,HDFC_Top100_Direct,125497
06-02-2015,29.7377,HDFC_Top100_Direct,125497
05-02-2015,30.2614,HDFC_Top100_Direct,125497
04-02-2015,30.6731,HDFC_Top100_Direct,125497
03-02-2015,30.7745,HDFC_Top100_Direct,125497
02-02-2015,30.6145,HDFC_Top100_Direct,125497
30-01-2015,30.5936,HDFC_Top100_Direct,125497
29-01-2015,30.7497,HDFC_Top100_Direct,125497
28-01-2015,30.7898,HDFC_Top100_Direct,125497
27-01-2015,30.5724,HDFC_Top100_Direct,125497
23-01-2015,30.4927,HDFC_Top100_Direct,125497
22-01-2015,30.7123,HDFC_Top100_Direct,125497
21-01-2015,30.714,HDFC_Top100_Direct,125497
20-01-2015,30.8184,HDFC_Top100_Direct,125497
19-01-2015,30.5172,HDFC_Top100_Direct,125497
16-01-2015,29.7293,HDFC_Top100_Direct,125497
15-01-2015,29.6991,HDFC_Top100_Direct,125497
14-01-2015,29.5028,HDFC_Top100_Direct,125497
13-01-2015,29.4388,HDFC_Top100_Direct,125497
12-01-2015,29.4713,HDFC_Top100_Direct,125497
09-01-2015,29.2834,HDFC_Top100_Direct,125497
08-01-2015,29.2325,HDFC_Top100_Direct,125497
07-01-2015,28.7345,HDFC_Top100_Direct,125497
06-01-2015,28.566,HDFC_Top100_Direct,125497
05-01-2015,29.3031,HDFC_Top100_Direct,125497
02-01-2015,29.4253,HDFC_Top100_Direct,125497
01-01-2015,29.3671,HDFC_Top100_Direct,125497
31-12-2014,29.2084,HDFC_Top100_Direct,125497
30-12-2014,28.5876,HDFC_Top100_Direct,125497
29-12-2014,28.1163,HDFC_Top100_Direct,125497
26-12-2014,27.5386,HDFC_Top100_Direct,125497
24-12-2014,27.4695,HDFC_Top100_Direct,125497
23-12-2014,27.4262,HDFC_Top100_Direct,125497
22-12-2014,27.439,HDFC_Top100_Direct,125497
19-12-2014,27.1556,HDFC_Top100_Direct,125497
18-12-2014,27.0853,HDFC_Top100_Direct,125497
17-12-2014,26.2936,HDFC_Top100_Direct,125497
16-12-2014,26.791,HDFC_Top100_Direct,125497
15-12-2014,27.3527,HDFC_Top100_Direct,125497
12-12-2014,27.4434,HDFC_Top100_Direct,125497
11-12-2014,27.739,HDFC_Top100_Direct,125497
10-12-2014,27.2901,HDFC_Top100_Direct,125497
09-12-2014,27.0266,HDFC_Top100_Direct,125497
08-12-2014,27.5153,HDFC_Top100_Direct,125497
05-12-2014,27.3359,HDFC_Top100_Direct,125497
04-12-2014,27.342,HDFC_Top100_Direct,125497
03-12-2014,27.0697,HDFC_Top100_Direct,125497
02-12-2014,26.5928,HDFC_Top100_Direct,125497
01-12-2014,26.2093,HDFC_Top100_Direct,125497
28-11-2014,26.2402,HDFC_Top100_Direct,125497
27-11-2014,26.0216,HDFC_Top100_Direct,125497
26-11-2014,25.6618,HDFC_Top100_Direct,125497
25-11-2014,25.3911,HDFC_Top100_Direct,125497
24-11-2014,25.896,HDFC_Top100_Direct,125497
21-11-2014,25.9891,HDFC_Top100_Direct,125497
20-11-2014,25.8923,HDFC_Top100_Direct,125497
19-11-2014,26.0641,HDFC_Top100_Direct,125497
18-11-2014,26.0028,HDFC_Top100_Direct,125497
17-11-2014,25.74,HDFC_Top100_Direct,125497
14-11-2014,25.4694,HDFC_Top100_Direct,125497
13-11-2014,25.3732,HDFC_Top100_Direct,125497
12-11-2014,25.2255,HDFC_Top100_Direct,125497
11-11-2014,24.92,HDFC_Top100_Direct,125497
10-11-2014,24.7095,HDFC_Top100_Direct,125497
07-11-2014,24.567,HDFC_Top100_Direct,125497
05-11-2014,24.6593,HDFC_Top100_Direct,125497
03-11-2014,24.5647,HDFC_Top100_Direct,125497
31-10-2014,24.3031,HDFC_Top100_Direct,125497
30-10-2014,24.2267,HDFC_Top100_Direct,125497
29-10-2014,24.2092,HDFC_Top100_Direct,125497
28-10-2014,24.0775,HDFC_Top100_Direct,125497
27-10-2014,23.9115,HDFC_Top100_Direct,125497
22-10-2014,23.8185,HDFC_Top100_Direct,125497
21-10-2014,23.54,HDFC_Top100_Direct,125497
20-10-2014,23.3913,HDFC_Top100_Direct,125497
17-10-2014,23.3519,HDFC_Top100_Direct,125497
16-10-2014,23.2763,HDFC_Top100_Direct,125497
14-10-2014,23.7147,HDFC_Top100_Direct,125497
13-10-2014,23.8232,HDFC_Top100_Direct,125497
10-10-2014,23.7407,HDFC_Top100_Direct,125497
09-10-2014,24.0814,HDFC_Top100_Direct,125497
08-10-2014,24.0609,HDFC_Top100_Direct,125497
07-10-2014,23.9234,HDFC_Top100_Direct,125497
01-10-2014,24.1597,HDFC_Top100_Direct,125497
30-09-2014,24.2982,HDFC_Top100_Direct,125497
29-09-2014,23.9932,HDFC_Top100_Direct,125497
26-09-2014,23.6912,HDFC_Top100_Direct,125497
25-09-2014,23.6113,HDFC_Top100_Direct,125497
24-09-2014,24.1531,HDFC_Top100_Direct,125497
23-09-2014,24.5235,HDFC_Top100_Direct,125497
22-09-2014,24.9688,HDFC_Top100_Direct,125497
19-09-2014,24.6537,HDFC_Top100_Direct,125497
18-09-2014,24.5974,HDFC_Top100_Direct,125497
17-09-2014,24.2051,HDFC_Top100_Direct,125497
16-09-2014,24.0716,HDFC_Top100_Direct,125497
15-09-2014,24.7489,HDFC_Top100_Direct,125497
12-09-2014,24.6248,HDFC_Top100_Direct,125497
11-09-2014,24.41,HDFC_Top100_Direct,125497
10-09-2014,23.8862,HDFC_Top100_Direct,125497
09-09-2014,23.6853,HDFC_Top100_Direct,125497
08-09-2014,23.31,HDFC_Top100_Direct,125497
05-09-2014,22.9624,HDFC_Top100_Direct,125497
04-09-2014,22.8661,HDFC_Top100_Direct,125497
03-09-2014,22.842,HDFC_Top100_Direct,125497
02-09-2014,22.6476,HDFC_Top100_Direct,125497
01-09-2014,22.5292,HDFC_Top100_Direct,125497
28-08-2014,22.1709,HDFC_Top100_Direct,125497
27-08-2014,22.0752,HDFC_Top100_Direct,125497
26-08-2014,21.6681,HDFC_Top100_Direct,125497
25-08-2014,21.7299,HDFC_Top100_Direct,125497
22-08-2014,21.898,HDFC_Top100_Direct,125497
21-08-2014,21.8125,HDFC_Top100_Direct,125497
20-08-2014,21.5099,HDFC_Top100_Direct,125497
19-08-2014,21.1964,HDFC_Top100_Direct,125497
18-08-2014,20.9437,HDFC_Top100_Direct,125497
14-08-2014,20.6268,HDFC_Top100_Direct,125497
13-08-2014,20.4227,HDFC_Top100_Direct,125497
12-08-2014,20.9523,HDFC_Top100_Direct,125497
11-08-2014,21.0294,HDFC_Top100_Direct,125497
08-08-2014,20.9051,HDFC_Top100_Direct,125497
07-08-2014,21.1366,HDFC_Top100_Direct,125497
06-08-2014,21.2068,HDFC_Top100_Direct,125497
05-08-2014,21.1792,HDFC_Top100_Direct,125497
04-08-2014,21.1423,HDFC_Top100_Direct,125497
01-08-2014,20.8274,HDFC_Top100_Direct,125497
31-07-2014,21.0652,HDFC_Top100_Direct,125497
30-07-2014,21.0491,HDFC_Top100_Direct,125497
28-07-2014,21.1246,HDFC_Top100_Direct,125497
25-07-2014,21.1489,HDFC_Top100_Direct,125497
24-07-2014,21.3216,HDFC_Top100_Direct,125497
23-07-2014,21.24,HDFC_Top100_Direct,125497
22-07-2014,21.363,HDFC_Top100_Direct,125497
21-07-2014,21.28,HDFC_Top100_Direct,125497
18-07-2014,20.8316,HDFC_Top100_Direct,125497
17-07-2014,20.8995,HDFC_Top100_Direct,125497
16-07-2014,20.4248,HDFC_Top100_Direct,125497
15-07-2014,19.9854,HDFC_Top100_Direct,125497
14-07-2014,19.7798,HDFC_Top100_Direct,125497
11-07-2014,19.8392,HDFC_Top100_Direct,125497
10-07-2014,20.1881,HDFC_Top100_Direct,125497
09-07-2014,20.1567,HDFC_Top100_Direct,125497
08-07-2014,20.4515,HDFC_Top100_Direct,125497
07-07-2014,20.9874,HDFC_Top100_Direct,125497
04-07-2014,20.7887,HDFC_Top100_Direct,125497
03-07-2014,20.539,HDFC_Top100_Direct,125497
02-07-2014,20.3994,HDFC_Top100_Direct,125497
01-07-2014,20.2237,HDFC_Top100_Direct,125497
30-06-2014,20.0705,HDFC_Top100_Direct,125497
27-06-2014,19.669,HDFC_Top100_Direct,125497
26-06-2014,19.5189,HDFC_Top100_Direct,125497
25-06-2014,19.3056,HDFC_Top100_Direct,125497
24-06-2014,19.1991,HDFC_Top100_Direct,125497
23-06-2014,19.1147,HDFC_Top100_Direct,125497
20-06-2014,19.1702,HDFC_Top100_Direct,125497
19-06-2014,19.1541,HDFC_Top100_Direct,125497
18-06-2014,19.2167,HDFC_Top100_Direct,125497
17-06-2014,19.0015,HDFC_Top100_Direct,125497
16-06-2014,18.7174,HDFC_Top100_Direct,125497
13-06-2014,18.7545,HDFC_Top100_Direct,125497
12-06-2014,18.9265,HDFC_Top100_Direct,125497
11-06-2014,18.7536,HDFC_Top100_Direct,125497
10-06-2014,18.9611,HDFC_Top100_Direct,125497
09-06-2014,18.8095,HDFC_Top100_Direct,125497
06-06-2014,18.5395,HDFC_Top100_Direct,125497
05-06-2014,18.2638,HDFC_Top100_Direct,125497
04-06-2014,18.0406,HDFC_Top100_Direct,125497
03-06-2014,17.7281,HDFC_Top100_Direct,125497
02-06-2014,17.7284,HDFC_Top100_Direct,125497
30-05-2014,17.5999,HDFC_Top100_Direct,125497
29-05-2014,17.6411,HDFC_Top100_Direct,125497
28-05-2014,17.7014,HDFC_Top100_Direct,125497
27-05-2014,17.4244,HDFC_Top100_Direct,125497
26-05-2014,17.2722,HDFC_Top100_Direct,125497
23-05-2014,17.5799,HDFC_Top100_Direct,125497
22-05-2014,17.6336,HDFC_Top100_Direct,125497
21-05-2014,17.3618,HDFC_Top100_Direct,125497
20-05-2014,17.0756,HDFC_Top100_Direct,125497
19-05-2014,16.6375,HDFC_Top100_Direct,125497
16-05-2014,16.3354,HDFC_Top100_Direct,125497
15-05-2014,16.2742,HDFC_Top100_Direct,125497
14-05-2014,16.3868,HDFC_Top100_Direct,125497
13-05-2014,16.318,HDFC_Top100_Direct,125497
12-05-2014,16.236,HDFC_Top100_Direct,125497
09-05-2014,16.2665,HDFC_Top100_Direct,125497
08-05-2014,16.2601,HDFC_Top100_Direct,125497
07-05-2014,16.2031,HDFC_Top100_Direct,125497
06-05-2014,16.2026,HDFC_Top100_Direct,125497
05-05-2014,16.1466,HDFC_Top100_Direct,125497
02-05-2014,16.1784,HDFC_Top100_Direct,125497
30-04-2014,16.194,HDFC_Top100_Direct,125497
29-04-2014,16.4239,HDFC_Top100_Direct,125497
28-04-2014,16.3857,HDFC_Top100_Direct,125497
25-04-2014,16.2714,HDFC_Top100_Direct,125497
23-04-2014,16.2362,HDFC_Top100_Direct,125497
22-04-2014,16.1917,HDFC_Top100_Direct,125497
21-04-2014,16.061,HDFC_Top100_Direct,125497
17-04-2014,15.9681,HDFC_Top100_Direct,125497
16-04-2014,15.8341,HDFC_Top100_Direct,125497
15-04-2014,15.959,HDFC_Top100_Direct,125497
11-04-2014,15.8805,HDFC_Top100_Direct,125497
10-04-2014,15.7832,HDFC_Top100_Direct,125497
09-04-2014,15.7721,HDFC_Top100_Direct,125497
07-04-2014,15.7238,HDFC_Top100_Direct,125497
04-04-2014,15.6554,HDFC_Top100_Direct,125497
03-04-2014,15.5016,HDFC_Top100_Direct,125497
02-04-2014,15.5261,HDFC_Top100_Direct,125497
01-04-2014,15.3236,HDFC_Top100_Direct,125497
31-03-2014,15.2761,HDFC_Top100_Direct,125497
28-03-2014,15.1698,HDFC_Top100_Direct,125497
27-03-2014,15.016,HDFC_Top100_Direct,125497
26-03-2014,15.0172,HDFC_Top100_Direct,125497
25-03-2014,15.017,HDFC_Top100_Direct,125497
24-03-2014,14.9833,HDFC_Top100_Direct,125497
21-03-2014,14.9389,HDFC_Top100_Direct,125497
20-03-2014,14.8045,HDFC_Top100_Direct,125497
19-03-2014,14.7118,HDFC_Top100_Direct,125497
18-03-2014,14.7961,HDFC_Top100_Direct,125497
14-03-2014,14.6527,HDFC_Top100_Direct,125497
13-03-2014,14.7121,HDFC_Top100_Direct,125497
12-03-2014,14.7175,HDFC_Top100_Direct,125497
11-03-2014,14.6449,HDFC_Top100_Direct,125497
10-03-2014,14.5576,HDFC_Top100_Direct,125497
07-03-2014,14.5275,HDFC_Top100_Direct,125497
06-03-2014,14.6678,HDFC_Top100_Direct,125497
05-03-2014,14.5448,HDFC_Top100_Direct,125497
04-03-2014,14.4166,HDFC_Top100_Direct,125497
03-03-2014,14.2753,HDFC_Top100_Direct,125497
28-02-2014,14.2102,HDFC_Top100_Direct,125497
26-02-2014,14.1733,HDFC_Top100_Direct,125497
25-02-2014,14.2704,HDFC_Top100_Direct,125497
24-02-2014,14.1905,HDFC_Top100_Direct,125497
21-02-2014,14.037,HDFC_Top100_Direct,125497
20-02-2014,13.8913,HDFC_Top100_Direct,125497
19-02-2014,13.801,HDFC_Top100_Direct,125497
18-02-2014,13.6801,HDFC_Top100_Direct,125497
17-02-2014,13.6423,HDFC_Top100_Direct,125497
14-02-2014,13.5948,HDFC_Top100_Direct,125497
13-02-2014,13.678,HDFC_Top100_Direct,125497
12-02-2014,13.6874,HDFC_Top100_Direct,125497
11-02-2014,13.6983,HDFC_Top100_Direct,125497
10-02-2014,13.7402,HDFC_Top100_Direct,125497
07-02-2014,13.5552,HDFC_Top100_Direct,125497
06-02-2014,13.5883,HDFC_Top100_Direct,125497
05-02-2014,13.5431,HDFC_Top100_Direct,125497
04-02-2014,13.4717,HDFC_Top100_Direct,125497
03-02-2014,13.4995,HDFC_Top100_Direct,125497
31-01-2014,13.6059,HDFC_Top100_Direct,125497
30-01-2014,13.4661,HDFC_Top100_Direct,125497
29-01-2014,13.4977,HDFC_Top100_Direct,125497
28-01-2014,13.5678,HDFC_Top100_Direct,125497
27-01-2014,13.6829,HDFC_Top100_Direct,125497
24-01-2014,13.8688,HDFC_Top100_Direct,125497
23-01-2014,13.9537,HDFC_Top100_Direct,125497
22-01-2014,13.9302,HDFC_Top100_Direct,125497
21-01-2014,13.8659,HDFC_Top100_Direct,125497
20-01-2014,13.8144,HDFC_Top100_Direct,125497
17-01-2014,13.7841,HDFC_Top100_Direct,125497
16-01-2014,14.0042,HDFC_Top100_Direct,125497
15-01-2014,14.0209,HDFC_Top100_Direct,125497
14-01-2014,13.8249,HDFC_Top100_Direct,125497
13-01-2014,13.7909,HDFC_Top100_Direct,125497
10-01-2014,13.8143,HDFC_Top100_Direct,125497
09-01-2014,13.8644,HDFC_Top100_Direct,125497
08-01-2014,14.0081,HDFC_Top100_Direct,125497
07-01-2014,13.9214,HDFC_Top100_Direct,125497
06-01-2014,13.8568,HDFC_Top100_Direct,125497
03-01-2014,13.8494,HDFC_Top100_Direct,125497
02-01-2014,13.7553,HDFC_Top100_Direct,125497
01-01-2014,13.7418,HDFC_Top100_Direct,125497
31-12-2013,13.7277,HDFC_Top100_Direct,125497
30-12-2013,13.5862,HDFC_Top100_Direct,125497
27-12-2013,13.5024,HDFC_Top100_Direct,125497
26-12-2013,13.4811,HDFC_Top100_Direct,125497
24-12-2013,13.2683,HDFC_Top100_Direct,125497
23-12-2013,13.1886,HDFC_Top100_Direct,125497
20-12-2013,13.1776,HDFC_Top100_Direct,125497
19-12-2013,13.1392,HDFC_Top100_Direct,125497
18-12-2013,13.0672,HDFC_Top100_Direct,125497
17-12-2013,12.9569,HDFC_Top100_Direct,125497
16-12-2013,13.0345,HDFC_Top100_Direct,125497
13-12-2013,12.9891,HDFC_Top100_Direct,125497
12-12-2013,13.0021,HDFC_Top100_Direct,125497
11-12-2013,13.0129,HDFC_Top100_Direct,125497
10-12-2013,13.0325,HDFC_Top100_Direct,125497
09-12-2013,13.0282,HDFC_Top100_Direct,125497
06-12-2013,13.0439,HDFC_Top100_Direct,125497
05-12-2013,13.0319,HDFC_Top100_Direct,125497
04-12-2013,12.9799,HDFC_Top100_Direct,125497
03-12-2013,13.0048,HDFC_Top100_Direct,125497
02-12-2013,13.0012,HDFC_Top100_Direct,125497
29-11-2013,12.9509,HDFC_Top100_Direct,125497
28-11-2013,12.8773,HDFC_Top100_Direct,125497
27-11-2013,12.8389,HDFC_Top100_Direct,125497
26-11-2013,12.8591,HDFC_Top100_Direct,125497
25-11-2013,12.8548,HDFC_Top100_Direct,125497
22-11-2013,12.7775,HDFC_Top100_Direct,125497
21-11-2013,12.7957,HDFC_Top100_Direct,125497
20-11-2013,12.9549,HDFC_Top100_Direct,125497
19-11-2013,13.1068,HDFC_Top100_Direct,125497
18-11-2013,13.0894,HDFC_Top100_Direct,125497
